id,datetime,,user_question,bot_response
cthr_68f74751d67081979847e2db8a54d1e009bb59e22b99e338,2025-10-21 08:41,ID Verification Essentials,Do I need id?,"Yes. You must bring valid photo ID with a photo to be allowed to take the exam. If you do not show valid ID at the start, you cannot sit the exam . The exam staff accepts these types of ID: passport, Norwegian national ID card, Norwegian driving licence issued after 01.01.1998 (including the digital licence), Norwegian residence card, Armed Forces ID, EEA/EFTA ID cards, driving licences from Denmark/Sweden/Finland/Iceland, Norwegian refugee travel document, and Norwegian immigrant’s passport (not valid if issued for a single trip). Copies or expired ID are not accepted . If you arrive late or have forgotten your ID, you will not be allowed to take the exam .

Denne informasjonen gjelder privatisteksamen. Les mer på www.telemarkfylke.no
Denne responsen er KI-generert og kan inneholde feil."
cthr_68f74b294ff88196b5be9da09a831184061af6f76d4215e9,2025-10-21 08:58,Greeting with AI Assistant,hei,"Ikke relevant

Denne informasjonen gjelder privatisteksamen. Les mer på www.telemarkfylke.no
Dette svaret er KI-generert og kan inneholde feil."
cthr_68f74b3beb6c81979e6a20b3bd4f09010f834bb870994497,2025-10-21 08:58,Priser for eksamen,Hva koster en eksamen,"For privatisteksamen er prisen:
- 1 356 kroner per eksamen når du ikke har standpunkt/eksamenskarakter i faget, eller hvis du har strøket (fått karakter 1) som elev eller privatist .
- 2 713 kroner per eksamen hvis du vil forbedre et fag du allerede har bestått som elev eller privatist .

Viktig å vite:
- Språkfag har to eksamener (skriftlig og muntlig) og du betaler to avgifter. I norsk er det tre eksamener (hovedmål, sidemål og muntlig), og du betaler tre avgifter. I realfag på nivå 2 (for eksempel fysikk 2, kjemi 2, biologi 2) betaler du to avgifter (skriftlig og muntlig-praktisk) .
- Betaling skjer i Privatistportalen, og oppmeldingen er ikke gyldig før du har betalt innen fristen. Etter oppmeldingsfristen får du ikke refundert avgiften hvis du trekker deg .

Denne informasjonen gjelder privatisteksamen. Les mer på www.telemarkfylke.no
Dette svaret er KI-generert og kan inneholde feil."
cthr_68f74b3beb6c81979e6a20b3bd4f09010f834bb870994497,2025-10-21 09:05,Priser for eksamen,når er det mulig å melde seg opp til privatisteksamen?,"Du kan melde deg opp i Privatistportalen i disse periodene:
- Høsteksamen: 1. september til 15. september (stenger kl. 23:55)
- Våreksamen: 15. januar til 1. februar (stenger kl. 23:55) 

Merk:
- Oppmeldingen er ikke gyldig før du har betalt eksamensavgiften innen fristen.
- Du kan ikke melde deg opp i flere fylker i samme eksamensperiode .

Denne informasjonen gjelder privatisteksamen. Les mer på www.telemarkfylke.no
Dette svaret er KI-generert og kan inneholde feil."
cthr_68f74b3ffe548195b61db703eb0e01e80fe92b01bdc0671f,2025-10-21 08:58,Dato for matteeksamen,når er matteeksamen,"Skriftlig matteeksamen for privatister gjennomføres to ganger i året: i november–desember (høst) og april–juni (vår) . Selve eksamensdatoen for matematikk ser du i Privatistportalen når du melder deg opp, og Udir har også oversikter over eksamensdatoer . For muntlig/muntlig-praktisk eksamen (der det er aktuelt) publiseres dato i Privatistportalen rundt 1. november for høst og 1. april for vår .

Denne informasjonen gjelder privatisteksamen. Les mer på www.telemarkfylke.no
Dette svaret er KI-generert og kan inneholde feil."
cthr_68f74bb574308195845a39caa8532df7035773cc8d88fcc4,2025-10-21 09:00,Veiledning for fagvalg,Jeg ønsker å ta opp fag,"Så bra! Her er en enkel oversikt over hvordan du tar opp fag som privatist i Telemark:

Slik melder du deg opp
- Gå inn i Privatistportalen med ID-porten, velg fag og betal i løsningen. Oppmeldingen er gyldig først når betalingen er registrert. Frister: 1.–15. september for høst, og 15. januar–1. februar for vår (stenger kl. 23.55) .
- Er du usikker på riktig fagkode, kan du kontakte eksamenskontoret. Du har ansvar for å velge riktig fagkode selv .

Pris
- 1 356 kroner per eksamen hvis du mangler standpunkt/eksamenskarakter, eller har karakter 1.
- 2 713 kroner per eksamen hvis du vil forbedre en bestått karakter.
- Språkfag: du betaler for både skriftlig og muntlig. Norsk: tre avgifter (hovedmål, sidemål, muntlig). Realfag nivå 2 (for eksempel fysikk 2): både skriftlig og muntlig-praktisk. Betalt avgift refunderes ikke etter fristen .

Viktige fagregler
- Språkfag: du må ha både skriftlig og muntlig for å få faget godkjent. I språk med to standpunktkarakterer kan du forbedre bare den ene delen som privatist.
- Realfag 2 (biologi 2, fysikk 2, kjemi 2, geofag 2, IT 2, teknologi og forskningslære 2): du må melde deg opp til både skriftlig og muntlig-praktisk .

Tid og sted for eksamen
- Høst: november–desember. Vår: april–juni. Muntlig og muntlig-praktisk publiseres i Privatistportalen ca. 1. november/1. april og holdes hovedsakelig på Skien videregående skole. Skriftlig er vanligvis i Porsgrunn Tennishall. Datoer og sted finner du i Privatistportalen. Du kan ikke bytte oppsatt dato/sted .

Tilrettelegging og fritak
- Du kan søke om tilrettelegging ved dokumentert behov. Eksempler er utvidet tid eller skjermet plass. Husk å søke innen frist og legge ved dokumentasjon  .
- Fritak for skriftlig sidemål kan være mulig for privatister i noen tilfeller. Søknadsfrister: 25. september (høst) og 10. februar (vår) .
- Norsk for språklige minoriteter med kort botid kan være aktuelt hvis du oppfyller vilkårene. Eksamenskontoret sjekker dokumentasjonen din .

Etter eksamen
- Skriftlige karakterer publiseres i Privatistportalen 19. juni (vår) og 4. januar (høst). Muntlige/munnlig-praktiske/praktiske publiseres kort tid etter eksamensdagen .
- Trenger du kompetansebevis eller nytt vitnemål (for å få privatistkarakterer inn på vitnemålet), bestiller du via fylkets nettsider. Frist mot Samordna opptak: 1. juli, bestill senest 20. juni for vår .

Kan du si hvilke fag du vil ta opp? Da kan jeg gi deg mer presise råd om fagkode, eksamensform og hva du bør melde deg opp til.

Denne informasjonen gjelder privatisteksamen. Les mer på www.telemarkfylke.no
Svar fra KI – kan inneholde feil."
cthr_68f74bb574308195845a39caa8532df7035773cc8d88fcc4,2025-10-21 09:02,Veiledning for fagvalg,hva koster det å ta eksamen?,"Eksamensavgiften for privatisteksamen er:
- 1 356 kroner per eksamen hvis du mangler standpunkt/eksamenskarakter, eller har karakter 1 fra før 【】.
- 2 713 kroner per eksamen hvis du vil forbedre en bestått karakter 【】.

Viktige unntak:
- Språkfag: du betaler to ganger (skriftlig og muntlig) 【】.
- Norsk: du betaler tre ganger (hovedmål, sidemål og muntlig) 【】.
- Realfag nivå 2 (for eksempel fysikk 2/kjemi 2): du betaler to ganger (skriftlig og muntlig-praktisk) 【】.

Betaling og frister:
- Betales med kort i Privatistportalen. Oppmeldingen er ikke gyldig før du har betalt, og betaling må skje innen oppmeldingsfristen. Betalt avgift refunderes ikke etter fristen 【】.
- Prisene fastsettes årlig i statsbudsjettet 【】.

Ønsker du at jeg regner ut total kostnad for ett bestemt fag (eller flere)? Si hvilke fag du planlegger.

Denne informasjonen gjelder privatisteksamen. Les mer på www.telemarkfylke.no
Svar fra KI – kan inneholde feil."
cthr_68f7570c819881969333d3279beceb110b77c2fe70519673,2025-10-21 09:49,Veiledning til skriftlig privatist,skriftlig privatist,"Her er kort info om skriftlig privatisteksamen:

- Oppmelding og frister: Du melder deg opp i Privatistportalen. Frister er 1.–15. september for høst og 15. januar–1. februar for vår. Oppmeldingen er gyldig først når du har betalt i portalen .
- Dato og sted: Eksamensdato får du når du melder deg opp. Skriftlig eksamen arrangeres hovedsakelig i Porsgrunn Tennishall. Oppmøte kl. 08.00 .
- Legitimasjon: Du må vise gyldig legitimasjon for å få ta eksamen (for eksempel pass, norsk ID-kort eller førerkort). Mangler du gyldig legitimasjon, får du ikke gjennomføre eksamen .
- Forberedelsesdel: Noen fag har forberedelsesdag. Da publiseres forberedelsen på udir.no fra kl. 09.00 den dagen .
- Bruk av PC og innlevering: Du må ta med egen PC som fungerer uten internett, med skriveprogram installert lokalt. Nettbaserte skriveprogram fungerer ikke. I todelte eksamener (for eksempel matematikk, biologi 2, fysikk 2, kjemi 2, samfunnsøkonomi 2) leveres del 1 på papir, del 2 kan leveres elektronisk eller på papir. Pålogging skjer via kandidat.udir.no ved oppstart i lokalet .
- Tilrettelegging: Du kan søke om tilrettelegging (for eksempel utvidet tid eller skjermet plass). Du søker i Privatistportalen etter at du har meldt deg opp og betalt. Frister: 25. september (høst) og 10. februar (vår) .
- Sykdom/ikke møtt: Blir du syk eller har en gyldig grunn til å ikke møte, kan du søke om utsatt eksamen innen 10 virkedager og laste opp dokumentasjon (for eksempel legeerklæring). Innvilget utsatt eksamen flytter deg til neste eksamensperiode .
- Etter eksamen – karakter og klage: Ved skriftlig eksamen kan du klage i Privatistportalen innen 10 dager etter at karakteren er synlig. Karakteren kan bli satt opp, ned eller stå uendret. Om våren finnes også hurtigklage i enkelte fag med egen frist. Du har ikke krav på begrunnelse for skriftlig karakter   .

Ønsker du detaljer for et bestemt fag (dato, hjelpemidler eller oppbygning), si gjerne hvilket fag, så får du tilpasset informasjon.

Denne informasjonen gjelder privatisteksamen. Les mer på www.telemarkfylke.no
Dette svaret er KI-generert og kan inneholde feil."
cthr_68f7570c819881969333d3279beceb110b77c2fe70519673,2025-10-21 09:51,Veiledning til skriftlig privatist,må jeg bruke egen pc?,"Ja. Du må bruke egen PC på skriftlig privatisteksamen. Fylket anbefaler ikke nettbrett eller Chromebook. PC-en må ha:
- trådløst nettverkskort
- skriveprogram installert lokalt som virker uten internett (ikke skyløsninger som Office 365/Google)
- oppdatert programvare du kan bruke uten hjelp på eksamensdagen

På todelte eksamener (f.eks. matematikk, biologi 2, fysikk 2, kjemi 2, samfunnsøkonomi 2) leveres del 1 på papir, mens del 2 kan leveres elektronisk eller på papir. Pålogging skjer via kandidat.udir.no i eksamenslokalet .

Denne informasjonen gjelder privatisteksamen. Les mer på www.telemarkfylke.no
Dette svaret er KI-generert og kan inneholde feil."
cthr_68f75cd3f66481938474efeacbff264405ecf2dcd958a044,2025-10-21 10:13,Eksamen angst med AI,jeg gruer meg til eksamen,"Det er helt normalt å grue seg. Ofte hjelper det å vite hva som faktisk skjer på eksamensdagen, og hva du kan gjøre på forhånd.

Dette kan du forvente:
- Muntlig eksamen: 30 minutter forberedelse, der du kan ta notater du får bruke under hele eksamen. Selve eksamen varer inntil 30 minutter. Du kan velge å starte med en kort innledning, eller gå rett i fagsamtale. Det er kompetansen du viser under eksamen som teller .  
- Muntlig-praktisk eksamen: 45 minutter forberedelse, og inntil 45 minutter eksamen. Det inngår en praktisk del, og du vurderes etter kompetansemålene i faget .  
- Skriftlig eksamen: For de fleste foregår dette i Porsgrunn Tennishall, med oppmøte kl. 08.00. Du må ha gyldig legitimasjon – uten det får du ikke gjennomføre. Beregn litt ventetid og tid til parkering .  
- Hjelpemidler: Regler varierer. På eksamen med begrenset internett er noen nettbaserte hjelpemidler tillatt, men kommunikasjon og bruk av kunstig intelligens er ikke lov. Sjekk krav til ditt fag på kandidat.udir og møt forberedt på eget eksamensnett og eget utstyr .

Slik kan du forberede deg rolig og målrettet:
- Les kompetansemålene i læreplanen for faget – det er disse du vurderes etter .  
- Bruk eksamensveiledninger og tidligere gitte oppgaver for å se hva det legges vekt på. Tidligere oppgaver ligger på udir.no (passord: Eksamen)  .  
- Til muntlig/muntlig-praktisk: Øv på en kort innledning og på å snakke rundt et tema, og bruk forberedelsestiden til å lage tydelige notater du kan støtte deg på under eksamen .  
- Praktiske tips: Ta med gyldig legitimasjon, møt i god tid, og sjekk om du trenger hodetelefoner eller spesialtastatur i språkfag. Hodetelefoner kan brukes etter reglene som er gitt  .

Hvis du trenger tilpasninger:
- Du kan søke om tilrettelegging (for eksempel utvidet tid eller skjermet plass) hvis du har dokumentert behov. Frister: 25. september (høst) og 10. februar (vår). Søknad sendes i Privatistportalen med nødvendig dokumentasjon  .

Hvis du blir syk:
- Blir du syk og ikke kan møte, kan du ha rett til utsatt eksamen hvis du sender inn dokumentasjon innen 10 virkedager via skjema på fylkets nettsider. Blir du syk under eksamen, gi beskjed til eksamensvakten med en gang .

Mange opplever at uro roer seg når de vet rammene, har en enkel plan, og møter i god tid. Ønsker du, kan jeg hjelpe deg å lage en kort sjekkliste for ditt fag.

Denne informasjonen gjelder privatisteksamen. Les mer på www.telemarkfylke.no
Dette svaret er KI-generert og kan inneholde feil."
cthr_68f76a6d05c88193b853d5b597285a77079ea818bb51d31a,2025-10-21 11:11,AI i eksamenssamtale,kan jeg bruke ki på eksamen,"Kort svar: Nei, du kan ikke bruke KI under selve eksamen.

- Skriftlig eksamen og eksamener med begrenset internett: Det er ikke lov å bruke kunstig intelligens til å lage innhold i besvarelsen. Dette regnes som ulovlig hjelpemiddel og kommunikasjon  .
- Juks: Å bruke chatbot eller tilsvarende teknologi regnes som juks. Konsekvensen kan være at eksamen blir annullert, og at du må vente minst ett år før du kan gå opp i faget igjen  .
- Muntlig/muntlig-praktisk: I forberedelsestiden er digitale verktøy og åpent internett tillatt, men under selve eksamen kan du kun bruke notatene du laget i forberedelsen. Ikke bruk KI under selve eksamen .

Denne informasjonen gjelder privatisteksamen. Les mer på www.telemarkfylke.no
Denne responsen er KI-generert og kan inneholde feil."
cthr_68f76d56982c8194828b80f7e06f17880be250dacf3fb121,2025-10-21 11:24,Bruk av KI i eksamen,Kan jeg bruke KI på eksamen ?,"Kort svar: Nei, du kan ikke bruke KI til å lage innhold på skriftlig eksamen. Bruk av chatbot/kunstig intelligens regnes som juks og kan føre til annullert eksamen og karantene i ett år  .

Detaljer:
- Skriftlig eksamen (og todelte eksamener): Det er ikke lov å bruke KI til å generere tekst i besvarelsen. Kommunikasjon med andre, samskriving og chat er også forbudt . Bruk av chatbot eller tilsvarende teknologi regnes som juks, med konsekvenser som annullering og at du tidligst kan gå opp igjen etter ett år . I språkfag er også oversettelsesprogrammer forbudt, og du kan ikke bruke oversettelsesfunksjoner i verktøy som Word eller Pages .
- Muntlig og muntlig-praktisk – forberedelsestid: I forberedelsestiden er alle hjelpemidler tillatt. Du kan bruke digitale verktøy og åpent internett. Under selve eksamen kan du bare bruke notater du laget i forberedelsestiden  .

Denne informasjonen gjelder privatisteksamen. Les mer på www.telemarkfylke.no
Dette svaret er KI-generert og kan inneholde feil."
cthr_68f76d56982c8194828b80f7e06f17880be250dacf3fb121,2025-10-21 11:26,Bruk av KI i eksamen,Hvor mye koster det da ?,"Pris for privatisteksamen:
- 1 356 kroner per eksamen hvis du ikke har bestått fra før, eller ikke har standpunkt/eksamenskarakter i faget .
- 2 713 kroner per eksamen hvis du vil forbedre en karakter du allerede har bestått .

Viktig å vite:
- Du betaler med kort når du melder deg opp. Oppmeldingen er ikke gyldig før betalingen er registrert .
- Avgiften blir ikke refundert hvis du trekker deg etter fristen for oppmelding .
- I språkfag betaler du to avgifter (muntlig + skriftlig). I norsk betaler du tre (hovedmål, sidemål, muntlig). I realfag nivå 2 (f.eks. fysikk, kjemi, biologi, IT, teknologi og forskningslære, geofag) betaler du to (skriftlig + muntlig-praktisk) .

Denne informasjonen gjelder privatisteksamen. Les mer på www.telemarkfylke.no
Dette svaret er KI-generert og kan inneholde feil."
cthr_68f76d56982c8194828b80f7e06f17880be250dacf3fb121,2025-10-21 11:27,Bruk av KI i eksamen,Hvordan blir været under eksamen ?,"Ikke relevant

Denne informasjonen gjelder privatisteksamen. Les mer på www.telemarkfylke.no
Dette svaret er KI-generert og kan inneholde feil."
cthr_68f777fabb488190aca541d5c582ba170b0d7e4596d4af57,2025-10-21 12:09,Samtale om matematikk 1PY eksamen,Hvordan går jeg frem for å få eksamen i matematikk 1PY,"Slik går du frem for å ta eksamen i matematikk 1PY som privatist:

1) Meld deg opp i Privatistportalen
- Logg inn via ID-porten, velg matematikk 1PY, og betal eksamensavgiften i portalen. Oppmeldingen er først gyldig når du har betalt. Portalen er åpen 1.–15. september for høsteksamen og 15. januar–1. februar for våreksamen . Pris per eksamen er fastsatt i statsbudsjettet; du betaler før fristen, og beløpet refunderes ikke etter fristen . Husk at du selv er ansvarlig for å velge riktig fag i portalen .

2) Sett deg inn i hva du skal kunne
- Du blir vurdert etter kompetansemålene i læreplanen. Se læreplanen hos Utdanningsdirektoratet. Du kan bruke valgfri lærebok, og finne nyttig stoff på NDLA .

3) Vit når og hvor du skal møte
- Dato for skriftlig eksamen får du i Privatistportalen når du melder deg opp. Skriftlig eksamen gjennomføres som hovedregel i Porsgrunn Tennishall, med oppmøte kl. 08:00 .

4) Forstå hvordan eksamen i matematikk gjennomføres
- Matematikk har todelt skriftlig eksamen. På del 1 kan du bruke skrivesaker, passer, linjal og vinkelmåler. Del 1 leveres på papir. På del 2 bruker du PC, har begrenset tilgang til internett og kan bruke tillatte digitale hjelpemidler. Del 2 kan leveres elektronisk eller på papir. Du må selv ta med PC med nødvendig programvare (for eksempel GeoGebra og regneark), installert på forhånd  .

5) Hjelpemidler og regler på eksamensdagen
- Eksamen gjennomføres med begrenset tilgang til internett. Kommunikasjon med andre er ikke lov, og bruk av kunstig intelligens til å lage innhold er forbudt. Se kandidat.udir.no for fagspesifikke hjelpemidler og detaljer for faget ditt  .

6) Tilrettelegging (hvis du trenger det)
- Du kan søke om tilrettelegging etter at du har meldt deg opp og betalt. Frist er 25. september (høst) og 10. februar (vår). Last opp dokumentasjon når du søker i Privatistportalen .

7) Gyldig legitimasjon
- Du må ta med gyldig legitimasjon for å få gjennomføre eksamen .

Kort oppsummert: Meld deg opp og betal i Privatistportalen innen fristen, forbered deg etter læreplanen, møt opp med PC og riktige hjelpemidler, og følg reglene for todelt eksamen i matematikk.

Denne informasjonen gjelder privatisteksamen. Les mer på www.telemarkfylke.no
Svar fra KI. Det kan inneholde feil."
cthr_68f7ca7426e081959a59cb6881f679e20778f614ab5d09c6,2025-10-21 18:01,Eksamens starttid,Når starter eksamen?,"Kort svar:
- Skriftlig eksamen: Oppmøtetid er kl. 08.00 for de fleste, i Porsgrunn Tennishall. Etter legitimasjonskontroll og oppstartsinformasjon settes eksamen i gang kort tid etter oppmøte .
- Muntlig og muntlig-praktisk: Går mandag til torsdag på ettermiddag/kveld. Du får klokkeslett i Privatistportalen. Døren stenges når eksamen starter, så møt i god tid .
- Praktisk eksamen: Tidspunkt får du i forberedelsesdelen. Selve eksamen varer inntil 5 timer inkludert vurdering .

Husk gyldig legitimasjon ved oppstart, ellers får du ikke starte eksamen .

Denne informasjonen gjelder privatisteksamen. Les mer på www.telemarkfylke.no
Dette svaret er KI-generert og kan inneholde feil."
cthr_68f7cae44fac8195b797af7bef7f5548020c3e9fa1f92eb9,2025-10-21 18:03,Spørsmål om eksamens start,Når starter eksamen,"Tidspunktet for når din eksamen starter finner du i Privatistportalen, der du har meldt deg opp. For muntlig og muntlig-praktisk eksamen får du opplysning om dato og sted ca. 1. april for våreksamen og ca. 1. november for høsteksamen. For praktisk eksamen publiseres dato og sted fortløpende i Privatistportalen når du klikker på faget ditt. For skriftlig eksamen er datoen oppgitt når du melder deg opp, og denne gjennomføres for de fleste i Porsgrunn Tennishall med oppmøte kl. 08.00. Husk å møte opp presis. Du får ikke gjennomføre eksamen dersom du kommer for sent eller mangler gyldig legitimasjon. 

Denne informasjonen gjelder privatisteksamen. Les mer på www.telemarkfylke.no
Denne responsen er KI-generert og kan inneholde feil."
cthr_68f7cb9182288195a6460b80c62fab620618a0d409154b94,2025-10-21 18:06,Samtale om eksamensstart,Når starter eksamen,"Tidspunktet for når eksamen starter, avhenger av hvilken type eksamen du skal ta:

- For skriftlig eksamen er oppmøtetid kl. 08.00. Dette gjelder for de aller fleste privatister, og eksamen foregår vanligvis i Porsgrunn Tennishall. Det er viktig å møte opp i god tid før eksamen starter, og husk å ta med gyldig legitimasjon. Hvis du kommer for sent, får du ikke gjennomføre eksamen.

- For muntlig og muntlig-praktisk eksamen får du oppgitt eksamensdato og tidspunkt i Privatistportalen. Disse eksamenene foregår hovedsakelig på Skien videregående skole, og du må møte opp til det tidspunktet som står oppført for deg. Døren stenges når eksamen starter, og du må regne med noe ventetid. Det er ikke mulig å bytte tidspunkt eller sted for eksamen.

- For praktisk eksamen får du informasjon om dato og sted fortløpende i Privatistportalen. Eksamenstid er inntil 5 timer inkludert vurdering, og du får nærmere beskjed om oppmøtetid og sted i god tid før eksamen.

Sjekk alltid Privatistportalen for eksakt tidspunkt og sted for din eksamen.

Denne informasjonen gjelder privatisteksamen. Les mer på www.telemarkfylke.no

Responsen er KI-generert og kan inneholde feil."
cthr_68f7cba7919c8195aab3acd42fb0a3660b4a8aabfd106bde,2025-10-21 18:06,Lasagne oppskrift dialog,Har du oppskriften på en god lasange,"Ikke relevant

Denne informasjonen gjelder privatisteksamen. Les mer på www.telemarkfylke.no

Responsen er KI-generert og kan inneholde feil."
cthr_68f7cca4a4888194bc87d694e1dc5e67097985a49796e821,2025-10-21 18:10,KI i eksamen diskusjon,Kan man bruke KI på eksamen,"Nei, du har ikke lov til å bruke kunstig intelligens (KI) til å lage innhold i svaret ditt på eksamen. Det regnes som juks å bruke chatbot eller lignende teknologi under eksamen. Dersom du bruker KI, kan eksamen bli annullert, og du kan tidligst gå opp til ny eksamen etter ett år. Det er viktig at alt innhold du leverer på eksamen er ditt eget arbeid uten hjelp fra KI-verktøy.

Denne informasjonen gjelder privatisteksamen. Les mer på www.telemarkfylke.no

Responsen er KI-generert og kan inneholde feil."
cthr_68f87308eadc8194a4f28f1985c6f7450d801c5ebbf9eaf0,2025-10-22 06:00,Privatist Eksamenskapasitet,Hvor mange eksamener kan jeg ta som privatist?,"Det er ingen øvre grense for hvor mange eksamener du kan ta som privatist. Du kan selv velge hvor mange fag du vil melde deg opp til i hver eksamensperiode. Det er viktig å merke seg at du må betale en eksamensavgift for hvert fag du melder deg opp til, og at oppmeldingen ikke er gyldig før avgiften er betalt. Du kan heller ikke melde deg opp til eksamen i flere fylker i samme eksamensperiode.

Denne informasjonen gjelder privatisteksamen. Les mer på www.telemarkfylke.no

Responsen er KI-generert og kan inneholde feil."
cthr_68f87308eadc8194a4f28f1985c6f7450d801c5ebbf9eaf0,2025-10-22 06:01,Privatist Eksamenskapasitet,Når gjennomføres eksamen,"1. Hvor mange eksamener kan jeg ta som privatist?
Det er ingen øvre grense for hvor mange eksamener du kan ta som privatist i en eksamensperiode. Du kan selv velge hvor mange fag du ønsker å melde deg opp til, men du må betale eksamensavgift for hvert fag. Det er viktig å merke seg at det ikke er mulig å melde seg opp til eksamen i flere fylker i samme eksamensperiode, og at du selv er ansvarlig for å melde deg opp i riktig fagkode.

2. Når gjennomføres eksamen?
Privatisteksamen arrangeres to ganger i året:
- Høsteksamen: november - desember
- Våreksamen: april – juni

Dato og sted for muntlig og muntlig-praktisk eksamen publiseres i Privatistportalen ca. 1. november for høsteksamen og ca. 1. april for våreksamen. Skriftlig eksamen arrangeres hovedsakelig i Porsgrunn Tennishall, og datoene finner du i Privatistportalen når du melder deg opp.

Denne informasjonen gjelder privatisteksamen. Les mer på www.telemarkfylke.no

Responsen er KI-generert og kan inneholde feil."
cthr_68f87abc66608190818570f77c1bffed0ca0fe1834f5b347,2025-10-22 06:33,Hello from AI,Hei,"Hei! Hvordan kan jeg hjelpe deg med spørsmål om privatisteksamen i dag?

Denne informasjonen gjelder privatisteksamen. Les mer på www.telemarkfylke.no

Responsen er KI-generert og kan inneholde feil."
cthr_68f87adb1e088195ad10df05c5dff2bf0ad4b8247ddbbfe0,2025-10-22 06:34,Hello from AI,hei,"Hei! Hvordan kan jeg hjelpe deg med spørsmål om privatisteksamen i dag?

Denne informasjonen gjelder privatisteksamen. Les mer på www.telemarkfylke.no

Responsen er KI-generert og kan inneholde feil."
cthr_68f884b71bcc8190b84ecf3011a6dd45050ed5cd04a4f2e6,2025-10-22 07:16,Eksamensdato forespørsel,når er eksamen ?,"Privatisteksamen arrangeres to ganger i året:

- Høsteksamen: november - desember
- Våreksamen: april – juni

Eksamensdato og sted for muntlig og muntlig-praktisk eksamen publiseres i Privatistportalen ca. 1. november for høsteksamen og ca. 1. april for våreksamen. Datoer for skriftlige fag finner du i Privatistportalen når du melder deg opp. Du finner også eksamensdatoer på nettsidene til Telemark fylkeskommune. Det er ikke mulig å bytte oppsatte eksamensdatoer.

Denne informasjonen gjelder privatisteksamen. Les mer på www.telemarkfylke.no

Responsen er KI-generert og kan inneholde feil."
cthr_68f88c14f4ac81978feb1cf99a3ed0fb074c9267749b4a6b,2025-10-22 07:47,Hello from AI Assistant,Hei,"Hei! Hvordan kan jeg hjelpe deg med spørsmål om privatisteksamen i dag?

Denne informasjonen gjelder privatisteksamen. Les mer på www.telemarkfylke.no

Responsen er KI-generert og kan inneholde feil."
cthr_68f88cbe40b08195a49595d7d50fee2f0199ff39285a1725,2025-10-22 07:50,Eksamen sted og detaljer,hvor gjennomføres eksamen,"Skriftlig eksamen for privatister gjennomføres for de aller fleste i Porsgrunn Tennishall. Oppmøtetid er kl. 08.00. Adressen er Kjølnes Ring 64, 3918 Porsgrunn.

Muntlig og muntlig-praktisk eksamen arrangeres hovedsakelig på Skien videregående skole. Dato og sted for muntlig og muntlig-praktisk eksamen publiseres i Privatistportalen ca. 1. november for høsteksamen og ca. 1. april for våreksamen.

Praktisk eksamen for privatister blir for de aller fleste gjennomført ved en av de videregående skolene i fylket. Eksamensdato og sted for praktisk eksamen publiseres fortløpende i Privatistportalen.

I noen tilfeller kan eksamen arrangeres i et annet fylke, for eksempel hvis det ikke finnes sensorer i Telemark for det aktuelle faget. Da må du selv dekke eventuelle reisekostnader.

Du kan ikke bytte eller endre eksamensdato, tid eller eksamenssted .

Denne informasjonen gjelder privatisteksamen. Les mer på www.telemarkfylke.no

Responsen er KI-generert og kan inneholde feil."
cthr_68f88cbe40b08195a49595d7d50fee2f0199ff39285a1725,2025-10-22 07:51,Eksamen sted og detaljer,hvordan forbereder jeg meg til eksamen,"Eksamen for privatister gjennomføres vanligvis på Skien videregående skole når det gjelder muntlig og muntlig-praktisk eksamen. Praktisk eksamen kan også foregå på andre videregående skoler i fylket. Skriftlig eksamen for de fleste privatister foregår i Porsgrunn Tennishall. Oppmøtetid for skriftlig eksamen er kl. 08.00. Det er viktig å merke seg at noen eksamener kan bli arrangert i et annet fylke hvis det ikke finnes sensorer i Telemark, og da må du selv dekke eventuelle reisekostnader. Dato og sted for eksamen finner du i Privatistportalen når du har meldt deg opp til eksamen. Du kan ikke bytte eksamensdato eller sted.

Denne informasjonen gjelder privatisteksamen. Les mer på www.telemarkfylke.no

Responsen er KI-generert og kan inneholde feil."
cthr_68f88cbe40b08195a49595d7d50fee2f0199ff39285a1725,2025-10-22 07:52,Eksamen sted og detaljer,hva skal jeg lese på,"Svar på spørsmålene dine:

1. Hvor gjennomføres eksamen?
Skriftlig eksamen for de aller fleste privatister foregår i Porsgrunn Tennishall. Muntlig og muntlig-praktisk eksamen arrangeres hovedsakelig på Skien videregående skole. Praktiske eksamener gjennomføres som regel ved en av de videregående skolene i fylket. For noen fag kan eksamen bli arrangert i et annet fylke hvis det ikke finnes sensorer i Telemark. Du får informasjon om sted og dato i Privatistportalen når du melder deg opp til eksamen.

2. Hvordan forbereder jeg meg til eksamen?
Du bør sette deg godt inn i læreplanen for faget du skal ta eksamen i, fordi det er kompetansemålene i læreplanen som forteller hva du må kunne. Du kan bruke lærebøker, tidligere gitte eksamensoppgaver (finnes på Utdanningsdirektoratets nettsider), og eksamensveiledninger som ligger på telemarkfylke.no. For noen fag finnes det også eksamensveiledninger som forklarer hva det legges vekt på for å oppnå de ulike karakterene. Det er lurt å øve på å løse oppgaver og eventuelt praktiske øvelser hvis faget krever det.

3. Hva skal jeg lese på?
Du skal lese på kompetansemålene i læreplanen for faget du skal ta eksamen i. Læreplanene finner du på Utdanningsdirektoratets nettsider. Det er ikke krav om spesielle bøker, men du kan ta kontakt med en videregående skole for tips til bøker, eller bruke nettsiden NDLA for aktuelt lærestoff. Tidligere eksamensoppgaver og eksamensveiledninger er også nyttige å bruke i forberedelsene.

Denne informasjonen gjelder privatisteksamen. Les mer på www.telemarkfylke.no

Responsen er KI-generert og kan inneholde feil."
cthr_68f88ecaf9508193a6c8f1383908d2a7094e7e8616d7fde1,2025-10-22 07:59,Samtale med AI assistent,Hva kan du svare på?,"Jeg kan svare på spørsmål om privatisteksamen, for eksempel hvordan du melder deg opp, hvilke regler som gjelder, hvordan eksamen gjennomføres, hva du må ha med deg, og hvordan vurderingen foregår. Jeg bruker kun informasjon fra de vedlagte dokumentene for å gi deg svar.

Denne informasjonen gjelder privatisteksamen. Les mer på www.telemarkfylke.no

Responsen er KI-generert og kan inneholde feil."
cthr_68f88f3aa32481968c39ea72150513eb0b14734c12a6c994,2025-10-22 08:00,Kostnad for eksamen,hvor mye koster en eksamen,"Prisen for å ta privatisteksamen er 1 356 kroner per eksamen hvis du ikke har standpunkt- eller eksamenskarakter fra før, eller hvis du ikke har bestått faget (karakter 1). Hvis du ønsker å forbedre en karakter i et fag du allerede har bestått, koster det 2 713 kroner per eksamen. 

For språkfag må du betale to eksamensavgifter (en for skriftlig og en for muntlig eksamen). I norsk må du betale tre eksamensavgifter (norsk hovedmål, norsk sidemål og norsk muntlig). For realfag på nivå 2 (for eksempel fysikk, kjemi, biologi) må du betale to eksamensavgifter (skriftlig og muntlig-praktisk eksamen).

Eksamensavgiften må betales med kort, og oppmeldingen er ikke gyldig før du har betalt. Innbetalt eksamensavgift blir ikke refundert dersom du trekker deg etter oppmeldingsfristen.

Denne informasjonen gjelder privatisteksamen. Les mer på www.telemarkfylke.no

Responsen er KI-generert og kan inneholde feil."
cthr_68f88f3aa32481968c39ea72150513eb0b14734c12a6c994,2025-10-22 08:01,Kostnad for eksamen,når er eksamen,"Prisen for å ta privatisteksamen er 1 356 kroner per eksamen for fag der du ikke har standpunkt og/eller eksamenskarakter, eller for fag du ikke har bestått (karakter 1) som elev eller privatist. Hvis du ønsker å forbedre et fag du allerede har bestått, er avgiften 2 713 kroner per eksamen. For språkfag betales det to eksamensavgifter (skriftlig og muntlig), og i norsk betales det tre eksamensavgifter (norsk hovedmål, norsk sidemål og norsk muntlig). I realfag på nivå 2 betales det også to eksamensavgifter (skriftlig og muntlig-praktisk eksamen).

Denne informasjonen gjelder privatisteksamen. Les mer på www.telemarkfylke.no

Responsen er KI-generert og kan inneholde feil."
cthr_68f89089fc188196a7b695cb20f91e8301dc3b93a0f49070,2025-10-22 08:06,Forespørsel om eksamensdato,Når er eksamen ?,"Privatisteksamen arrangeres to ganger i året:

- Høsteksamen: november - desember
- Våreksamen: april – juni

For muntlig og muntlig-praktisk eksamen blir eksamensdato og sted publisert i Privatistportalen ca. 1. november for høsteksamen og ca. 1. april for våreksamen. Skriftlig eksamensdato finner du i Privatistportalen når du melder deg opp, og eksamen arrangeres hovedsakelig i Porsgrunn Tennishall. Det er ikke mulig å bytte oppsatte eksamensdatoer.

Denne informasjonen gjelder privatisteksamen. Les mer på www.telemarkfylke.no

Responsen er KI-generert og kan inneholde feil."
cthr_68f89089fc188196a7b695cb20f91e8301dc3b93a0f49070,2025-10-22 08:06,Forespørsel om eksamensdato,Hvor mye koster det ?,"Eksamen for privatister arrangeres to ganger i året:

- Høsteksamen: november - desember
- Våreksamen: april – juni

Datoer for skriftlige fag finner du i Privatistportalen når du melder deg opp. Dato og sted for muntlig, muntlig-praktisk og praktisk eksamen publiseres i Privatistportalen ca. 1. november for høsteksamen og ca. 1. april for våreksamen. Det er ikke mulig å bytte oppsatte eksamensdatoer.

Denne informasjonen gjelder privatisteksamen. Les mer på www.telemarkfylke.no

Responsen er KI-generert og kan inneholde feil."
cthr_68f891fb14c081949f91f36f56b0e87d09640c7ca1a0f30f,2025-10-22 08:12,Eksamensdato forespørsel,Når er eksamen,"Privatisteksamen arrangeres to ganger i året:

- Høsteksamen: november - desember
- Våreksamen: april – juni

For muntlig og muntlig-praktisk eksamen blir eksamensdato og sted publisert i Privatistportalen ca. 1. november for høsteksamen og ca. 1. april for våreksamen. For skriftlig eksamen finner du datoene i Privatistportalen når du melder deg opp. Det er ikke mulig å bytte oppsatte eksamensdatoer.

Denne informasjonen gjelder privatisteksamen. Les mer på www.telemarkfylke.no

Denne responsen er KI-generert og kan inneholde feil."
cthr_68f891fb14c081949f91f36f56b0e87d09640c7ca1a0f30f,2025-10-22 08:13,Eksamensdato forespørsel,Hvor mye koster det?,"Eksamen for privatister arrangeres to ganger i året:

- Høsteksamen: november - desember
- Våreksamen: april – juni

Eksamensdato og sted for muntlig og muntlig-praktisk eksamen publiseres i Privatistportalen ca. 1. november for høsteksamen og ca. 1. april for våreksamen. Skriftlig eksamen har datoer som du finner i Privatistportalen når du melder deg opp. Det er ikke mulig å bytte oppsatte eksamensdatoer.

Denne informasjonen gjelder privatisteksamen. Les mer på www.telemarkfylke.no

Responsen er KI-generert og kan inneholde feil."
cthr_68f892686ba08195ba3b28e0a66894090e79645384789488,2025-10-22 08:14,Planlegge eksamensdato,Når er eksamen,"Privatisteksamen arrangeres to ganger i året:

- Høsteksamen: november - desember
- Våreksamen: april – juni

Dato og sted for muntlig og muntlig-praktisk eksamen publiseres i Privatistportalen ca. 1. november for høsteksamen og ca. 1. april for våreksamen. Skriftlig eksamen har datoer som du får oppgitt når du melder deg opp i Privatistportalen. Sted for skriftlig eksamen publiseres også i Privatistportalen ca. 1. november for høsteksamen og ca. 1. april for våreksamen.

Denne informasjonen gjelder privatisteksamen. Les mer på www.telemarkfylke.no

Responsen er KI-generert og kan inneholde feil."
cthr_68f892686ba08195ba3b28e0a66894090e79645384789488,2025-10-22 08:14,Planlegge eksamensdato,Hvor mye koster det?,"Eksamensavgiften for privatisteksamen er:

- 1 356 kroner per eksamen hvis du ikke har standpunkt eller eksamenskarakter, eller hvis du ikke har bestått faget (karakter 1).
- 2 713 kroner per eksamen hvis du allerede har bestått faget og ønsker å forbedre karakteren.

For språkfag betaler du to eksamensavgifter (skriftlig og muntlig). I norsk betaler du tre eksamensavgifter (norsk hovedmål, norsk sidemål og norsk muntlig). I realfag på nivå 2 (for eksempel fysikk 2, kjemi 2) betaler du to eksamensavgifter (skriftlig og muntlig-praktisk).

Prisene gjelder per eksamen, og innbetalt eksamensavgift blir ikke refundert hvis du trekker deg etter oppmeldingsfristen.

Denne informasjonen gjelder privatisteksamen. Les mer på www.telemarkfylke.no

Responsen er KI-generert og kan inneholde feil."
cthr_68f8947028a88190bd7ef5c85412f5cb0ce6c424b4d43934,2025-10-22 08:23,Planlegg eksamensdato,Når er eksamen igjen ?,"Privatisteksamen arrangeres to ganger i året:

- Høsteksamen: november - desember
- Våreksamen: april – juni

Dato og sted for muntlig og muntlig-praktisk eksamen publiseres i Privatistportalen ca. 1. november for høsteksamen og ca. 1. april for våreksamen. Skriftlig eksamen arrangeres hovedsakelig i Porsgrunn Tennishall, og datoer for skriftlige fag finner du i Privatistportalen når du melder deg opp.

Det er ikke anledning til å bytte oppsatte eksamensdatoer  .

Denne informasjonen er KI-generert og kan inneholde feil. Denne informasjonen gjelder privatisteksamen. Les mer på www.telemarkfylke.no"
cthr_68f8947028a88190bd7ef5c85412f5cb0ce6c424b4d43934,2025-10-22 08:23,Planlegg eksamensdato,Er det noen bussruter jeg kan ta for å rekke det ?,"Det finnes ikke spesifikk informasjon om bussruter til eksamensstedet i dokumentene. Skriftlig eksamen foregår hovedsakelig i Porsgrunn Tennishall, og du må selv sørge for transport dit. Det anbefales å sjekke lokale bussruter og transportmuligheter til Porsgrunn Tennishall i god tid før eksamen.

Det står også at du må beregne noen minutters gange fra parkering til hallen, og at det finnes store parkeringsplasser ved Urædd parkeringsplass og Beha kvartalet, hvis du kjører bil.

For mer detaljert informasjon om bussruter anbefales det å kontakte lokal kollektivtransport eller bruke reiseplanlegger.

Denne informasjonen er KI-generert og kan inneholde feil. Denne informasjonen gjelder privatisteksamen. Les mer på www.telemarkfylke.no"
cthr_68f8947028a88190bd7ef5c85412f5cb0ce6c424b4d43934,2025-10-22 08:24,Planlegg eksamensdato,Har du noe oppskrift på lasagne jeg kan ta med på eksamen ?,"Ikke relevant

Denne informasjonen er KI-generert og kan inneholde feil. Denne informasjonen gjelder privatisteksamen. Les mer på www.telemarkfylke.no"
cthr_68f8ab9d78bc81969130c67a495e32e6067ec866e44a7adf,2025-10-22 10:02,Starting a Conversation,hei,"Hei! Hvordan kan jeg hjelpe deg med eksamen? 

Denne informasjonen er KI-generert og kan inneholde feil. Denne informasjonen gjelder privatisteksamen. Les mer på www.telemarkfylke.no"
cthr_68f8bda5f4ec81968a10a5fb84affc8706ac64c1cff4f333,2025-10-22 11:19,Hva AI kan svare,Hva kan du svare på?,"Jeg kan svare på spørsmål som gjelder innholdet i de vedlagte dokumentene du har lastet opp. Det kan være spørsmål om eksamensgjennomføring, regler, retningslinjer, eller annet som står i disse dokumentene. Hvis spørsmålet ikke er relevant for dokumentene, vil jeg svare med ""Ikke relevant"".

Denne informasjonen gjelder privatisteksamen. Les mer på www.telemarkfylke.no"
cthr_68f8bdc760208190a06b8b204130104f040f6e3b25a7750e,2025-10-22 11:19,Hjelp og veiledning,Hva kan du hjelpe meg med?,"Jeg kan hjelpe deg med spørsmål knyttet til gjennomføring av eksamen basert på de vedlagte dokumentene du har lastet opp. Det kan være informasjon om regler, rutiner, forberedelser, gjennomføring, vurdering og andre relevante temaer for privatisteksamen.

Denne informasjonen gjelder privatisteksamen. Les mer på www.telemarkfylke.no"
cthr_68f8dd4fa36c81949db2fbe97a0611e401893ae0e5b70417,2025-10-22 13:34,Eksamensdato og veiledning,når er eksamen,"Privatisteksamen arrangeres to ganger i året:

- Høsteksamen: i november - desember  
- Våreksamen: i april – juni

Dato og sted for muntlig og muntlig-praktisk eksamen publiseres i Privatistportalen cirka 1. november for høsteksamen og cirka 1. april for våreksamen. Skriftlige eksamensdatoer finner du også i Privatistportalen når du melder deg opp, og sted for skriftlig eksamen publiseres cirka 1. november for høsteksamen og cirka 1. april for våreksamen. Skriftlig eksamen arrangeres hovedsakelig i Porsgrunn Tennishall   .

Oppsummert: Eksamen holdes i november-desember (høst) og april-juni (vår).

Denne informasjonen er KI-generert og kan inneholde feil. Denne informasjonen gjelder privatisteksamen. Les mer på www.telemarkfylke.no"
cthr_68f8dd4fa36c81949db2fbe97a0611e401893ae0e5b70417,2025-10-22 13:34,Eksamensdato og veiledning,Når er frist for oppmelding,"Frist for oppmelding til privatisteksamen er:

- For høsteksamen: 1. september til 15. september (stenger kl. 23:55)  
- For våreksamen: 15. januar til 1. februar (stenger kl. 23:55)

Du må melde deg opp og betale eksamensavgiften innen denne fristen for at oppmeldingen skal være gyldig.

Denne informasjonen er KI-generert og kan inneholde feil. Denne informasjonen gjelder privatisteksamen. Les mer på www.telemarkfylke.no"
cthr_68f8dd4fa36c81949db2fbe97a0611e401893ae0e5b70417,2025-10-22 13:34,Eksamensdato og veiledning,Kan jeg få gratis eksamen,"Du kan ikke få gratis eksamen som privatist. Du må betale en eksamensavgift for å melde deg opp til privatisteksamen. Avgiften er:

- 1 356 kroner per eksamen for fag der du ikke har standpunkt og/eller eksamenskarakter, eller fag du ikke har bestått (karakter 1) som elev eller privatist.  
- 2 713 kroner per eksamen for fag du allerede har bestått som elev eller privatist og som du ønsker å forbedre.

Betaling må skje innen fristen for oppmelding, og oppmeldingen er ikke gyldig før du har betalt. Innbetalt eksamensavgift blir ikke refundert dersom du trekker deg etter oppmeldingsfristen .

Denne informasjonen er KI-generert og kan inneholde feil. Denne informasjonen gjelder privatisteksamen. Les mer på www.telemarkfylke.no"
cthr_68f8dd4fa36c81949db2fbe97a0611e401893ae0e5b70417,2025-10-22 13:35,Eksamensdato og veiledning,må jeg ta muntlig eksamen i språkfag,"Ja, i språkfag må du ta både muntlig og skriftlig eksamen for å få faget godkjent som privatist. Det betyr at muntlig eksamen er obligatorisk i språkfag. I språkfag der elever får to standpunktkarakterer, én for skriftlig og én for muntlig, kan du som privatist velge å forbedre enten den muntlige eller den skriftlige karakteren.

Muntlig eksamen i språkfag kan blant annet inneholde en lytteprøve, og du får et tema eller en problemstilling som du skal snakke om i inntil 30 minutter. Du kan selv velge om du vil starte med en innledning eller gå rett til fagsamtalen.

Hvis du skal ha muntlig eksamen i morsmål eller fremmedspråk, kan det hende at eksamen må avholdes i et annet fylke, og du må da dekke reisekostnadene selv.

Oppsummert: Ja, muntlig eksamen i språkfag er obligatorisk som privatist  .

Denne informasjonen er KI-generert og kan inneholde feil. Denne informasjonen gjelder privatisteksamen. Les mer på www.telemarkfylke.no"
cthr_68f9cd8d36308193a5e37381d3c574d6070cab9f7d6d307a,2025-10-23 06:39,Eksamen Forberedelse Samtale,Hvordan forbereder jeg meg til eksamen?,"For å forberede deg til eksamen som privatist bør du gjøre følgende:

1. Sett deg godt inn i læreplanen for faget du skal ta eksamen i. Kompetansemålene i læreplanen forteller hva du må kunne. Læreplaner finner du på Utdanningsdirektoratet sine nettsider.

2. Bruk lærebøker og annet lærestoff. Det er ikke krav om spesielle bøker, men du kan få tips fra videregående skoler eller finne mye stoff på NDLA.

3. Øv på tidligere gitte eksamensoppgaver som du finner på udir.no (passord: Eksamen).

4. For muntlig og muntlig-praktisk eksamen får du et tema/problemstilling som du skal forberede deg på i forberedelsestiden (30-45 minutter). Du kan ta notater under forberedelsen som du kan bruke under eksamen.

5. For muntlig-praktisk eksamen må du også forberede deg på praktiske øvelser og sørge for at du har gjennomført nødvendige øvelser i faget.

6. For skriftlig eksamen må du ha med egen PC med nødvendig programvare som fungerer uten internett, og du må teste at alt fungerer før eksamen.

7. Sørg for å ha gyldig legitimasjon på eksamensdagen.

8. Vær kjent med hvilke hjelpemidler som er tillatt i ditt fag.

9. Meld deg opp og betal eksamensavgiften innen fristen.

10. Hvis du har behov for tilrettelegging på grunn av sykdom eller funksjonsnedsettelse, må du søke om dette i Privatistportalen i god tid før eksamen.

Kort sagt: Les læreplanen, øv på oppgaver, forbered deg på praktiske øvelser hvis aktuelt, test teknisk utstyr, og møt opp med gyldig legitimasjon til eksamen    .

Denne informasjonen er KI-generert og kan inneholde feil. Denne informasjonen gjelder privatisteksamen. Les mer på www.telemarkfylke.no"
cthr_68fb2d04f8a081908485949b166c636e0454464581e974f0,2025-10-24 07:38,Planlegge eksamensdatoen,Når er eksamen,"Privatisteksamen arrangeres to ganger i året:

- Høsteksamen: i november - desember
- Våreksamen: i april – juni

Dato og sted for muntlig og muntlig-praktisk eksamen publiseres i Privatistportalen cirka 1. november for høsteksamen og cirka 1. april for våreksamen. Skriftlige eksamensdatoer finner du også i Privatistportalen når du melder deg opp, og sted for skriftlig eksamen publiseres omtrent samtidig.

Skriftlig eksamen arrangeres hovedsakelig i Porsgrunn Tennishall.

Det er ikke mulig å bytte oppsatte eksamensdatoer  .

Denne informasjonen er KI-generert og kan inneholde feil. Denne informasjonen gjelder privatisteksamen. Les mer på www.telemarkfylke.no"
cthr_68fb5f36667c8190b492c6f40a970c2e002d99fc14eb7dc5,2025-10-24 11:12,Spørsmål om medbringelse,Må jeg ha med legg,"Det er ikke nevnt noe krav om å ha med ""legg"" til eksamen i de vedlagte dokumentene. Hvis du mener ""legg"" som i vedlegg eller lignende, er det ikke spesifisert at du må ha med dette. 

Hvis du sikter til noe annet med ""legg"", kan du gjerne presisere, så kan jeg hjelpe deg bedre.

Denne informasjonen er KI-generert og kan inneholde feil. Denne informasjonen gjelder privatisteksamen. Les mer på www.telemarkfylke.no"
cthr_68fb5f36667c8190b492c6f40a970c2e002d99fc14eb7dc5,2025-10-24 11:13,Spørsmål om medbringelse,Jeg mente lefgitmasjon,"Ja, du må ha med gyldig legitimasjon med bilde på eksamensdagen. Hvis du ikke har med gyldig legitimasjon, får du ikke gjennomføre eksamen.

Gyldig legitimasjon kan være:

- Pass
- Norsk ID-kort
- Norsk førerkort utstedt etter 01.01.1998 (også digitalt førerkort)
- Norsk oppholdskort
- Forsvarets ID-kort
- ID-kort fra EØS- og EFTA-stater
- Førerkort fra Danmark, Sverige, Finland og Island
- Norsk reisebevis for flyktninger
- Norsk utlendingspass (ikke godkjent hvis det er utstedt for enkeltreise)

Kopi av legitimasjon eller utgått legitimasjon godtas ikke.

Dette er et krav for å sikre din identitet ved oppstart av eksamen .

Denne informasjonen er KI-generert og kan inneholde feil. Denne informasjonen gjelder privatisteksamen. Les mer på www.telemarkfylke.no"
cthr_68fb606dd638819794a0091b91ef18170d0818211dfd8e81,2025-10-24 11:18,Privatisteksamen i Telemark datoer,Når er privatisteksamen i Telemark,"Privatisteksamen i Telemark arrangeres to ganger i året:

- Høsteksamen: i november - desember  
- Våreksamen: i april – juni

Datoer for skriftlige fag finner du i Privatistportalen når du melder deg opp. Eksamensdato og sted for muntlig og muntlig-praktisk eksamen publiseres i Privatistportalen ca. 1. november for høsteksamen og ca. 1. april for våreksamen. Skriftlig eksamen arrangeres hovedsakelig i Porsgrunn Tennishall, og muntlig/muntlig-praktisk eksamen arrangeres hovedsakelig på Skien videregående skole .

Oppmelding til eksamen skjer i Privatistportalen med følgende frister:  
- For høsteksamen: 1. september - 15. september  
- For våreksamen: 15. januar - 1. februar .

Kort oppsummert: Privatisteksamen i Telemark er i november-desember (høst) og april-juni (vår).

Denne informasjonen er KI-generert og kan inneholde feil. Denne informasjonen gjelder privatisteksamen. Les mer på www.telemarkfylke.no"
cthr_68fb606dd638819794a0091b91ef18170d0818211dfd8e81,2025-10-24 11:18,Privatisteksamen i Telemark datoer,Hva koster eksamen,"Eksamensavgiften for privatisteksamen i Telemark er som følger:

- 1 356 kroner per eksamen for fag der du ikke har standpunkt- og/eller eksamenskarakter, eller fag du ikke har bestått (karakter 1) som elev eller privatist.
- 2 713 kroner per eksamen for fag du allerede har bestått som elev eller privatist og som du ønsker å forbedre.

Prisene gjelder per eksamen. For språkfag, norsk og realfag nivå 2 betales det eksamensavgift for både skriftlig og muntlig eksamen (for eksempel to avgifter for språkfag, tre for norsk, og to for realfag nivå 2).

Betaling må skje med kort innen fristen for oppmelding, og oppmeldingen er ikke gyldig før du har betalt. Innbetalt avgift refunderes ikke dersom du trekker deg etter oppmeldingsfristen.

Hvis du opplever feil i summen du skal betale, bør du kontakte eksamenskontoret umiddelbart.

Denne informasjonen er KI-generert og kan inneholde feil. Denne informasjonen gjelder privatisteksamen. Les mer på www.telemarkfylke.no"
cthr_68fb606dd638819794a0091b91ef18170d0818211dfd8e81,2025-10-24 11:19,Privatisteksamen i Telemark datoer,Hva må jeg forberede meg til,"For å forberede deg til privatisteksamen i Telemark må du:

1. Sette deg godt inn i læreplanen for det faget du skal ta eksamen i. Kompetansemålene i læreplanen viser hva du må kunne.

2. For muntlig og muntlig-praktisk eksamen:
   - Forbered deg på å kunne gjøre praktiske øvelser hvis det er muntlig-praktisk eksamen (for eksempel i naturfag, fysikk, kjemi, biologi, geofag, kroppsøving).
   - Du kan få utdelt et tema eller problemstilling som du skal jobbe med i forberedelsestiden (30-45 minutter).
   - Du kan ta med notater laget i forberedelsestiden inn til eksamen.
   - For muntlig eksamen kan du velge å starte med en presentasjon eller gå rett til fagsamtalen.
   - Du må kunne svare på utdypende spørsmål knyttet til temaet/problemstillingen.

3. For praktisk eksamen:
   - Du får vanligvis 24 timers forberedelsestid der du får tema og kjennetegn på måloppnåelse.
   - Du skal planlegge hvordan du skal løse oppgaven, men selve oppgaven får du først på eksamensdagen.
   - Du skal gjennomføre et praktisk arbeid som resulterer i et produkt eller utført oppdrag.
   - Du blir vurdert på det praktiske arbeidet du gjør på eksamensdagen.

4. For skriftlig eksamen:
   - Du må forberede deg på fagstoffet som står i læreplanen.
   - Tidligere eksamensoppgaver finnes på Utdanningsdirektoratet sine nettsider, og det finnes eksamensveiledninger som forklarer hva som vektlegges.

5. Du kan bruke alle hjelpemidler i forberedelsestiden, inkludert digitale verktøy og internett, men under selve eksamen er det kun tillatte hjelpemidler som kan brukes.

6. Du må ha med gyldig legitimasjon på eksamensdagen.

7. For språkfag må du ha både muntlig og skriftlig karakter for å få faget godkjent.

8. For realfag på nivå 2 må du melde deg opp til både skriftlig og muntlig-praktisk eksamen.

9. Det anbefales å bruke lærebøker og annet aktuelt lærestoff, for eksempel fra NDLA.

Kort sagt: Forbered deg på å kunne vise kompetanse i faget i henhold til læreplanen, øv på praktiske ferdigheter hvis det er muntlig-praktisk eller praktisk eksamen, og gjør deg kjent med eksamensformen og vurderingskriteriene. Du kan finne mer informasjon og veiledninger på telemarkfylke.no og Utdanningsdirektoratet sine sider .

Denne informasjonen er KI-generert og kan inneholde feil. Denne informasjonen gjelder privatisteksamen. Les mer på www.telemarkfylke.no"
cthr_68fb606dd638819794a0091b91ef18170d0818211dfd8e81,2025-10-24 11:19,Privatisteksamen i Telemark datoer,Finnes det eksamensveiledninger,"Ja, det finnes eksamensveiledninger for privatisteksamen i Telemark.

- For muntlig og muntlig-praktisk eksamen er det utarbeidet eksamensveiledninger i noen fag. Disse veiledningene beskriver rammer for eksamen og vurderingskriterier i det enkelte fag. Det jobbes med å lage flere veiledninger. Du finner dem på telemarkfylke.no.

- For skriftlig eksamen finnes det også eksamensveiledninger i flere fag. Disse gir informasjon om hva som vektlegges for å oppnå de forskjellige karakterene. De er også tilgjengelige på telemarkfylke.no.

- For praktisk eksamen vil eksamensveiledningen bli delt ut sammen med forberedelsen til eksamen.

Kort sagt: Ja, eksamensveiledninger finnes, men ikke i alle fag ennå. De gir deg informasjon om eksamensrammer og vurderingskriterier, og du finner dem på Telemark fylkeskommunes nettsider.

Denne informasjonen er KI-generert og kan inneholde feil. Denne informasjonen gjelder privatisteksamen. Les mer på www.telemarkfylke.no"
cthr_68fb606dd638819794a0091b91ef18170d0818211dfd8e81,2025-10-24 11:20,Privatisteksamen i Telemark datoer,kan jeg finne tidligere eksamensoppgaver,"Ja, du kan finne tidligere eksamensoppgaver for privatisteksamen i Telemark.

- Tidligere gitte eksamensoppgaver ligger tilgjengelig på Utdanningsdirektoratet sine nettsider (udir.no).  
- For å få tilgang kan det hende du må legge inn passordet ""Eksamen"".  
- Dette gjelder både skriftlige eksamensoppgaver og oppgaver i skriftlige fremmedspråk.  
- Det anbefales å bruke disse oppgavene til å forberede deg og bli kjent med hvordan eksamen gjennomføres digitalt.

Kort sagt: Tidligere eksamensoppgaver finner du på udir.no, og passordet er ""Eksamen"".

Denne informasjonen er KI-generert og kan inneholde feil. Denne informasjonen gjelder privatisteksamen. Les mer på www.telemarkfylke.no"
cthr_68fb606dd638819794a0091b91ef18170d0818211dfd8e81,2025-10-24 11:21,Privatisteksamen i Telemark datoer,"Må jeg ha """" i passordet","Nei, du skal ikke ha med anførselstegn ("""") i passordet. Passordet til tidligere eksamensoppgaver er bare ordet Eksamen med stor E, uten anførselstegn.

Denne informasjonen er KI-generert og kan inneholde feil. Denne informasjonen gjelder privatisteksamen. Les mer på www.telemarkfylke.no"
cthr_68fb606dd638819794a0091b91ef18170d0818211dfd8e81,2025-10-24 11:22,Privatisteksamen i Telemark datoer,I dag er jeg imponert over hvor mye riktig du svarer,"Tusen takk! Jeg er glad for å kunne hjelpe deg med riktige svar. Hvis du har flere spørsmål om privatisteksamen eller noe annet, er det bare å spørre.

Denne informasjonen er KI-generert og kan inneholde feil. Denne informasjonen gjelder privatisteksamen. Les mer på www.telemarkfylke.no"
cthr_68fb606dd638819794a0091b91ef18170d0818211dfd8e81,2025-10-24 11:24,Privatisteksamen i Telemark datoer,Kan jeg bruke KI under eksamen,"Du har ikke lov til å bruke kunstig intelligens (KI) til å generere innhold i svaret ditt under privatisteksamen i Telemark. Det er også forbudt å kommunisere med andre, bruke mobiltelefon, smartklokker, chat eller lignende under eksamen. Bruk av KI eller chatbot-teknologi regnes som juks, og kan føre til at eksamen blir annullert og at du må vente ett år før du kan ta ny eksamen.

Kort sagt: KI er ikke tillatt som hjelpemiddel under eksamen, og bruk av det kan få alvorlige konsekvenser.

Denne informasjonen er KI-generert og kan inneholde feil. Denne informasjonen gjelder privatisteksamen. Les mer på www.telemarkfylke.no"
cthr_68fb606dd638819794a0091b91ef18170d0818211dfd8e81,2025-10-24 11:25,Privatisteksamen i Telemark datoer,Er det internett i eksamenslokalet,"På eksamensdagen kobler du deg til et eget eksamensnett som gir begrenset tilgang til internett. Det betyr at det er bestemt på forhånd hvilke nettbaserte hjelpemidler som er tillatt å bruke under eksamen. Du har altså ikke full internett-tilgang, men kun tilgang til noen få utvalgte nettbaserte hjelpemidler som er godkjent. 

Du må også sørge for at skriveprogrammet du bruker på PC-en fungerer uten internett, og det anbefales å teste dette før eksamen. Det er ikke tillatt å kommunisere med andre eller bruke andre nettbaserte tjenester enn de som er godkjent.

Kort sagt: Det er begrenset internett-tilgang i eksamenslokalet, kun til forhåndsgodkjente hjelpemidler, ikke full internett-tilgang .

Denne informasjonen er KI-generert og kan inneholde feil. Denne informasjonen gjelder privatisteksamen. Les mer på www.telemarkfylke.no"
cthr_68ff4dd9955c8190a573db588f081bc30e12078fac81c251,2025-10-27 10:47,Bøker til privatist eksamen,Får jeg tilsendt bøker når jeg skal ta privatsiteksamen,"Du får ikke tilsendt bøker når du skal ta privatisteksamen. Det er ikke krav om bruk av spesielle bøker til privatisteksamen. Du kan kontakte en videregående skole som tilbyr faget for tips om hvilke bøker du kan bruke, eller finne mye aktuelt lærestoff på NDLA (Nasjonal digital læringsarena)  .

Denne informasjonen er KI-generert og kan inneholde feil. Denne informasjonen gjelder privatisteksamen. Les mer på www.telemarkfylke.no"
cthr_68ff4dd9955c8190a573db588f081bc30e12078fac81c251,2025-10-27 10:48,Bøker til privatist eksamen,Hvilken skole kan hjelpe meg?,"Du kan ta kontakt med en videregående skole som tilbyr faget du skal ta privatisteksamen i, for å få tips og hjelp. For eksempel arrangeres muntlig og muntlig-praktisk eksamen hovedsakelig på Skien videregående skole, og skriftlig eksamen holdes hovedsakelig i Porsgrunn Tennishall. Skien videregående skole kan derfor være et naturlig sted å kontakte for hjelp og informasjon om privatisteksamen i ditt fag.

Det står også at du kan kontakte skolen du går eller har gått på, eller eksamenskontoret, for spørsmål om oppmelding og eksamen.

Kort sagt: Skien videregående skole er et sentralt sted for muntlig eksamen, og du kan kontakte videregående skoler som tilbyr faget for hjelp og veiledning  .

Denne informasjonen er KI-generert og kan inneholde feil. Denne informasjonen gjelder privatisteksamen. Les mer på www.telemarkfylke.no"
cthr_68ff4dd9955c8190a573db588f081bc30e12078fac81c251,2025-10-27 10:49,Bøker til privatist eksamen,kAN JEG HA MED NISTE PÅ EKSAMEN,"Det står ikke eksplisitt i dokumentene om du kan ha med niste på eksamen. Det er vanlig at slike regler kan variere, men siden det ikke er nevnt noe forbud mot å ha med mat eller drikke, kan det tyde på at det er tillatt å ha med niste. Det kan likevel være lurt å sjekke med eksamensvaktene eller eksamenskontoret på forhånd for å være sikker.

Dokumentene nevner heller ikke spesifikt noe om mat eller drikke under eksamen, men fokuserer på hjelpemidler, PC, legitimasjon og regler for juks.

Kort sagt: Det er ikke oppgitt noe forbud mot å ha med niste, men det anbefales å spørre eksamensvaktene eller eksamenskontoret for avklaring.

Denne informasjonen er KI-generert og kan inneholde feil. Denne informasjonen gjelder privatisteksamen. Les mer på www.telemarkfylke.no"
cthr_68ff4dd9955c8190a573db588f081bc30e12078fac81c251,2025-10-27 10:50,Bøker til privatist eksamen,Er det kaldt i eksamenslokalet,"Det står ikke noe konkret om temperaturen i eksamenslokalet i dokumentene. Det kan derfor variere fra sted til sted. Hvis du er bekymret for at det kan bli kaldt, kan det være lurt å kle seg lagvis og ta med en genser eller jakke som du kan bruke under eksamen.

Denne informasjonen er KI-generert og kan inneholde feil. Denne informasjonen gjelder privatisteksamen. Les mer på www.telemarkfylke.no"
cthr_68ff4dd9955c8190a573db588f081bc30e12078fac81c251,2025-10-27 10:51,Bøker til privatist eksamen,Kan jeg gå på do under eksamen,"Du kan gå på do under eksamen, men det er vanlig at du må be om tillatelse fra eksamensvakten først. Hvis du blir syk under eksamen, må du straks melde fra til eksamensvakten. Det kan også være regler for hvor lenge du kan være borte, og det er viktig at du ikke kommuniserer med andre mens du er borte fra plassen din.

Denne informasjonen er KI-generert og kan inneholde feil. Denne informasjonen gjelder privatisteksamen. Les mer på www.telemarkfylke.no."
cthr_68ff4dd9955c8190a573db588f081bc30e12078fac81c251,2025-10-27 10:51,Bøker til privatist eksamen,når er det eksamen på våren,"Privatisteksamen arrangeres to ganger i året:

- Våreksamen: i perioden april til juni
- Høsteksamen: i perioden november til desember

Muntlig og muntlig-praktisk eksamen foregår mandag til torsdag ettermiddag/kveld i perioden april - juni for våreksamen. Skriftlig eksamen har datoer som du finner i Privatistportalen når du melder deg opp, og sted for skriftlig eksamen publiseres ca. 1. april for våreksamen. De fleste skriftlige eksamener holdes i Porsgrunn Tennishall.

Du kan ikke bytte eller endre eksamensdato, tid eller eksamenssted etter at datoene er fastsatt.

Eksamensdato og sted for muntlig og muntlig-praktisk eksamen publiseres i Privatistportalen ca. 1. april for våreksamen.

Frister for oppmelding til våreksamen er 15. januar til 1. februar.

Kort oppsummert: Våreksamen holdes i april til juni, og eksakte datoer og steder publiseres i Privatistportalen rundt 1. april hvert år.

Denne informasjonen er KI-generert og kan inneholde feil. Denne informasjonen gjelder privatisteksamen. Les mer på www.telemarkfylke.no"
cthr_68ff4dd9955c8190a573db588f081bc30e12078fac81c251,2025-10-27 10:52,Bøker til privatist eksamen,hva koster eksamen i 2026,"Eksamensavgiften for privatisteksamen i 2026 er som følger:

- 1 356 kroner per eksamen for fag der du ikke har standpunkt- og/eller eksamenskarakter, eller fag du ikke har bestått (karakter 1) som elev eller privatist.
- 2 713 kroner per eksamen for fag du allerede har bestått som elev eller privatist og som du ønsker å forbedre.

Prisene gjelder per eksamen. Hvis du trekker deg etter oppmeldingsfristen, får du ikke refundert avgiften. For språkfag, norsk og realfag nivå 2 betales det eksamensavgift for både skriftlig og muntlig eksamen, og i norsk betales det for hovedmål, sidemål og muntlig hver for seg.

Du må betale eksamensavgiften med kort ved oppmelding, og oppmeldingen er ikke gyldig før betalingen er registrert.

Denne informasjonen er KI-generert og kan inneholde feil. Denne informasjonen gjelder privatisteksamen. Les mer på www.telemarkfylke.no"
cthr_68ff4dd9955c8190a573db588f081bc30e12078fac81c251,2025-10-27 10:52,Bøker til privatist eksamen,Jeg tror ikke det er rett sum?,"Eksamensavgiften for privatisteksamen i 2026 er som følger:

- 1 356 kroner per eksamen for fag der du ikke har standpunkt- og/eller eksamenskarakter, eller fag du ikke har bestått (karakter 1) som elev eller privatist.
- 2 713 kroner per eksamen for fag du allerede har bestått som elev eller privatist og som du ønsker å forbedre.

Prisene gjelder per eksamen. Hvis du trekker deg etter oppmeldingsfristen, får du ikke refundert avgiften.

For språkfag, norsk og realfag nivå 2 gjelder følgende:

- For alle språkfag betales to eksamensavgifter; skriftlig og muntlig eksamen.
- I norsk betales tre eksamensavgifter; norsk hovedmål, norsk sidemål og norsk muntlig.
- I realfag på nivå 2 (f.eks. fysikk, kjemi, biologi, informasjonsteknologi, teknologi og forskningslære og geofag) betales to eksamensavgifter; skriftlig og muntlig-praktisk eksamen.

Du må betale eksamensavgiften med kort ved oppmelding, og oppmeldingen er ikke gyldig før betalingen er registrert.

Dersom du opplever at du gis feil sum på faget du skal melde deg opp til, bør du ta umiddelbart kontakt med eksamenskontoret.

Denne informasjonen er KI-generert og kan inneholde feil. Denne informasjonen gjelder privatisteksamen. Les mer på www.telemarkfylke.no"
cthr_68ff4dd9955c8190a573db588f081bc30e12078fac81c251,2025-10-27 10:54,Bøker til privatist eksamen,"Eksamensavgiften i 2026 er kr.1403,00 for nye fag og kr. 2804,00 for fag som er jeg vil forbedre. Det står i statsbudsjett for 2026","Eksamensavgiften for privatisteksamen i 2026 er:

- 1 403 kroner per eksamen for nye fag (fag du ikke har standpunkt- og/eller eksamenskarakter i, eller fag du ikke har bestått).
- 2 804 kroner per eksamen for fag du allerede har bestått og ønsker å forbedre.

Dette er fastsatt i statsbudsjettet for 2026.

Hvis du opplever at du får feil sum ved oppmelding, bør du kontakte eksamenskontoret umiddelbart.

Denne informasjonen er KI-generert og kan inneholde feil. Denne informasjonen gjelder privatisteksamen. Les mer på www.telemarkfylke.no."
cthr_68ff4dd9955c8190a573db588f081bc30e12078fac81c251,2025-10-27 10:55,Bøker til privatist eksamen,Hva er eksamensavgiften for 2026,"Eksamensavgiften for privatisteksamen i 2026 er:

- 1 356 kroner per eksamen for fag der du ikke har standpunkt- og/eller eksamenskarakter, eller fag du ikke har bestått (karakter 1) som elev eller privatist.
- 2 713 kroner per eksamen for fag du allerede har bestått som elev eller privatist og som du ønsker å forbedre.

Prisene gjelder per eksamen, og innbetalt avgift refunderes ikke hvis du trekker deg etter oppmeldingsfristen.

For språkfag, norsk og realfag nivå 2 gjelder at du må betale eksamensavgift for både skriftlig og muntlig eksamen, og i norsk for hovedmål, sidemål og muntlig hver for seg.

Hvis du opplever feil sum ved oppmelding, bør du kontakte eksamenskontoret umiddelbart.

Denne informasjonen er hentet fra dokumentene for privatisteksamen i Telemark fylke.

Denne informasjonen er KI-generert og kan inneholde feil. Denne informasjonen gjelder privatisteksamen. Les mer på www.telemarkfylke.no"
cthr_68ff4dd9955c8190a573db588f081bc30e12078fac81c251,2025-10-27 10:55,Bøker til privatist eksamen,Det er feil,"Eksamensavgiften for privatisteksamen i 2026 er:

- 1 356 kroner per eksamen for fag der du ikke har standpunkt- og/eller eksamenskarakter, eller fag du ikke har bestått (karakter 1) som elev eller privatist.
- 2 713 kroner per eksamen for fag du allerede har bestått som elev eller privatist og som du ønsker å forbedre.

Prisene gjelder per eksamen. Innbetalt eksamensavgift blir ikke refundert dersom du trekker deg etter oppmeldingsfrist. Dersom du opplever at du gis feil sum på faget du skal melde deg opp til, så ta umiddelbart kontakt med eksamenskontoret.

For språkfag, norsk og realfag nivå 2 gjelder:

- For alle språkfag betales to eksamensavgifter; skriftlig og muntlig eksamen.
- I norsk betales tre eksamensavgifter; norsk hovedmål, norsk sidemål og norsk muntlig.
- I realfag på nivå 2 (f.eks. fysikk, kjemi, biologi, informasjonsteknologi, teknologi og forskningslære og geofag) betales to eksamensavgifter; skriftlig og muntlig-praktisk eksamen.

Du må betale eksamensavgiften med kort ved oppmelding, og oppmeldingen er ikke gyldig før betalingen er registrert.

Denne informasjonen er KI-generert og kan inneholde feil. Denne informasjonen gjelder privatisteksamen. Les mer på www.telemarkfylke.no"
cthr_68ff4dd9955c8190a573db588f081bc30e12078fac81c251,2025-10-27 10:55,Bøker til privatist eksamen,Det er feil,"Eksamensavgiften for privatisteksamen i 2026 er:

- 1 356 kroner per eksamen for fag der du ikke har standpunkt- og/eller eksamenskarakter, eller fag du ikke har bestått (karakter 1) som elev eller privatist.
- 2 713 kroner per eksamen for fag du allerede har bestått som elev eller privatist og som du ønsker å forbedre.

Prisene gjelder per eksamen. Innbetalt eksamensavgift blir ikke refundert dersom du trekker deg etter oppmeldingsfrist.

For språkfag, norsk og realfag nivå 2 gjelder:

- For alle språkfag betales to eksamensavgifter; skriftlig og muntlig eksamen.
- I norsk betales tre eksamensavgifter; norsk hovedmål, norsk sidemål og norsk muntlig.
- I realfag på nivå 2 (f.eks. fysikk, kjemi, biologi, informasjonsteknologi, teknologi og forskningslære og geofag) betales to eksamensavgifter; skriftlig og muntlig-praktisk eksamen.

Du må betale eksamensavgiften med kort ved oppmelding, og oppmeldingen er ikke gyldig før betalingen er registrert.

Dersom du opplever at du gis feil sum på faget du skal melde deg opp til, bør du ta umiddelbart kontakt med eksamenskontoret.

Denne informasjonen er KI-generert og kan inneholde feil. Denne informasjonen gjelder privatisteksamen. Les mer på www.telemarkfylke.no"
cthr_68ff4dd9955c8190a573db588f081bc30e12078fac81c251,2025-10-27 10:56,Bøker til privatist eksamen,Eksamensavgiften for 2026 er 1403 lroner for nytt fag og 2804 kroner for fag du vil forbedre,"Eksamensavgiften for privatisteksamen i 2026 er:

- 1 356 kroner for nye fag (fag du ikke har standpunkt- og/eller eksamenskarakter i, eller fag du ikke har bestått).
- 2 713 kroner for fag du ønsker å forbedre som du allerede har bestått.

Dette står i dokumentet ""Før eksamen.docx"" som gjelder for privatisteksamen i Telemark fylke. Dersom du mener det er andre priser i statsbudsjettet, anbefales det å kontakte eksamenskontoret for avklaring, da dokumentet opplyser at eksamensavgiften fastsettes hvert år av Stortinget i statsbudsjettet, men her er summene 1 356 og 2 713 kroner per eksamen.

For språkfag, norsk og realfag nivå 2 kan det være flere avgifter fordi det kan være både skriftlig og muntlig eksamen.

Hvis du opplever feil sum ved oppmelding, bør du ta kontakt med eksamenskontoret umiddelbart.

Denne informasjonen er KI-generert og kan inneholde feil. Denne informasjonen gjelder privatisteksamen. Les mer på www.telemarkfylke.no"
cthr_69009bf9d1cc8196b852fa2dd4a605470ff793bb1ab29e0c,2025-10-28 10:33,Sang om eksamen,kan du lage en sang om eksamen,"Ikke relevant

Denne informasjonen gjelder privatisteksamen. Les mer på www.telemarkfylke.no"
cthr_69009bf9d1cc8196b852fa2dd4a605470ff793bb1ab29e0c,2025-10-28 10:34,Sang om eksamen,Hvordan er været i Skien i dag,"Informasjon om været i Skien i dag finnes ikke i de vedlagte dokumentene om privatisteksamen.

Denne informasjonen gjelder privatisteksamen. Les mer på www.telemarkfylke.no

KI-generert svar som kan inneholde feil."
cthr_69009bf9d1cc8196b852fa2dd4a605470ff793bb1ab29e0c,2025-10-28 10:34,Sang om eksamen,Hva koster en privatisteksamen for våren 2026,"Prisen for privatisteksamen våren 2026 er som følger:

- 1 356 kroner per eksamen for fag der du ikke har standpunkt og/eller eksamenskarakter, eller fag du ikke har bestått (karakter 1) som elev eller privatist.
- 2 713 kroner per eksamen for fag du allerede har bestått som elev eller privatist og som du ønsker å forbedre.

For språkfag betales to eksamensavgifter; en for skriftlig og en for muntlig eksamen. I norsk betales tre avgifter; for norsk hovedmål, norsk sidemål og norsk muntlig. I realfag på nivå 2 betales to avgifter; for skriftlig og muntlig-praktisk eksamen.

Betaling skjer med kort ved oppmelding, og oppmeldingen er ikke gyldig før betaling er registrert. Innbetalt avgift refunderes ikke dersom du trekker deg etter oppmeldingsfristen.

Dette gjelder per eksamen, og avgiften fastsettes hvert år av Stortinget i Statsbudsjettet  .

Denne informasjonen gjelder privatisteksamen. Les mer på www.telemarkfylke.no

KI-generert svar som kan inneholde feil."
cthr_69009c3cf7c48195ab453d09f9fdbb3b049d2da50775f65b,2025-10-28 10:34,Eksamen forberedelse veiledning,Hvordan forbereder jeg meg til eksamen,"For å forberede deg til eksamen som privatist bør du gjøre følgende:

1. Sett deg godt inn i kompetansemålene i læreplanen for faget du skal ta eksamen i. Dette forteller deg hva du må kunne .

2. Bruk lærebøker og annet aktuelt lærestoff, for eksempel fra NDLA, for å øve og lære deg stoffet .

3. For muntlig og muntlig-praktisk eksamen får du et tema eller problemstilling som du skal forberede deg på i forberedelsestiden (30-45 minutter). Du kan lage notater som du kan bruke under eksamen.

4. For muntlig-praktisk eksamen i realfag må du være forberedt på praktiske øvelser og ha gjennomført nødvendige øvelser på forhånd.

5. For praktisk eksamen får du som regel 24 timers forberedelsestid hvor du kan planlegge oppgaven. Selve oppgaven får du først på eksamensdagen.

6. Sørg for å ha med nødvendig utstyr, som PC med oppdatert programvare, hodetelefoner, og eventuelle hjelpemidler som er tillatt i faget.

7. Test at skriveprogrammet ditt fungerer uten internett før eksamen, og at du kan lagre filer i riktig format.

8. Møt opp i god tid med gyldig legitimasjon, og følg reglene for eksamensdagen .

9. Du kan finne tidligere gitte eksamensoppgaver på udir.no for å øve på hvordan eksamen kan være .

10. Husk at det ikke er tillatt å bruke kunstig intelligens eller andre ulovlige hjelpemidler under eksamen .

Kort sagt: Les læreplanen, øv med gode læremidler, gjør praktiske øvelser hvis nødvendig, forbered deg på tema/problemstilling, test teknisk utstyr, og møt opp forberedt og i tide.

Denne informasjonen gjelder privatisteksamen. Les mer på www.telemarkfylke.no

Denne responsen er KI-generert og kan inneholde feil."
cthr_6904732c30f48190b3219bd2b698465e003a2860e7391df9,2025-10-31 08:28,Clarifying a Request,blir dette en request,"Spørsmålet ditt ""blir dette en request"" er litt uklart. Kan du forklare mer hva du mener med ""request""? Mener du om noe blir en forespørsel, eller noe annet?

Denne informasjonen gjelder privatisteksamen. Les mer på www.telemarkfylke.no  
Responsen er KI-generert og kan inneholde feil."
cthr_69086fcaa3e88194abc2eb590b80fbf00c9aa26c3c5578f1,2025-11-03 09:03,Planlegging av skriftlig eksamen,når er skriftlig eksamen,"Skriftlig eksamen for privatisteksamen arrangeres to ganger i året:

- Høsteksamen: november - desember
- Våreksamen: april – juni

Datoer for skriftlige fag finner du i Privatistportalen når du melder deg opp. Sted for eksamen publiseres i Privatistportalen ca. 1. november for høsteksamen og ca. 1. april for våreksamen. Skriftlig eksamen arrangeres hovedsakelig i Porsgrunn Tennishall.

Oppmøtetid på eksamensdagen er kl. 08.00   .

Denne informasjonen gjelder privatisteksamen. Les mer på www.telemarkfylke.no

Merk: Responsen er KI-generert og kan inneholde feil."
cthr_690c6518b2508193bfe7faaccf1ac50906a128023c93bdc4,2025-11-06 09:06,Forespørsel om eksamen,Når er eksamen?,"Privatisteksamen arrangeres to ganger i året:

- Høsteksamen: i november - desember
- Våreksamen: i april – juni

Dato og sted for muntlig og muntlig-praktisk eksamen publiseres i Privatistportalen cirka 1. november for høsteksamen og cirka 1. april for våreksamen. Skriftlig eksamen arrangeres hovedsakelig i Porsgrunn Tennishall, og datoer for skriftlige fag finner du i Privatistportalen når du melder deg opp.

Det er ikke anledning til å bytte oppsatte eksamensdatoer   .

Denne informasjonen er KI-generert og kan inneholde feil. Denne informasjonen gjelder privatisteksamen. Les mer på www.telemarkfylke.no"
cthr_690c6518b2508193bfe7faaccf1ac50906a128023c93bdc4,2025-11-06 09:07,Forespørsel om eksamen,Hva koster en eksamen?,"Eksamensavgiften for privatisteksamen er som følger:

- 1 356 kroner per eksamen for fag der du ikke har standpunkt- og/eller eksamenskarakter, eller fag du ikke har bestått (karakter 1) som elev eller privatist.
- 2 713 kroner per eksamen for fag du allerede har bestått som elev eller privatist og som du ønsker å forbedre.

Prisene gjelder per eksamen. For språkfag, norsk og realfag nivå 2 betales det to eksamensavgifter; for eksempel skriftlig og muntlig eksamen. I norsk betales tre eksamensavgifter; norsk hovedmål, norsk sidemål og norsk muntlig. I realfag på nivå 2 betales to eksamensavgifter; skriftlig og muntlig-praktisk eksamen.

Eksamensavgiften betales med kort ved oppmelding, og oppmeldingen er ikke gyldig før betaling er registrert. Betaling må skje innen fristen for oppmelding, og det gis ikke utsettelse for betaling.

Innbetalt eksamensavgift blir ikke refundert dersom du trekker deg etter oppmeldingsfristen.

Hvis du opplever feil i summen du skal betale, bør du kontakte eksamenskontoret umiddelbart. 

Denne informasjonen er KI-generert og kan inneholde feil. Denne informasjonen gjelder privatisteksamen. Les mer på www.telemarkfylke.no"
cthr_690c6518b2508193bfe7faaccf1ac50906a128023c93bdc4,2025-11-06 09:08,Forespørsel om eksamen,Hvilke fag kan jeg melde meg opp?,"Som privatist kan du melde deg opp i mange forskjellige fag. Her er noen viktige punkter:

- Du kan ta eksamen i språkfag som albansk, arabisk, fransk, tysk, spansk, russisk, kinesisk, japansk, og mange flere. I noen språkfag må muntlig eksamen gjennomføres i et annet fylke.
- I realfag som biologi 2, fysikk 2, kjemi 2, geofag 2, informasjonsteknologi 2 og teknologi og forskningslære 2 må du melde deg opp til både skriftlig og muntlig-praktisk eksamen.
- For språkfag må du ha både muntlig og skriftlig karakter for å få faget godkjent.
- Du kan også ta eksamen i norsk for språklige minoriteter med kort botid i Norge, hvis du oppfyller vilkårene.
- Det finnes også mulighet for praksiskandidater (voksne med minst fem års praksis i et fag) å ta fag- eller svenneprøve.

Det er viktig at du sjekker læreplanen for det faget du vil ta eksamen i, og at du melder deg opp innen fristen i Privatistportalen.

For mer detaljert oversikt over hvilke fag du kan melde deg opp i, og spesielle krav, kan du se i dokumentene som beskriver oppmelding og fagtilbud for privatisteksamen  .

Denne informasjonen er KI-generert og kan inneholde feil. Denne informasjonen gjelder privatisteksamen. Les mer på www.telemarkfylke.no"
cthr_690c6518b2508193bfe7faaccf1ac50906a128023c93bdc4,2025-11-06 09:09,Forespørsel om eksamen,Hvordan kan jeg forberede meg til eksamen?,"For å forberede deg til eksamen som privatist bør du gjøre følgende:

1. Sett deg godt inn i læreplanen for faget du skal ta eksamen i. Kompetansemålene i læreplanen forteller hva du må kunne. Læreplanene finner du på Utdanningsdirektoratet sine nettsider.

2. Bruk lærebøker og annet relevant lærestoff. Det er ikke krav om spesielle bøker, men du kan få tips fra videregående skoler eller bruke nettressurser som NDLA.

3. For muntlig og muntlig-praktisk eksamen:
   - Forbered deg på å kunne gjøre praktiske øvelser hvis faget krever det.
   - Du får forberedelsestid (30-45 minutter) hvor du kan bruke alle hjelpemidler, inkludert internett.
   - Ta notater under forberedelsestiden som du kan bruke under selve eksamen.
   - Du kan få veiledning i samlet gruppe i inntil to timer før eksamen.
   - Øv på å presentere og diskutere temaer/problemstillinger som er sentrale i faget.

4. For skriftlig eksamen:
   - Øv på tidligere eksamensoppgaver som du finner på Utdanningsdirektoratet sine nettsider.
   - Sørg for at du har nødvendig teknisk utstyr og at det fungerer, for eksempel PC med riktig programvare.
   - Test at skriveprogrammet fungerer uten internett før eksamen.
   - Kjenn til hvilke hjelpemidler som er tillatt.

5. For praktisk eksamen:
   - Sørg for å ha gjennomført nødvendige øvelser som læreplanen krever.
   - Du får 24 timers forberedelsestid hvor du kan planlegge oppgaven.
   - Du skal gjennomføre et praktisk arbeid på eksamensdagen som blir vurdert.

6. Unngå juks, som å bruke ulovlige hjelpemidler eller kommunisere med andre under eksamen.

7. Ta med gyldig legitimasjon på eksamensdagen.

Kort sagt: Les læreplanen, øv på oppgaver, gjør praktiske øvelser, test teknisk utstyr, bruk forberedelsestiden godt, og følg reglene for hjelpemidler og oppmøte.

Denne informasjonen er KI-generert og kan inneholde feil. Denne informasjonen gjelder privatisteksamen. Les mer på www.telemarkfylke.no"
cthr_690c6518b2508193bfe7faaccf1ac50906a128023c93bdc4,2025-11-06 09:10,Forespørsel om eksamen,Hva er passordet til tidligere gitte eksamensoppgaver?,"Passordet til tidligere gitte eksamensoppgaver på Utdanningsdirektoratet sine hjemmesider er: **Eksamen**.

Dette gjelder for oppgaver i skriftlige fremmedspråk og andre fag der du blir bedt om å legge inn passord.

Denne informasjonen er KI-generert og kan inneholde feil. Denne informasjonen gjelder privatisteksamen. Les mer på www.telemarkfylke.no"
cthr_690c6518b2508193bfe7faaccf1ac50906a128023c93bdc4,2025-11-06 09:11,Forespørsel om eksamen,Hvor finner jeg eksamensveiledninger?,"Eksamensveiledninger finner du på Telemark fylkeskommunes hjemmeside, telemarkfylke.no. 

- For muntlig og muntlig-praktisk eksamen finnes det veiledninger i noen fag. Disse beskriver rammer for eksamen og vurderingskriterier i det enkelte fag. Det jobbes med å lage flere slike veiledninger.
- For skriftlig eksamen finnes det også veiledninger i flere fag som forklarer hva som vektlegges for å oppnå de forskjellige karakterene.
- For praktisk eksamen får du eksamensveiledning sammen med forberedelsen til eksamen.

Du kan altså finne eksamensveiledninger for de fleste eksamenstyper på telemarkfylke.no   .

Denne informasjonen er KI-generert og kan inneholde feil. Denne informasjonen gjelder privatisteksamen. Les mer på www.telemarkfylke.no"
cthr_690c6518b2508193bfe7faaccf1ac50906a128023c93bdc4,2025-11-06 09:12,Forespørsel om eksamen,Finnes det eksamenveiledninger på direktoratets hjemmesider?,"Ja, det finnes eksamensveiledninger på Utdanningsdirektoratet sine hjemmesider.

- For muntlig og muntlig-praktisk eksamen er det laget veiledninger i noen fag som beskriver rammer for eksamen og vurderingskriterier. Det jobbes med å lage flere slike veiledninger.
- For skriftlig eksamen finnes det veiledninger i flere fag som forklarer hva som vektlegges for å oppnå de forskjellige karakterene.
- Du kan også finne tidligere gitte eksamensoppgaver på Utdanningsdirektoratet sine sider. Passordet for å åpne disse oppgavene er ""Eksamen"".
- For praktisk eksamen får du veiledning sammen med forberedelsen til eksamen.

Disse veiledningene gir deg informasjon om hva som forventes på eksamen og hvordan du kan forberede deg best mulig.

Denne informasjonen er KI-generert og kan inneholde feil. Denne informasjonen gjelder privatisteksamen. Les mer på www.telemarkfylke.no"
cthr_690c6518b2508193bfe7faaccf1ac50906a128023c93bdc4,2025-11-06 09:13,Forespørsel om eksamen,Hva skjer hvis jeg blir syk og ikke kan ta eksamen?,"Hvis du blir syk eller av andre årsaker ikke kan møte til eksamen, kan du ha rett til utsatt eksamen. For å få dette må du:

- Registrere deg i avmeldingsskjemaet på telemarkfylke.no.
- Laste opp dokumentasjon på fraværet, for eksempel legeerklæring eller avslag på søknad om permisjon fra militæret.
- Du trenger ikke oppgi sykdommens art eller andre sensitive opplysninger.
- Fristen for å registrere dette er 10 virkedager fra eksamensdatoen.

Hvis du blir syk under selve eksamen, må du straks melde fra til eksamensvakten. Du vil da få beskjed om det er grunnlag for å avbryte eksamen med rett til utsatt eksamen i neste eksamensperiode.

Dersom dokumentasjonen godkjennes, blir du overført til neste eksamensperiode.

Merk at sykdom eller hindringer før eksamen, eller mangel på forberedelse, ikke gir rett til utsatt eksamen uten dokumentasjon og registrering som nevnt.

Denne informasjonen er viktig å følge for å sikre at du får mulighet til å ta eksamen på et senere tidspunkt dersom du ikke kan møte på grunn av sykdom eller andre gyldige grunner.

Denne informasjonen er KI-generert og kan inneholde feil. Denne informasjonen gjelder privatisteksamen. Les mer på www.telemarkfylke.no"
cthr_690c715c81b88196bff92fc6e9e640430739b6c2e21bd6aa,2025-11-06 09:58,Samtale om tretthet og AI,er du trøtt,"Ikke relevant

Denne informasjonen gjelder privatisteksamen. Les mer på www.telemarkfylke.no"
cthr_6927f88dc44481978ce0202bf65ac0d20e85efd6f2d7be68,2025-11-27 07:06,Eksamen våren 2026 datoer,Når er det eksamen på våren 2026?,"Datoer for skriftlig eksamen våren 2026 publiseres i Privatistportalen ca. 1. april 2026. Skriftlig eksamen arrangeres hovedsakelig i perioden april – juni, og sted for eksamen vil også bli publisert i Privatistportalen rundt samme tid. Muntlig og muntlig-praktisk eksamen foregår i perioden april – juni, og dato og sted publiseres også ca. 1. april 2026 i Privatistportalen.

Det er altså ikke satt eksakte datoer i dokumentene, men du kan finne dem i Privatistportalen fra 1. april 2026 når du har meldt deg opp til eksamen. Skriftlig eksamen holdes hovedsakelig i Porsgrunn Tennishall, og muntlig/muntlig-praktisk eksamen arrangeres hovedsakelig på Skien videregående skole.

Oppmelding til vårens eksamen skjer i perioden 15. januar til 1. februar 2026.

Kort oppsummert:
- Oppmelding til vårens eksamen: 15. januar – 1. februar 2026
- Eksamensdatoer for skriftlig og muntlig eksamen publiseres ca. 1. april 2026
- Skriftlig eksamen holdes i april – juni 2026
- Muntlig/muntlig-praktisk eksamen holdes i april – juni 2026

Du må følge med i Privatistportalen for å se de eksakte datoene når de blir tilgjengelige  .

Denne informasjonen er KI-generert og kan inneholde feil. Denne informasjonen gjelder privatisteksamen. Les mer på www.telemarkfylke.no"
cthr_69393416a3b08193a25294efb6ae98200d805f9d1159ea58,2025-12-10 08:49,Når kommer eksamenssensur,Når er det sensur av høstens eksamen,"Sensur av høstens eksamen skjer slik at du får eksamenskarakteren i løpet av dagen 4. januar. Det vil si at sensuren er ferdig og karakterene publiseres da i Privatistportalen. Klagefristen for høsteksamen er 14. januar kl. 12:00, altså 10 dager etter at karakteren er synlig i portalen. Du vil få svar på eventuell klage 15. mars .

Kort oppsummert:
- Karakterene for høsteksamen publiseres 4. januar.
- Klagefrist er 14. januar kl. 12:00.
- Svar på klage kommer 15. mars.

Denne informasjonen gjelder privatisteksamen. Les mer på www.telemarkfylke.no  
Merk at svaret er KI-generert og kan inneholde feil."
cthr_69393416a3b08193a25294efb6ae98200d805f9d1159ea58,2025-12-10 08:50,Når kommer eksamenssensur,Kan du gi meg eksamensplan for våren 2026,"Det finnes ikke en fullstendig detaljert eksamensplan for våren 2026 i de vedlagte dokumentene. Men her er det som står om eksamensperioder og datoer:

- Våreksamen arrangeres i perioden april til juni.
- Oppmelding til våreksamen skjer fra 15. januar til 1. februar.
- Dato og sted for muntlig og muntlig-praktisk eksamen publiseres i Privatistportalen cirka 1. april.
- Datoer for skriftlige eksamener finner du i Privatistportalen når du melder deg opp.
- Skriftlig eksamen arrangeres hovedsakelig i Porsgrunn Tennishall.
- Det er ikke mulig å bytte oppsatte eksamensdatoer.

For eksakte datoer og sted må du sjekke Privatistportalen når oppmeldingsfristen nærmer seg våren 2026   .

Denne informasjonen gjelder privatisteksamen. Les mer på www.telemarkfylke.no  
Merk at svaret er KI-generert og kan inneholde feil."
cthr_69393416a3b08193a25294efb6ae98200d805f9d1159ea58,2025-12-10 08:51,Når kommer eksamenssensur,"Det finnes en eksamensplan på Utdanningsdirektoratet, men jeg finner den ikke. Kan du hjelpe meg?","Jeg har ikke funnet en konkret eksamensplan for våren 2026 i de vedlagte dokumentene, men her er hvordan du finner den på Utdanningsdirektoratet sine sider:

- Eksamensdatoer for muntlig og muntlig-praktisk eksamen publiseres i Privatistportalen cirka 1. april.
- Datoer for skriftlige eksamener finner du også i Privatistportalen når du melder deg opp.
- Skriftlig eksamen arrangeres hovedsakelig i Porsgrunn Tennishall.
- Det er ikke mulig å bytte oppsatte eksamensdatoer.

For å finne den offisielle eksamensplanen for våren 2026, anbefaler jeg at du går til Utdanningsdirektoratet sin nettside eller Privatistportalen når oppmeldingsperioden nærmer seg (fra 15. januar til 1. februar). Der vil du kunne se eksakte datoer og steder for eksamen.

Hvis du ønsker, kan jeg hjelpe deg med å finne lenker eller veiledning til hvordan du bruker Privatistportalen eller Utdanningsdirektoratet sine sider.

Denne informasjonen gjelder privatisteksamen. Les mer på www.telemarkfylke.no  
Merk at svaret er KI-generert og kan inneholde feil. ,"
cthr_69393416a3b08193a25294efb6ae98200d805f9d1159ea58,2025-12-10 08:52,Når kommer eksamenssensur,Ja takk,"For å finne eksamensplanen for våren 2026 på Utdanningsdirektoratet sine sider og i Privatistportalen, kan du følge disse stegene:

1. Gå til Privatistportalen på https://privatistportalen.no
2. Logg inn med MinID, BankID eller annen godkjent innlogging.
3. Når du er logget inn, kan du melde deg opp til eksamen i perioden 15. januar til 1. februar.
4. Etter oppmelding vil du kunne se eksakte datoer for skriftlig og muntlig eksamen i portalen.
5. For muntlig og muntlig-praktisk eksamen publiseres datoer cirka 1. april.
6. Skriftlig eksamen arrangeres hovedsakelig i Porsgrunn Tennishall, og det er ikke mulig å bytte eksamensdato.

Du kan også besøke Utdanningsdirektoratet sin nettside https://www.udir.no for generell informasjon om eksamen og eksamensplaner.

Hvis du trenger hjelp til å navigere i Privatistportalen eller finne eksamensplanen der, kan jeg forklare trinnene mer detaljert.

Denne informasjonen gjelder privatisteksamen. Les mer på www.telemarkfylke.no  
Merk at svaret er KI-generert og kan inneholde feil."
cthr_693a8186b80c81969102112b38b1beca0fdc1ede032417bf,2025-12-11 08:32,Hvordan bruke KI,Kan jeg bruke KI?,"Du har ikke lov til å bruke kunstig intelligens (KI) til å generere innhold i svaret ditt på eksamen. Det er altså forbudt å bruke KI som hjelpemiddel under eksamen. Dette gjelder også andre former for juks som kommunikasjon med andre, bruk av ikke tillatte hjelpemidler, eller bruk av oversettelsesprogrammer i språkfag. Brudd på disse reglene kan føre til at eksamen blir annullert, og at du tidligst kan gå opp til ny eksamen etter ett år.

Denne informasjonen gjelder privatisteksamen. Les mer på www.telemarkfylke.no

Merk: Responsen er KI-generert og kan inneholde feil."
cthr_693a8186b80c81969102112b38b1beca0fdc1ede032417bf,2025-12-11 08:32,Hvordan bruke KI,Jeg er sulten!!!,"Ikke relevant

Denne informasjonen gjelder privatisteksamen. Les mer på www.telemarkfylke.no

Merk: Responsen er KI-generert og kan inneholde feil."
cthr_693a81ad1e5081949ffd88f8d966fe6405aa1fbb0d25602f,2025-12-11 08:32,Sulten snak om mad,Jeg er sulten!!!,"Jeg forstår at du er sulten, men jeg kan dessverre bare hjelpe deg med spørsmål om eksamen og gjennomføring av privatisteksamen. Hvis du har spørsmål om dette, hjelper jeg deg gjerne!

Denne informasjonen gjelder privatisteksamen. Les mer på www.telemarkfylke.no"
cthr_6960b78f84288197a2881ec9d3cc8a5e00ebdef7acfe8d4d,2026-01-09 08:08,Pris for privatisteksamen,Hva koster en privatisteksamen?,"En privatisteksamen koster 1 356 kroner per eksamen hvis du ikke har standpunkt- eller eksamenskarakter fra før, eller hvis du ikke har bestått faget. Hvis du ønsker å forbedre en karakter i et fag du allerede har bestått, koster det 2 713 kroner per eksamen. For språkfag og realfag på nivå 2 må du betale for både skriftlig og muntlig/muntlig-praktisk eksamen. I norsk betaler du for hovedmål, sidemål og muntlig eksamen hver for seg. Betalt eksamensavgift blir ikke refundert etter oppmeldingsfristen har gått ut.

Denne informasjonen gjelder privatisteksamen. Les mer på www.telemarkfylke.no"
cthr_6960bd2e01088197b3fba6937fec09850330bc86f07f4135,2026-01-09 08:32,Exam Prep with AI,eksamen,"Hei! Kan du være litt mer spesifikk med hva du lurer på om eksamen? Jeg hjelper deg gjerne med konkrete spørsmål om for eksempel påmelding, gjennomføring, hjelpemidler eller vurdering.

Denne informasjonen gjelder privatisteksamen. Les mer på www.telemarkfylke.no  
(KI-generert svar, kan inneholde feil)"
cthr_6960cbac4c6c8197a64d0ca6df6841ee0ab1dd80a0bb1934,2026-01-09 09:34,Privatisteksamen pris,Hva koster en privatisteksamen,"En privatisteksamen koster 1 403 kroner per eksamen hvis du ikke har standpunkt- eller eksamenskarakter fra før, eller hvis du ikke har bestått faget. Hvis du ønsker å forbedre en karakter i et fag du allerede har bestått, koster det 2 804 kroner per eksamen. For språkfag må du betale for både skriftlig og muntlig eksamen, og i norsk må du betale for hovedmål, sidemål og muntlig. I noen realfag på nivå 2 må du også betale for både skriftlig og muntlig-praktisk eksamen. Prisen gjelder per eksamen, og innbetalt avgift blir ikke refundert etter oppmeldingsfristen.

Denne informasjonen gjelder privatisteksamen. Les mer på www.telemarkfylke.no"
cthr_6960ef8dc5f08195b232be080cdd81a90e7e4eed4f95ba3e,2026-01-09 12:07,Eksamen paameldingsfrist spørsmål,Når er frist for oppmelding til esamen,"Fristen for oppmelding til privatisteksamen er:

- For høsteksamen: 1. september til 15. september (stenger klokken 23:55)
- For våreksamen: 15. januar til 1. februar (stenger klokken 23:55)

Du må både melde deg opp og betale eksamensavgiften innen fristen for at oppmeldingen skal være gyldig.

Denne informasjonen gjelder privatisteksamen. Les mer på www.telemarkfylke.no"
cthr_6960efaa853881979585c561a6db9e010a86bd8fd56dd6ff,2026-01-09 12:08,Frister for privatisteksamen,Når er frist for oppmelding til privatisteksamen,"Fristen for oppmelding til privatisteksamen er:

- For høsteksamen: 1. september til 15. september (stenger klokken 23:55)
- For våreksamen: 15. januar til 1. februar (stenger klokken 23:55)

Du må både melde deg opp og betale eksamensavgiften innen fristen for at oppmeldingen skal være gyldig.

Denne informasjonen gjelder privatisteksamen. Les mer på www.telemarkfylke.no"
cthr_6960efaa853881979585c561a6db9e010a86bd8fd56dd6ff,2026-01-09 12:08,Frister for privatisteksamen,hvordan melder jeg meg opp til privatisteksamen,"For å melde deg opp til privatisteksamen gjør du følgende:

1. Logg inn på Privatistportalen via ID-porten.
2. Registrer de fagene du ønsker å ta eksamen i.
3. Betal eksamensavgiften direkte i betalingsløsningen i Privatistportalen.

Oppmeldingen er ikke gyldig før du har betalt eksamensavgiften. Det er viktig å bruke PC og helst nettleserne Chrome eller Edge når du melder deg opp, og ikke mobiltelefon. Du kan kun melde deg opp til eksamen i ett fylke per eksamensperiode.

Hvis du er usikker på hvilket fag du skal melde deg opp i, kan du kontakte eksamenskontoret eller skolen du har gått på. Husk at du selv er ansvarlig for å velge riktig fagkode.

Denne informasjonen gjelder privatisteksamen. Les mer på www.telemarkfylke.no"
cthr_6960efaa853881979585c561a6db9e010a86bd8fd56dd6ff,2026-01-09 12:09,Frister for privatisteksamen,Kan jeg melde meg opp i flere fylker samtidig,"Nei, det er ikke mulig å melde seg opp til privatisteksamen i flere fylker i samme eksamensperiode. Du må velge ett fylke når du melder deg opp til eksamen.

Denne informasjonen gjelder privatisteksamen. Les mer på www.telemarkfylke.no"
cthr_6960efaa853881979585c561a6db9e010a86bd8fd56dd6ff,2026-01-09 12:10,Frister for privatisteksamen,hvilke fremmedspråk kan jeg ta,"Som privatist kan du ta eksamen i følgende fremmedspråk: albansk, amharisk, arabisk, bosnisk, bulgarsk, dari, estisk, filipino, finsk, fransk, hebraisk, hindi, islandsk, italiensk, japansk, kantonesisk, kinesisk (tidligere mandarin), koreansk, kroatisk, kurdisk (sorani), kurdisk (kurmanji), latvisk, litauisk, lulesamisk, nederlandsk, nordsamisk, nygresk, oromo, panjabi, pashto, persisk, polsk, portugisisk, rumensk, russisk, serbisk, somali, spansk, sørsamisk, tamil, tegnspråk, thai, tigrinja, tyrkisk, tysk, ukrainsk, ungarsk, urdu og vietnamesisk.

Vær oppmerksom på at muntlig eksamen i noen av språkene kan måtte gjennomføres i et annet fylke. Du må selv dekke eventuelle reiseutgifter i slike tilfeller.

Denne informasjonen gjelder privatisteksamen. Les mer på www.telemarkfylke.no"
cthr_6960efaa853881979585c561a6db9e010a86bd8fd56dd6ff,2026-01-09 12:10,Frister for privatisteksamen,Kan jeg ta urdu,"Ja, du kan ta urdu som privatisteksamen. Husk at muntlig eksamen i noen språk kan bli arrangert i et annet fylke, og du må selv dekke reiseutgifter hvis det gjelder for urdu.

Denne informasjonen gjelder privatisteksamen. Les mer på www.telemarkfylke.no"
cthr_6960efaa853881979585c561a6db9e010a86bd8fd56dd6ff,2026-01-09 12:12,Frister for privatisteksamen,Hvor finner jeg tidligere eksamensoppgaver i fremmedspråk,"Du finner tidligere eksamensoppgaver i fremmedspråk på Utdanningsdirektoratet sine nettsider. Gå til ""Søk i eksamensoppgaver"" på udir.no. Hvis du blir bedt om å oppgi et passord, skal du bruke ""Eksamen"" som passord. Her kan du se hvordan oppgavene er utformet og forberede deg til eksamen.

Denne informasjonen gjelder privatisteksamen. Les mer på www.telemarkfylke.no"
cthr_6960efaa853881979585c561a6db9e010a86bd8fd56dd6ff,2026-01-09 12:12,Frister for privatisteksamen,"Jeg er syk og orker ikke ta eksamen, hva gjør jeg","Hvis du er syk og ikke orker å ta eksamen, kan du ha rett til utsatt eksamen. Du må da registrere deg i avmeldingsskjemaet på telemarkfylke.no og laste opp dokumentasjon på fraværet, for eksempel legeerklæring. Du trenger ikke oppgi hva slags sykdom du har. Fristen for å registrere dette er 10 virkedager fra eksamensdatoen din. Hvis dokumentasjonen blir godkjent, vil du bli overført til neste eksamensperiode.

Hvis du blir syk under selve eksamen, må du straks si ifra til eksamensvakten. Da får du beskjed om det er grunnlag for å avbryte eksamen med rett til utsatt eksamen i neste periode. Også her må du registrere deg i skjemaet og laste opp legeerklæring innen 10 virkedager fra eksamensdatoen.

Denne informasjonen gjelder privatisteksamen. Les mer på www.telemarkfylke.no"
cthr_6960efaa853881979585c561a6db9e010a86bd8fd56dd6ff,2026-01-09 12:14,Frister for privatisteksamen,Er det spesielt for språkfag,"Ja, det er noen spesielle regler for språkfag. Som privatist må du ta både muntlig og skriftlig eksamen for å få faget godkjent. I språkfag der elever får to standpunktkarakterer (en for skriftlig og en for muntlig), kan du som privatist velge å forbedre bare én av delene hvis du ønsker det. I tillegg er det viktig å vite at bruk av oversettelsesprogrammer eller oversettelsesfunksjoner ikke er lov under eksamen i språkfag. Svarene skal skrives direkte inn i tekstboksen, og det er ikke tillatt å kladde i et annet program og lime inn svaret.

Hvis du blir syk og ikke kan møte til eksamen i et språkfag, gjelder de samme reglene som for andre fag: Du må registrere fraværet og laste opp dokumentasjon, for eksempel legeerklæring, innen 10 virkedager fra eksamensdatoen for å få rett til utsatt eksamen.

Denne informasjonen gjelder privatisteksamen. Les mer på www.telemarkfylke.no"
cthr_6960efaa853881979585c561a6db9e010a86bd8fd56dd6ff,2026-01-09 12:15,Frister for privatisteksamen,Hvor registrerer jeg fravær på eksamen,"Du registrerer fravær på eksamen ved å fylle ut avmeldingsskjemaet på telemarkfylke.no. Her må du også laste opp dokumentasjon på fraværet, for eksempel legeerklæring. Dette må gjøres innen 10 virkedager fra eksamensdatoen din. Du trenger ikke oppgi hva slags sykdom du har, kun dokumentasjon på fraværet .

Denne informasjonen gjelder privatisteksamen. Les mer på www.telemarkfylke.no"
cthr_6960f229882c8197afe86cdfe4e99ce70278001005f938a1,2026-01-09 12:18,Realfagseksamen forberedelsestips,hva må jeg tenke på til realfageksamen,"Når du skal ta realfageksamen, er det flere ting du bør tenke på:

1. Forberedelse: Du får et tema eller en problemstilling før eksamen. For muntlig-praktisk eksamen har du 45 minutter forberedelsestid. Bruk denne tiden godt til å sette deg inn i oppgaven og planlegge hva du vil si og gjøre.

2. Praktiske øvelser: I fag som naturfag, fysikk, kjemi og biologi må du være forberedt på å utføre en eller flere praktiske øvelser. Du kan ta med deg en oversikt eller journal over øvelser du har gjort tidligere. Som privatist må du selv sørge for å ha gjennomført de øvelsene læreplanen krever.

3. Gjennomføring: Selve eksamen varer inntil 45 minutter. Du kan velge å starte med en presentasjon eller gå rett til fagsamtalen. Hvis du velger presentasjon, skal den ikke vare mer enn 1/3 av tiden. Underveis får du spørsmål som tester både bredden og dybden i kunnskapen din.

4. Vurdering: Du blir vurdert etter hvor godt du har nådd kompetansemålene i læreplanen. Det er viktig at du setter deg godt inn i læreplanen for faget du skal ta eksamen i.

5. Hjelpemidler: Sjekk hvilke hjelpemidler som er tillatt for ditt fag. Dette finner du på kandidat.udir.no ved å søke opp fagkoden.

6. Eksamen kan ikke byttes: Du kan ikke bytte dato, tid eller sted for eksamen. Møt opp i god tid, og ta med gyldig legitimasjon.

7. Tidligere eksamensoppgaver: Det kan være lurt å øve på tidligere gitte eksamensoppgaver. Disse finner du på udir.no.

Lykke til med forberedelsene!

Denne informasjonen gjelder privatisteksamen. Les mer på www.telemarkfylke.no
KI-generert informasjon, og det kan forekomme feil."
cthr_6960f229882c8197afe86cdfe4e99ce70278001005f938a1,2026-01-09 12:20,Realfagseksamen forberedelsestips,hva koster eksamen,"Eksamensavgiften for privatisteksamen er 1 403 kroner per eksamen hvis du ikke har standpunkt- eller eksamenskarakter fra før, eller hvis du ikke har bestått faget. Hvis du ønsker å forbedre en karakter i et fag du allerede har bestått, er avgiften 2 804 kroner per eksamen.

For realfag på nivå 2, som fysikk, kjemi, biologi, informasjonsteknologi, teknologi og forskningslære og geofag, må du betale to eksamensavgifter: én for skriftlig og én for muntlig-praktisk eksamen. Det betyr at totalprisen blir dobbelt så høy for disse fagene.

Betalingen må gjøres med kort, og oppmeldingen er ikke gyldig før du har betalt. Avgiften blir ikke refundert hvis du trekker deg etter fristen for oppmelding. Hvis du får feil sum ved oppmelding, må du ta kontakt med eksamenskontoret så fort som mulig.

Denne informasjonen gjelder privatisteksamen. Les mer på www.telemarkfylke.no
KI-generert informasjon, og det kan forekomme feil."
cthr_6960f229882c8197afe86cdfe4e99ce70278001005f938a1,2026-01-09 12:22,Realfagseksamen forberedelsestips,hvor finner jeg læreplaner,"Du finner læreplanene for alle fag på Utdanningsdirektoratet sine nettsider. Det er viktig at du setter deg inn i læreplanen for det faget du skal ta eksamen i, fordi det er kompetansemålene i læreplanen som forteller deg hva du må kunne til eksamen. Du kan søke opp læreplanen ved å gå til udir.no og skrive inn navnet på faget ditt, eller bruke søkefunksjonen for læreplaner på nettsiden.

Denne informasjonen gjelder privatisteksamen. Les mer på www.telemarkfylke.no
KI-generert informasjon, og det kan forekomme feil."
cthr_6960f229882c8197afe86cdfe4e99ce70278001005f938a1,2026-01-09 12:23,Realfagseksamen forberedelsestips,hvilken bok skal jeg lese,"Det er ikke krav om bruk av spesielle bøker til privatisteksamen i realfag. Du kan ta kontakt med en videregående skole som tilbyr faget for å få tips til hvilke bøker som er vanlige å bruke. I tillegg kan du finne mye aktuelt lærestoff på NDLA sine nettsider. Det viktigste er at du setter deg godt inn i læreplanen for faget, slik at du vet hva du må kunne til eksamen.

Denne informasjonen gjelder privatisteksamen. Les mer på www.telemarkfylke.no
KI-generert informasjon, og det kan forekomme feil."
cthr_6960f229882c8197afe86cdfe4e99ce70278001005f938a1,2026-01-09 12:24,Realfagseksamen forberedelsestips,hvilken bok skal jeg lese i engelsk,"Det er ikke krav om bruk av en bestemt bok til privatisteksamen i engelsk. Du kan ta kontakt med en videregående skole som tilbyr engelsk for å få tips til hvilke bøker som er vanlige å bruke. I tillegg kan du finne mye aktuelt lærestoff på NDLA sine nettsider. Det viktigste er at du setter deg godt inn i læreplanen for engelsk, slik at du vet hva du må kunne til eksamen.

Denne informasjonen gjelder privatisteksamen. Les mer på www.telemarkfylke.no
KI-generert informasjon, og det kan forekomme feil."
cthr_6960f229882c8197afe86cdfe4e99ce70278001005f938a1,2026-01-09 12:24,Realfagseksamen forberedelsestips,når er dato for muntlig eksamen,"Dato for muntlig og muntlig-praktisk eksamen blir publisert i Privatistportalen ca. 1. november for høsteksamen og ca. 1. april for våreksamen. Selve eksamen foregår mandag til torsdag ettermiddag/kveld i perioden april–juni for våreksamen, og november–desember for høsteksamen. Du kan ikke bytte eller endre eksamensdato, tid eller sted. Det er viktig at du sjekker Privatistportalen for å finne din eksakte eksamensdato når den er publisert.

Denne informasjonen gjelder privatisteksamen. Les mer på www.telemarkfylke.no  
KI-generert informasjon, og det kan forekomme feil."
cthr_6960f229882c8197afe86cdfe4e99ce70278001005f938a1,2026-01-09 12:26,Realfagseksamen forberedelsestips,hvor finner skriftlig eksamen sted,"Skriftlig eksamen for de aller fleste privatister arrangeres i Porsgrunn Tennishall. Oppmøtetid er kl. 08.00. Adressen er Kjølnes Ring 64, 3918 Porsgrunn. Det er store parkeringsplasser i nærheten, blant annet ved Urædd parkeringsplass og Beha kvartalet. Husk å sjekke eksamensstedet i Privatistportalen, da det kan publiseres endringer der ca. 1. november for høsteksamen og ca. 1. april for våreksamen.

Denne informasjonen gjelder privatisteksamen. Les mer på www.telemarkfylke.no  
KI-generert informasjon, og det kan forekomme feil."
cthr_6960f229882c8197afe86cdfe4e99ce70278001005f938a1,2026-01-09 12:26,Realfagseksamen forberedelsestips,er det kart over mulige parkeringsplasser,"Det finnes ikke et eget kart over parkeringsplasser i eksamensinformasjonen, men det står at du må beregne noen minutters gange fra parkering til Porsgrunn Tennishall. Det er store parkeringsplasser ved Urædd parkeringsplass og ved Beha kvartalet. Du anbefales å sjekke alternativ parkering i god tid før eksamen. Adressen til eksamensstedet er Kjølnes Ring 64, 3918 Porsgrunn, og du kan finne kart over området på Gule Sider.

Denne informasjonen gjelder privatisteksamen. Les mer på www.telemarkfylke.no  
KI-generert informasjon, og det kan forekomme feil."
cthr_6960f4738fd08195bfc87dd9f4a739970f1d162bd9c1810c,2026-01-09 12:28,Tilrettelegging ved eksamen,"jeg har angst og trenge tilrettelegging ved eksamen, hva gjør jeg","Dersom du har angst og trenger tilrettelegging ved eksamen, må du søke om dette i god tid før eksamen. Du må sende inn en søknad om tilrettelegging, og det er viktig at du legger ved dokumentasjon fra lege, psykolog eller annen sakkyndig som beskriver behovet ditt. Eksempler på tilrettelegging kan være ekstra tid, eget rom eller andre tiltak som kan hjelpe deg under eksamen. Husk å søke så tidlig som mulig, slik at alt kan være klart til eksamensdagen.

Denne informasjonen gjelder privatisteksamen. Les mer på www.telemarkfylke.no  
KI-generert informasjon, og det kan forekomme feil."
cthr_6960f4738fd08195bfc87dd9f4a739970f1d162bd9c1810c,2026-01-09 12:29,Tilrettelegging ved eksamen,"Jeg kan ikke skrive, kan jeg få hjelp til det under eksamen","Ja, hvis du ikke kan skrive selv, kan du søke om tilrettelegging slik at du får hjelp til å skrive under eksamen. Dette kalles skriverhjelp. For å få dette må du sende inn en søknad om tilrettelegging i Privatistportalen, og du må legge ved dokumentasjon fra lege, spesialpedagog eller annen sakkyndig som forklarer hvorfor du trenger skriverhjelp. Det er viktig at dokumentasjonen tydelig beskriver behovet ditt. Husk å søke i god tid før fristen.

Denne informasjonen gjelder privatisteksamen. Les mer på www.telemarkfylke.no  
KI-generert informasjon, og det kan forekomme feil."
cthr_6960f4738fd08195bfc87dd9f4a739970f1d162bd9c1810c,2026-01-09 12:30,Tilrettelegging ved eksamen,Hva annet kan jeg søke om,"Du kan søke om flere typer tilrettelegging ved eksamen hvis du har behov for det. Eksempler på tilrettelegging du kan søke om er:

- Ekstra tid under eksamen
- Eget rom eller skjermet plass
- Skriverhjelp hvis du ikke kan skrive selv
- Bruk av PC eller andre hjelpemidler
- Pauser under eksamen
- Opplesing av oppgaver
- Andre tiltak som kan hjelpe deg å gjennomføre eksamen på en god måte

Du må sende inn dokumentasjon fra lege, psykolog eller annen sakkyndig som forklarer hvorfor du trenger tilrettelegging. Husk å søke i god tid før fristen.

Denne informasjonen gjelder privatisteksamen. Les mer på www.telemarkfylke.no  
KI-generert informasjon, og det kan forekomme feil."
cthr_6960f4738fd08195bfc87dd9f4a739970f1d162bd9c1810c,2026-01-09 12:30,Tilrettelegging ved eksamen,Hva er frist for å søke,"Fristen for å søke om tilrettelegging er 15. september for høsteksamen og 1. februar for våreksamen. Husk å laste opp nødvendig dokumentasjon sammen med søknaden din. Du får svar senest 4 uker etter søknadsfristen.

Denne informasjonen gjelder privatisteksamen. Les mer på www.telemarkfylke.no  
KI-generert informasjon, og det kan forekomme feil."
cthr_6960f73c5a2c8195a486ba687ba109020cd145ae06a8496f,2026-01-09 12:40,Ønsker skriftlig eksamen i stedet,kan jeg få skriftlig eksamen i stedet for muntlig,"Som privatist kan du ikke velge å ta bare skriftlig eksamen i stedet for muntlig hvis faget krever begge deler. I språkfag må du ha både muntlig og skriftlig karakter for å få faget godkjent. I noen språkfag, der elever får to karakterer (en for skriftlig og en for muntlig), kan du som privatist velge å forbedre bare én av dem. For andre fag må du følge eksamensformen som er satt for faget, og det er ikke mulig å bytte fra muntlig til skriftlig eksamen eller omvendt.

Denne informasjonen gjelder privatisteksamen. Les mer på www.telemarkfylke.no"
cthr_6960f73c5a2c8195a486ba687ba109020cd145ae06a8496f,2026-01-09 12:41,Ønsker skriftlig eksamen i stedet,Kan jeg få tilrettelegging ved å bytte eksamensform,"Du kan søke om tilrettelegging av eksamen hvis du har dokumenterte behov, som for eksempel fysisk eller psykisk sykdom, skade eller funksjonsnedsettelse. Det er mulig å søke om ulike former for tilrettelegging til både skriftlig, muntlig og muntlig-praktisk eksamen. Men det er ikke vanlig å få bytte eksamensform, for eksempel fra muntlig til skriftlig, som en form for tilrettelegging. Tilretteleggingen skal gjøre det mulig for deg å vise hva du kan, men ikke gi deg fordeler sammenlignet med andre kandidater. Du må dokumentere behovet ditt, og søke om tilrettelegging i Privatistportalen innen fristen.

Denne informasjonen gjelder privatisteksamen. Les mer på www.telemarkfylke.no"
cthr_6960f73c5a2c8195a486ba687ba109020cd145ae06a8496f,2026-01-09 12:42,Ønsker skriftlig eksamen i stedet,Kan jeg få fritak i fag,"Som privatist kan du få fritak fra vurdering med karakter i skriftlig sidemål (bokmål eller nynorsk) hvis du har hatt fritak fra opplæring i sidemål på ungdomsskolen, eller hvis du har dokumentert sykdom, skade eller dysfunksjon som gjør det vanskelig å lære begge målformene. Du kan også få fritak hvis du ikke har gått i norsk grunnskole på ungdomstrinnet, har hatt særskilt språkopplæring, eller har gått på internasjonal eller utenlandsk skole i Norge som er godkjent for å ikke gi vurdering med karakter i sidemål.

For å få fritak må du sende inn søknad med nødvendig dokumentasjon innen fristen. Fritak gjelder kun for vurdering med karakter i sidemål, og gir ikke fritak fra å lese og forstå tekster på sidemålet. Det er ikke mulig å få fritak fra andre fag som privatist, kun fra vurdering i sidemål under spesielle vilkår.

Denne informasjonen gjelder privatisteksamen. Les mer på www.telemarkfylke.no"
cthr_6960f73c5a2c8195a486ba687ba109020cd145ae06a8496f,2026-01-09 12:43,Ønsker skriftlig eksamen i stedet,hvordan søker jeg fritak,"For å søke om fritak fra vurdering med karakter i skriftlig sidemål som privatist, må du gjøre følgende:

1. Meld deg opp til privatisteksamen i Privatistportalen.
2. Send inn søknad om fritak til eksamenskontoret. 
3. Last opp nødvendig dokumentasjon sammen med søknaden innen fristen. Eksempler på dokumentasjon kan være:
   - Sakkyndig vurdering fra lege, PPT eller psykiatri som viser at du har behov for fritak.
   - Bostedsattest som viser at du ikke har gått på grunnskole i Norge.
   - Vitnemål fra grunnskolen som viser at du hadde fritak på ungdomsskolen.
4. Frist for å søke om fritak er 15. september for høsteksamen og 1. februar for våreksamen.
5. Søknader uten nødvendig dokumentasjon vil ikke bli behandlet.
6. Du får svar senest 4 uker etter søknadsfristen.

Dokumentasjonen laster du opp digitalt, for eksempel via eDialog.

Denne informasjonen gjelder privatisteksamen. Les mer på www.telemarkfylke.no"
cthr_6960f73c5a2c8195a486ba687ba109020cd145ae06a8496f,2026-01-09 12:44,Ønsker skriftlig eksamen i stedet,Er kort botid i Norge en grunn til å søke fritak i sidemål,"Kort botid i Norge kan gi deg mulighet til å ta eksamen etter en egen læreplan for språklige minoriteter med kort botid, men det gir ikke automatisk fritak fra sidemål. Hvis du har bodd i Norge mindre enn 7 år, har et annet morsmål enn norsk, samisk, svensk eller dansk, og ikke har fått sluttvurdering etter ordinær læreplan i norsk, kan du velge å ta eksamen etter denne spesielle læreplanen. Du må dokumentere botiden din, for eksempel med bostedsattest. Dette er ikke det samme som fritak fra sidemål, men gir deg en tilpasset eksamen i norsk.

Denne informasjonen gjelder privatisteksamen. Les mer på www.telemarkfylke.no"
cthr_6960f73c5a2c8195a486ba687ba109020cd145ae06a8496f,2026-01-09 12:45,Ønsker skriftlig eksamen i stedet,"Kan jeg gjennomføre egen norsk eksamen, siden jeg kommer fra pakistan","Ja, hvis du kommer fra Pakistan og har bodd i Norge i mindre enn 7 år, kan du ta en egen norsk eksamen som er tilpasset språklige minoriteter med kort botid i Norge. Du må ha et annet morsmål enn norsk, samisk, svensk eller dansk, og du må ikke ha fått sluttvurdering etter ordinær læreplan i norsk etter 2021. Du må dokumentere botiden din, for eksempel med en bostedsattest. Hvis du oppfyller kravene, kan du selv velge om du vil ta denne spesielle norskeksamenen eller vanlig norskeksamen  .

Denne informasjonen gjelder privatisteksamen. Les mer på www.telemarkfylke.no"
cthr_6960f73c5a2c8195a486ba687ba109020cd145ae06a8496f,2026-01-09 12:46,Ønsker skriftlig eksamen i stedet,Må jeg ha bodd her sammenhengende i nrge siste sju år,"Du må ikke ha bodd sammenhengende i Norge de siste sju årene for å kunne ta norskeksamen for språklige minoriteter med kort botid. Det som er viktig, er at du har bodd i Norge i mindre enn 7 år på det tidspunktet du tar eksamen første gang. Du må kunne dokumentere dette, for eksempel med en bostedsattest. Det er altså den totale botiden som teller, ikke om den er sammenhengende eller delt opp i perioder.

Denne informasjonen gjelder privatisteksamen. Les mer på www.telemarkfylke.no"
cthr_6960f73c5a2c8195a486ba687ba109020cd145ae06a8496f,2026-01-09 12:47,Ønsker skriftlig eksamen i stedet,Hvor finner jeg eksamensveiledninger,"Du finner eksamensveiledninger på nettsiden til Telemark fylkeskommune, telemarkfylke.no. Der ligger det veiledninger for både muntlig, muntlig-praktisk og skriftlig eksamen i flere fag. Veiledningene gir informasjon om hva som vektlegges for å oppnå de ulike karakterene, og beskriver rammer og vurderingskriterier for eksamen i det enkelte fag. Det arbeides også med å lage veiledninger i flere fag, så det kan komme nye veiledninger etter hvert.

Denne informasjonen gjelder privatisteksamen. Les mer på www.telemarkfylke.no"
cthr_6960f73c5a2c8195a486ba687ba109020cd145ae06a8496f,2026-01-09 12:48,Ønsker skriftlig eksamen i stedet,Hvor finner jeg eksamensveiledning i spansk,"Du finner eksamensveiledning for spansk på nettsiden til Telemark fylkeskommune, telemarkfylke.no. Der ligger det veiledninger som beskriver rammer for eksamen og vurderingskriterier i de ulike fagene. Det arbeides også med å lage veiledninger i flere fag, så det kan komme nye veiledninger etter hvert. Sjekk derfor nettsiden jevnlig for oppdatert informasjon.

Denne informasjonen gjelder privatisteksamen. Les mer på www.telemarkfylke.no"
cthr_6960f73c5a2c8195a486ba687ba109020cd145ae06a8496f,2026-01-09 12:49,Ønsker skriftlig eksamen i stedet,Og i geo-fag,"Du finner eksamensveiledning for geofag på nettsiden til Telemark fylkeskommune, telemarkfylke.no. Veiledningen beskriver rammer for eksamen og vurderingskriterier i faget. Det er spesielt viktig å sette seg inn i læreplanen for geofag, fordi eksamensoppgaven tar utgangspunkt i kompetansemålene. Du må også forberede deg på å vise praktiske ferdigheter og kunne redegjøre for praktiske forhold knyttet til temaet du får på eksamen. Det skal ikke leveres inn noe til eksamenskontoret i forkant av eksamen.

Denne informasjonen gjelder privatisteksamen. Les mer på www.telemarkfylke.no"
cthr_6960f9f5b9fc81968f19cf4643f1726e0f16d32726be40f3,2026-01-09 12:52,Spørsmål om eksamensregler,Finnes det retningslinjer for eksamen,"Ja, det finnes retningslinjer for eksamen. Eksamenskontoret har ansvar for å utarbeide og fastsette retningslinjer for eksamen, samt planlegging og gjennomføring av eksamen for privatister. Retningslinjene skal sikre at eksamen gjennomføres på en trygg og lik måte for alle, i tråd med nasjonale og lokale regler. Det er viktig at du som privatist setter deg godt inn i disse retningslinjene og eksamensreglementet, som du finner på fylkeskommunens nettsider.

Du må blant annet vise gyldig legitimasjon på eksamensdagen, møte opp til riktig tid og sted, og følge reglene for hjelpemidler og gjennomføring. Dersom du ikke følger retningslinjene, kan du risikere å ikke få gjennomføre eksamen.

Denne informasjonen gjelder privatisteksamen. Les mer på www.telemarkfylke.no

Responsen er KI-generert og kan inneholde feil."
cthr_6960f9f5b9fc81968f19cf4643f1726e0f16d32726be40f3,2026-01-09 12:53,Spørsmål om eksamensregler,Hva er gyldig legitimasjon,"Gyldig legitimasjon på eksamensdagen er et krav for å få gjennomføre eksamen. Du må vise legitimasjon med bilde. Følgende legitimasjonstyper godtas:

- Pass
- Norsk ID-kort
- Norsk førerkort utstedt etter 1. januar 1998 (også digitalt førerkort)
- Norsk oppholdskort
- Forsvarets ID-kort
- ID-kort fra EØS- og EFTA-land
- Førerkort fra Danmark, Sverige, Finland og Island
- Norsk reisebevis for flyktninger
- Norsk utlendingspass (NB: ikke godkjent hvis det er utstedt for enkeltreise)

Kopi av legitimasjon eller utgått legitimasjon blir ikke godtatt. Har du ikke med deg gyldig legitimasjon på eksamensdagen, får du ikke avlegge eksamen.

Denne informasjonen gjelder privatisteksamen. Les mer på www.telemarkfylke.no

Responsen er KI-generert og kan inneholde feil."
cthr_6960f9f5b9fc81968f19cf4643f1726e0f16d32726be40f3,2026-01-09 12:54,Spørsmål om eksamensregler,"Jeg skal ta skriftlig eksamen, men vet ingenting om hvordan det foregår",
cthr_6960fab2d1688195b641cb0b75e428ff028d1e47baccf962,2026-01-09 12:55,Hjelp til skriftlig eksamen,"Jeg skal ta skriftlig eksamen, men vet ingenting","Det er helt forståelig å føle seg usikker før en skriftlig eksamen, men det er mye du kan gjøre for å forberede deg. Først og fremst er det viktig å vite at eksamen varer i én dag, og du får oppgaven på morgenen. Du skal svare på oppgavene så godt du kan, og det er viktig å lese oppgaveteksten nøye før du begynner å svare. Ta deg tid til å planlegge svaret ditt, og bruk gjerne kladdeark for å strukturere tankene dine.

Du kan bruke hjelpemidler som er tillatt, og det er lurt å sjekke på forhånd hvilke hjelpemidler du kan ta med. Husk å møte opp i god tid, ta med legitimasjon, og ha med det du trenger av skrivesaker og eventuelle hjelpemidler.

Det viktigste er å holde roen, lese oppgavene nøye, og svare så godt du kan ut fra det du har lært.

Denne informasjonen gjelder privatisteksamen. Les mer på www.telemarkfylke.no

Dette svaret er KI-generert og kan inneholde feil."
cthr_6960fab2d1688195b641cb0b75e428ff028d1e47baccf962,2026-01-09 12:56,Hjelp til skriftlig eksamen,Når skal jeg ha skriftlig eksamen,"Du finner datoen for din skriftlige eksamen i Privatistportalen når du melder deg opp. Skriftlig eksamen arrangeres to ganger i året: Høsteksamen er i november–desember, og våreksamen er i april–juni. Sted og eksakt dato for eksamen blir publisert i Privatistportalen, og du får denne informasjonen når du har meldt deg opp til eksamen. Det er viktig å møte opp til riktig tid og sted, som oftest er det i Porsgrunn Tennishall med oppmøtetid kl. 08.00.

Denne informasjonen gjelder privatisteksamen. Les mer på www.telemarkfylke.no

Dette svaret er KI-generert og kan inneholde feil."
cthr_6960fab2d1688195b641cb0b75e428ff028d1e47baccf962,2026-01-09 12:57,Hjelp til skriftlig eksamen,Er det kaldt i lokalet,"Det står ikke noe spesifikt om temperaturen i eksamenslokalet, men det anbefales å kle seg etter været og ta med ekstra klær hvis du lett blir kald. Store lokaler som Porsgrunn Tennishall kan oppleves kjølige, spesielt om morgenen eller på kalde dager. Det er derfor lurt å ha med en varm genser eller jakke, slik at du kan holde deg komfortabel under hele eksamen.

Denne informasjonen gjelder privatisteksamen. Les mer på www.telemarkfylke.no

Dette svaret er KI-generert og kan inneholde feil."
cthr_6960fab2d1688195b641cb0b75e428ff028d1e47baccf962,2026-01-09 12:58,Hjelp til skriftlig eksamen,kan jeg bruke hjelpemidler,"Ja, du kan bruke hjelpemidler på skriftlig eksamen, men det er noen regler du må følge. I de fleste fag er det lov å bruke alle hjelpemidler som ikke krever tilgang til internett. Det betyr at du kan ta med deg notater, bøker og andre kilder. Noen få nettbaserte hjelpemidler er også tillatt, men det er bestemt på forhånd hvilke disse er. Du får ikke lov til å kommunisere med andre, bruke mobiltelefon, smartklokke eller chatte under eksamen. Det er heller ikke lov å bruke kunstig intelligens til å lage innhold i svaret ditt.

I noen fag, som matematikk og enkelte realfag, er eksamen todelt. På del 1 kan du bare bruke enkle hjelpemidler som skrivesaker, passer, linjal og vinkelmåler. På del 2 kan du bruke flere hjelpemidler, inkludert noen digitale verktøy.

Hvis du skal ha eksamen i et språkfag, er det ikke lov å bruke oversettelsesprogrammer eller oversettelsesfunksjoner i tekstbehandlingsprogrammer.

Det er lurt å sjekke på forhånd hvilke hjelpemidler som er tillatt i ditt fag på kandidat.udir.no ved å søke opp faget ditt.

Denne informasjonen gjelder privatisteksamen. Les mer på www.telemarkfylke.no

Dette svaret er KI-generert og kan inneholde feil."
cthr_69616a3022fc8197b959a6eda73b8f7b0d3086d8fc42bf53,2026-01-09 20:50,Pris for eksamen,Hvor mye koster eksamen,"Prisen for privatisteksamen er 1 403 kroner per eksamen hvis du ikke har standpunkt- eller eksamenskarakter fra før, eller hvis du ikke har bestått faget. Hvis du ønsker å forbedre en karakter i et fag du allerede har bestått, koster det 2 804 kroner per eksamen.

For språkfag må du betale to eksamensavgifter (en for skriftlig og en for muntlig). I norsk betaler du tre eksamensavgifter (hovedmål, sidemål og muntlig). For realfag på nivå 2 (for eksempel fysikk 2, kjemi 2) betaler du også to eksamensavgifter (skriftlig og muntlig-praktisk).

Prisene gjelder per eksamen, og innbetalt eksamensavgift blir ikke refundert hvis du trekker deg etter oppmeldingsfristen.

Denne informasjonen gjelder privatisteksamen. Les mer på www.telemarkfylke.no"
cthr_6964ce959f10819797e585b0bdf2a9bf0c3606f1597eec66,2026-01-12 10:36,Håndtering av uteblitt time,Hva gjør jeg hvis en pasient ikke møter til time,"Dersom en pasient ikke møter til time, skal du registrere dette som ""ikke møtt"" i systemet. Det er viktig å dokumentere at pasienten ikke møtte, og følge eventuelle rutiner for oppfølging, som for eksempel å sende ut ny innkalling eller informere ansvarlig helsepersonell. Husk å ikke gi ut informasjon om pasienten til uvedkommende.

Denne informasjonen gjelder privatisteksamen. Les mer på www.telemarkfylke.no  
KI-generert informasjon som kan inneholde feil."
cthr_69772d742c588197bd7bd9bbdfbb1ac30957efa1167b078e,2026-01-26 09:01,Regler for privatist eksamen,Hvem har ansvaret for retningslinjene til privatist eksamen,"Det er eksamenskontoret som har ansvaret for å utarbeide og fastsette retningslinjer for privatisteksamen i Telemark. Eksamenskontoret har også ansvar for planlegging og gjennomføring av lokalt gitt eksamen for privatister. Dette gjelder alle eksamener som ikke er laget av Utdanningsdirektoratet. Retningslinjene skal sikre at eksamen gjennomføres på en forsvarlig og lik måte i tråd med nasjonale og lokale regler.

Denne informasjonen gjelder privatisteksamen. Les mer på www.telemarkfylke.no"
cthr_69772d742c588197bd7bd9bbdfbb1ac30957efa1167b078e,2026-01-26 09:02,Regler for privatist eksamen,Hvor finner jeg retninslijer for dette,"Du finner retningslinjer for privatisteksamen på nettsidene til Telemark fylkeskommune, telemarkfylke.no. Her ligger både retningslinjer for lokalt gitt eksamen og eksamensreglementet. Det anbefales at du setter deg godt inn i disse før eksamen.

Denne informasjonen gjelder privatisteksamen. Les mer på www.telemarkfylke.no"
cthr_69772d742c588197bd7bd9bbdfbb1ac30957efa1167b078e,2026-01-26 09:03,Regler for privatist eksamen,Er det et reglement for privatisteksamen?,"Ja, det finnes et eget reglement for privatisteksamen. Dette reglementet skal sikre at eksamen gjennomføres på en trygg og rettferdig måte, i tråd med både nasjonale og lokale regler. Som privatist er det viktig at du setter deg godt inn i eksamensreglementet før du møter til eksamen. Du finner reglementet på nettsidene til Telemark fylkeskommune.

Denne informasjonen gjelder privatisteksamen. Les mer på www.telemarkfylke.no"
cthr_69772d742c588197bd7bd9bbdfbb1ac30957efa1167b078e,2026-01-26 09:04,Regler for privatist eksamen,Hva er eksamensreglene,"Eksamensreglene for privatisteksamen handler om hvordan eksamen skal gjennomføres, hva som kreves av deg som privatist, og hvilke rettigheter og plikter du har. Her er noen av de viktigste reglene:

- Du må vise gyldig legitimasjon med bilde for å få ta eksamen.
- Du kan ikke bytte eller endre eksamensdato, tid eller sted.
- Eksamen kan være skriftlig, muntlig, muntlig-praktisk eller praktisk, avhengig av faget.
- For noen fag er det forberedelsestid, og informasjon om dette får du på forhånd.
- Det er egne regler for hjelpemidler, og du må sjekke hva som er tillatt i ditt fag.
- Hvis du blir syk på eksamensdagen, må du melde fra og dokumentere fraværet for å kunne få utsatt eksamen.
- Juks eller forsøk på juks kan føre til at du mister retten til å ta eksamen i en periode.
- Du må selv sette deg inn i læreplanen for faget, for det er kompetansemålene der du blir vurdert etter.
- Resultatet av eksamen finner du i Privatistportalen, og karakteren for muntlig og praktisk eksamen får du normalt rett etter eksamen.

Det anbefales at du leser gjennom alle retningslinjer og eksamensreglementet på telemarkfylke.no før eksamen, slik at du er godt forberedt og vet hva som gjelder for deg.

Denne informasjonen gjelder privatisteksamen. Les mer på www.telemarkfylke.no"
cthr_69772ef66c488194b5d62fd0895623b30cdaa2c30532e82e,2026-01-26 09:08,Gyldig identifikasjon veiledning,Hva slags legitimasjon er gyldig?,"Gyldig legitimasjon på eksamensdagen er:

- Pass
- Norsk ID-kort
- Norsk førerkort utstedt etter 1. januar 1998 (også digitalt førerkort)
- Norsk oppholdskort
- Forsvarets ID-kort
- ID-kort fra EØS- og EFTA-stater
- Førerkort fra Danmark, Sverige, Finland og Island
- Norsk reisebevis for flyktninger
- Norsk utlendingspass (NB: ikke godkjent hvis det er utstedt for enkeltreise)

Kopi av legitimasjon eller utgått legitimasjon blir ikke godtatt. Har du ikke med deg gyldig legitimasjon på eksamensdagen, får du ikke avlegge eksamen.

Denne informasjonen gjelder privatisteksamen. Les mer på www.telemarkfylke.no"
cthr_69772ef66c488194b5d62fd0895623b30cdaa2c30532e82e,2026-01-26 09:09,Gyldig identifikasjon veiledning,Hva skjer om jeg har utgått legitimasjon?,"Dersom du har utgått legitimasjon, vil den ikke bli godtatt på eksamensdagen. Du må ha med deg gyldig legitimasjon med bilde for å få gjennomføre eksamen. Har du ikke dette, får du ikke avlegge eksamen. Kopi av legitimasjon eller utgått legitimasjon regnes ikke som gyldig.

Denne informasjonen gjelder privatisteksamen. Les mer på www.telemarkfylke.no"
cthr_69772ef66c488194b5d62fd0895623b30cdaa2c30532e82e,2026-01-26 09:10,Gyldig identifikasjon veiledning,Kan jeg ta kopi av passet mitt?,"Nei, du kan ikke bruke kopi av passet ditt som legitimasjon på eksamen. Du må ha med deg original og gyldig legitimasjon med bilde. Kopi av legitimasjon blir ikke godtatt, og du får ikke gjennomføre eksamen hvis du ikke har med deg gyldig legitimasjon   .

Denne informasjonen gjelder privatisteksamen. Les mer på www.telemarkfylke.no"
cthr_69772ef66c488194b5d62fd0895623b30cdaa2c30532e82e,2026-01-26 09:13,Gyldig identifikasjon veiledning,"Når det er forberedelsesdag til skriftlig eksamen, når får jeg denne","For fag som har forberedelsesdag til skriftlig eksamen, blir forberedelsesdelen gjort tilgjengelig på Utdanningsdirektoratet sine nettsider (udir.no) på forberedelsesdagen fra klokken 09.00. Du finner den da på kandidat.udir.no.

Denne informasjonen gjelder privatisteksamen. Les mer på www.telemarkfylke.no"
cthr_69772ef66c488194b5d62fd0895623b30cdaa2c30532e82e,2026-01-26 09:14,Gyldig identifikasjon veiledning,Hvilke eksamener er skriftlige,"Skriftlig eksamen gjelder for mange fag, blant annet norsk hovedmål, norsk sidemål, matematikk, samfunnsøkonomi, biologi, fysikk, kjemi, informasjonsteknologi, teknologi og forskningslære, geofag, og språkfag. I språkfag må du som privatist ta både muntlig og skriftlig eksamen for å få faget godkjent. I realfag på nivå 2 (for eksempel biologi 2, fysikk 2, kjemi 2, informasjonsteknologi 2, teknologi og forskningslære 2 og geofag 2) må du melde deg opp til både skriftlig og muntlig-praktisk eksamen. For praksiskandidater er det også krav om skriftlig teoretisk eksamen på vg3-nivå.

Du finner oversikt over hvilke fag som har skriftlig eksamen når du melder deg opp i Privatistportalen, og du kan også sjekke dette på Utdanningsdirektoratets nettsider .

Denne informasjonen gjelder privatisteksamen. Les mer på www.telemarkfylke.no"
cthr_69772ef66c488194b5d62fd0895623b30cdaa2c30532e82e,2026-01-26 09:16,Gyldig identifikasjon veiledning,Hvor skal jeg møte til skriftlig eksamen,"Du skal møte til skriftlig eksamen i Porsgrunn Tennishall. Oppmøtetid er kl. 08.00. Adressen er Kjølnes Ring 64, 3918 Porsgrunn. Husk at du må beregne noen minutters gange fra parkeringen til hallen, og det finnes store parkeringsplasser ved Urædd parkeringsplass og ved Beha kvartalet. Det anbefales å sjekke alternativ parkering i god tid før eksamen.

Denne informasjonen gjelder privatisteksamen. Les mer på www.telemarkfylke.no"
cthr_697731e726d081909270b75f59d03bdb0ce3a41823741c8a,2026-01-26 09:20,Behov av kandidatnummer,Trenger jeg kandidatnummer,"Du trenger ikke å huske eller ta med deg kandidatnummer til eksamen. Det viktigste er at du har med gyldig legitimasjon med bilde, som for eksempel pass, norsk ID-kort eller førerkort. Du logger deg inn på kandidat.udir.no ved eksamensstart, og systemet vil automatisk ta deg videre til riktig sted. Vaktene i eksamenslokalet hjelper deg med pålogging og det praktiske rundt gjennomføringen.

Denne informasjonen gjelder privatisteksamen. Les mer på www.telemarkfylke.no"
cthr_697731e726d081909270b75f59d03bdb0ce3a41823741c8a,2026-01-26 09:22,Behov av kandidatnummer,må jeg ha med egen pc eller kan jeg låne av dere,"Du må ha med deg egen PC til eksamen. Det er ikke mulig å låne PC av arrangøren. Du er selv ansvarlig for at PC-en fungerer, har oppdatert programvare og at du har et skriveprogram som virker uten internett. Nettbrett og Chromebook anbefales ikke, og det gis ikke teknisk hjelp med maskin eller programvare under eksamen. Husk også å ta med hodetelefoner hvis det kreves i ditt fag.

Denne informasjonen gjelder privatisteksamen. Les mer på www.telemarkfylke.no"
cthr_697731e726d081909270b75f59d03bdb0ce3a41823741c8a,2026-01-26 09:22,Behov av kandidatnummer,får jeg tastatur på eget språk,"Ja, du kan bruke tastatur på eget språk hvis du har behov for det, spesielt i fremmedspråkfag. Du må selv sørge for å ha med deg det tastaturet du trenger, enten digitalt eller fysisk. Det er viktig at du tester at alt fungerer på din PC før eksamen. Sjekk også at du har riktig oppsett for tastaturspråk på maskinen din før du møter opp til eksamen  .

Denne informasjonen gjelder privatisteksamen. Les mer på www.telemarkfylke.no"
cthr_697731e726d081909270b75f59d03bdb0ce3a41823741c8a,2026-01-26 09:23,Behov av kandidatnummer,hvilket skriveprogram kan jeg bruke,"Du må ha et skriveprogram på din PC som fungerer uten internettforbindelse. Det anbefales å bruke Word, men du kan også bruke andre skriveprogrammer så lenge de kan lagre besvarelsen som Word-fil eller PDF-fil. Det er viktig at du tester at programmet fungerer uten internett før eksamen. Det er ikke tillatt å bruke skriveprogrammer som kun fungerer i skyen, som for eksempel Office 365 eller Google Docs på Chromebook. Hvis du bruker et annet program enn Word, må du sjekke at det kan lagre i riktig filformat, ellers må du skrive på papir.

Denne informasjonen gjelder privatisteksamen. Les mer på www.telemarkfylke.no"
cthr_697731e726d081909270b75f59d03bdb0ce3a41823741c8a,2026-01-26 09:23,Behov av kandidatnummer,kan jeg skrive på papir,"Du kan kun skrive på papir dersom du har eksamen i matematikk, biologi 2, fysikk 2, kjemi 2 eller samfunnsøkonomi 2. I disse fagene er eksamen todelt, og del 1 skal leveres på papir. Del 2 kan leveres enten elektronisk eller på papir. I alle andre fag må du levere besvarelsen digitalt, og det er ikke mulig å levere på papir.

Denne informasjonen gjelder privatisteksamen. Les mer på www.telemarkfylke.no"
cthr_697731e726d081909270b75f59d03bdb0ce3a41823741c8a,2026-01-26 09:25,Behov av kandidatnummer,kan jeg få besvarelsen min skrevet ut,"Det er ikke mulig å få besvarelsen din skrevet ut. Hele eksamensgjennomføringen foregår digitalt, og det er ikke anledning til å levere eller få utskrift av besvarelsen.

Denne informasjonen gjelder privatisteksamen. Les mer på www.telemarkfylke.no"
cthr_697731e726d081909270b75f59d03bdb0ce3a41823741c8a,2026-01-26 09:25,Behov av kandidatnummer,ikke på kandidat udir heller,"Nei, det er ikke mulig å få skrevet ut besvarelsen din fra kandidat.udir.no. Hele eksamensgjennomføringen og innleveringen skjer digitalt, og det er ikke anledning til å få utskrift av besvarelsen, verken under eller etter eksamen  .

Denne informasjonen gjelder privatisteksamen. Les mer på www.telemarkfylke.no"
cthr_697731e726d081909270b75f59d03bdb0ce3a41823741c8a,2026-01-26 09:26,Behov av kandidatnummer,kan jeg se besvarelsen på kandidat udir,"Ja, du kan se besvarelsen din på kandidat.udir.no. Besvarelsen blir tilgjengelig der dagen etter eksamen, og du logger inn med ID-porten eller Feide for å få tilgang.

Denne informasjonen gjelder privatisteksamen. Les mer på www.telemarkfylke.no"
cthr_697731e726d081909270b75f59d03bdb0ce3a41823741c8a,2026-01-26 09:26,Behov av kandidatnummer,hvilke tekniske krav er det til min pc,"Du må ha med deg egen PC til eksamen. PC-en må ha oppdatert programvare og nettleser. Du må ha et skriveprogram som fungerer uten internett, for eksempel Word, og du må teste at dette virker før eksamen. Det er ikke tillatt å bruke skriveprogrammer som kun fungerer i skyen, som Office 365 eller Google Docs på Chromebook. Nettbrett og Chromebook anbefales ikke, og det gis ikke teknisk hjelp under eksamen. PC-en må også ha trådløst nettverkskort. Du må ta med hodetelefoner, helst med ledning. I noen språkfag kan du trenge spesialisert tastatur, og dette må du selv ta med.

Denne informasjonen gjelder privatisteksamen. Les mer på www.telemarkfylke.no"
cthr_697731e726d081909270b75f59d03bdb0ce3a41823741c8a,2026-01-26 09:27,Behov av kandidatnummer,kan jeg bruke alle hjelpemidler,"Du kan bruke alle hjelpemidler som ikke krever tilgang til internett, med mindre det er spesielle regler for ditt fag. Det er også noen få nettbaserte hjelpemidler som er tillatt, og disse er bestemt på forhånd. Du får ikke lov til å kommunisere med andre, bruke mobiltelefon, smartklokke, chatte eller lignende under eksamen. Det er heller ikke lov å bruke kunstig intelligens til å lage innhold i svaret ditt. I språkfag er det ikke lov å bruke oversettelsesprogrammer eller oversettelsesfunksjon i for eksempel Word. Sjekk alltid hva som gjelder for ditt fag på kandidat.udir.no før eksamen.

Denne informasjonen gjelder privatisteksamen. Les mer på www.telemarkfylke.no"
cthr_697731e726d081909270b75f59d03bdb0ce3a41823741c8a,2026-01-26 09:28,Behov av kandidatnummer,hvilke hjelpemidler kan jeg bruke i matte,"I matematikkeksamen er det ulike regler for hjelpemidler på de to delene av eksamen:

- På del 1 kan du kun bruke skrivesaker, passer, linjal og vinkelmåler. Kalkulator er ikke tillatt på denne delen.
- På del 2 kan du bruke alle hjelpemidler som ikke krever internett, samt de nettbaserte hjelpemidlene som er gjort tilgjengelig på eksamensdagen. Det er viktig at du har med egen PC, og at du har installert nødvendige programmer som for eksempel Excel eller GeoGebra på forhånd. Enkel kalkulator og grafisk kalkulator er ikke nok for å løse alle oppgaver på del 2, så digitale verktøy må være klare på din PC før eksamen starter.

Denne informasjonen gjelder privatisteksamen. Les mer på www.telemarkfylke.no"
cthr_6977345c44a481949149a381eba034d3075497ac0fb69a51,2026-01-26 09:31,Tidsfordeling matteeksamen diskusjon,hvordan fordeles tidsbruken på to-delt matte-eksamen,"På to-delt matte-eksamen får du først utdelt del 1, som skal besvares på papir. Når tiden for del 1 er over, leverer du denne inn før du får utdelt del 2. Del 2 kan besvares enten elektronisk eller på papir. Det er ikke oppgitt nøyaktig hvor mye tid som skal brukes på hver del i dokumentene, men vanlig praksis er at eksamenstiden totalt er 5 timer, og at denne tiden fordeles mellom del 1 og del 2. Du får beskjed om hvor mye tid du har til hver del på eksamensdagen.

Denne informasjonen gjelder privatisteksamen. Les mer på www.telemarkfylke.no

Dette svaret er KI-generert og kan inneholde feil."
cthr_6977345c44a481949149a381eba034d3075497ac0fb69a51,2026-01-26 09:34,Tidsfordeling matteeksamen diskusjon,kan jeg bruke oversettelsesprogram på språkfag,"Nei, du har ikke lov til å bruke oversettelsesprogram eller oversettelsesfunksjon i Word, Pages eller andre verktøy på eksamen i språkfag. Dette gjelder både for skriftlig og muntlig eksamen. Bruk av slike hjelpemidler regnes som juks og kan føre til at eksamen blir annullert. Du må skrive svarene dine direkte i tekstboksen uten å bruke oversettelsesverktøy eller klippe og lime fra andre programmer.

Denne informasjonen gjelder privatisteksamen. Les mer på www.telemarkfylke.no

Dette svaret er KI-generert og kan inneholde feil."
cthr_6977345c44a481949149a381eba034d3075497ac0fb69a51,2026-01-26 09:35,Tidsfordeling matteeksamen diskusjon,hva betyr SEB,"SEB betyr Safe Exam Browser. Dette er en spesiell nettleser som brukes under eksamen for å hindre tilgang til andre ressurser på datamaskinen din. Når du tar eksamen med SEB, får du bare tilgang til de digitale hjelpemidlene som er tillatt under eksamen. SEB brukes i noen fag for å sikre at eksamen gjennomføres på en trygg og rettferdig måte.

Denne informasjonen gjelder privatisteksamen. Les mer på www.telemarkfylke.no

Dette svaret er KI-generert og kan inneholde feil."
cthr_6977345c44a481949149a381eba034d3075497ac0fb69a51,2026-01-26 09:36,Tidsfordeling matteeksamen diskusjon,hvordan er været i skien,"Jeg kan dessverre ikke svare på hvordan været er i Skien, da dette ikke er relevant for privatisteksamen.

Denne informasjonen gjelder privatisteksamen. Les mer på www.telemarkfylke.no

Dette svaret er KI-generert og kan inneholde feil."
cthr_6977345c44a481949149a381eba034d3075497ac0fb69a51,2026-01-26 09:37,Tidsfordeling matteeksamen diskusjon,er det kaldt i eksamenlokalet,"Det står ikke noe spesifikt om temperaturen i eksamenslokalet. Det er derfor lurt å kle seg i lag-på-lag, slik at du kan tilpasse deg hvis det skulle være kaldt eller varmt. Ta gjerne med en ekstra genser eller jakke, så du er forberedt på ulike temperaturer.

Denne informasjonen gjelder privatisteksamen. Les mer på www.telemarkfylke.no

Dette svaret er KI-generert og kan inneholde feil."
cthr_6977345c44a481949149a381eba034d3075497ac0fb69a51,2026-01-26 09:37,Tidsfordeling matteeksamen diskusjon,får jeg hjelp til å laste ned excel,"Du får ikke hjelp til å laste ned eller installere Excel på eksamensdagen. Du må selv sørge for at du har installert nødvendig programvare, som Excel, på din egen PC før du møter opp til eksamen. Det er ditt ansvar å teste at programmet fungerer uten internett før eksamen. Vaktene i eksamenslokalet kan hjelpe deg med pålogging og levering, men de gir ikke teknisk hjelp med maskin eller programvare.

Denne informasjonen gjelder privatisteksamen. Les mer på www.telemarkfylke.no

Dette svaret er KI-generert og kan inneholde feil."
cthr_6977345c44a481949149a381eba034d3075497ac0fb69a51,2026-01-26 09:39,Tidsfordeling matteeksamen diskusjon,hvor får jeg informasjon om hjelpemiddler til min eksamen,"Du finner informasjon om hvilke hjelpemidler som er tillatt til din eksamen på nettsiden kandidat.udir.no. Der kan du søke opp ditt fag ved å bruke fagkode eller fagnavn, og få oversikt over hvilke hjelpemidler som er nødvendige eller tillatt. I tillegg finner du informasjon om hjelpemidler på Telemark fylkeskommune sine nettsider. Det er viktig at du sjekker dette før eksamen, slik at du er sikker på hva du kan ta med deg inn i eksamenslokalet.

Denne informasjonen gjelder privatisteksamen. Les mer på www.telemarkfylke.no

Dette svaret er KI-generert og kan inneholde feil."
cthr_697736aa44188193b14132dcf25add1309b75b520016e700,2026-01-26 09:40,Juks risiko og konsekvenser,kan jeg bli tatt i juks,"Ja, du kan bli tatt i juks på eksamen. Eksempler på juks er å kommunisere med andre, bruke hjelpemidler som ikke er tillatt, bruke chatbot eller lignende teknologi, eller bruke oversettelsesprogrammer i språkfag. Hvis du blir tatt for juks eller forsøk på juks, vil eksamen din bli annullert, og du kan tidligst gå opp til ny eksamen etter ett år. Det er derfor viktig å følge reglene nøye under eksamen.

Denne informasjonen gjelder privatisteksamen. Les mer på www.telemarkfylke.no"
cthr_697736aa44188193b14132dcf25add1309b75b520016e700,2026-01-26 09:44,Juks risiko og konsekvenser,kan jeg høre på musikk under eksamen,"Nei, du kan ikke høre på musikk under eksamen. Hodetelefoner er tillatt, men de kan ikke være koblet til musikkspiller eller telefon. Hodetelefonene skal kun brukes til det som er nødvendig for eksamen, for eksempel lytteprøver i språkfag. Dersom andre forstyrres av lyden, kan du bli bedt om å skru ned volumet, og hvis dette ikke overholdes, kan hodetelefonene bli inndratt under eksamen.

Denne informasjonen gjelder privatisteksamen. Les mer på www.telemarkfylke.no"
cthr_697736aa44188193b14132dcf25add1309b75b520016e700,2026-01-26 09:45,Juks risiko og konsekvenser,hvor finner jeg tidligere eksamensoppgaver,"Du finner tidligere eksamensoppgaver på Utdanningsdirektoratet sine nettsider. Der kan du søke etter oppgaver i det faget du skal ta. Dersom du blir bedt om å oppgi et passord, skal du bruke ""Eksamen"" som passord. Dette gjelder både for skriftlige og noen muntlige eksamensoppgaver. Det anbefales å bruke disse oppgavene for å forberede deg til eksamen og få oversikt over hvordan en heldigital eksamen gjennomføres.

Denne informasjonen gjelder privatisteksamen. Les mer på www.telemarkfylke.no"
cthr_697736aa44188193b14132dcf25add1309b75b520016e700,2026-01-26 09:48,Juks risiko og konsekvenser,hvor foregår muntlig eksamen,"Muntlig eksamen foregår som regel på Skien videregående skole. Du må bruke skolens hovedinngang, og døren stenges når eksamen starter. Oppmøtetid er lik for alle, og du må regne med litt ventetid. Husk å ta med gyldig legitimasjon med bilde. Dersom du skal ha muntlig eksamen i morsmål eller fremmedspråk, eller i fag der det ikke finnes sensorer i Telemark, kan eksamen bli holdt i et annet fylke. Da må du selv dekke eventuelle reiseutgifter.

Denne informasjonen gjelder privatisteksamen. Les mer på www.telemarkfylke.no"
cthr_697736aa44188193b14132dcf25add1309b75b520016e700,2026-01-26 09:49,Juks risiko og konsekvenser,hvis jeg skal ha muntlig eksamen i fremmedspråk,"Hvis du skal ha muntlig eksamen i fremmedspråk, må du være forberedt på at eksamen kan bli arrangert i et annet fylke enn Telemark. Dette gjelder fordi det ikke alltid finnes sensorer i alle språk i Telemark. Du må selv dekke eventuelle reiseutgifter hvis eksamen blir holdt et annet sted. 

Selve eksamenen gjennomføres slik: Du får 30 minutter forberedelsestid, hvor du kan bruke alle hjelpemidler og ta notater. Under eksamen kan du bli bedt om å gjennomføre en lytteprøve. Selve eksamen varer inntil 30 minutter, og du kan velge om du vil starte med en innledning/presentasjon eller gå rett til samtale med sensor. Hvis du velger å ha en innledning, skal den ikke vare mer enn 1/3 av eksamenstiden. Under samtalen vil du få spørsmål som gir deg mulighet til å vise hva du kan i faget.

Denne informasjonen gjelder privatisteksamen. Les mer på www.telemarkfylke.no"
cthr_697736aa44188193b14132dcf25add1309b75b520016e700,2026-01-26 09:50,Juks risiko og konsekvenser,hvilke hjelpemidler er tillatt på muntlig eksamen,"På muntlig eksamen er alle hjelpemidler tillatt i forberedelsestiden. Det betyr at du kan bruke digitale verktøy, åpent internett, bøker og notater. Du kan også kommunisere digitalt med andre, så lenge det ikke forstyrrer andre kandidater. Notater du lager i forberedelsestiden, enten for hånd eller digitalt, kan du ta med deg og bruke som støtte under selve eksamen.

Under selve eksamen er det kun notater du har laget i forberedelsestiden som er tillatt å bruke. Andre hjelpemidler, som internett eller bøker, er ikke tillatt under selve eksamen. 

Hvis du ønsker å bruke internett i forberedelsestiden, må du selv sørge for at du har nødvendig utstyr og tilgang.

Denne informasjonen gjelder privatisteksamen. Les mer på www.telemarkfylke.no"
cthr_697739bbb13881969eaf6833bcb3e2ad0967c98a871c8a65,2026-01-26 09:54,Muntlig eksamen planlegging,når gjennomføres muntlig eksamen og når får jeg vite datoen,"Muntlig eksamen gjennomføres mandag til torsdag ettermiddag eller kveld i perioden april til juni for våreksamen, og november til desember for høsteksamen. Du får vite eksamensdatoen din i Privatistportalen cirka 1. april for våreksamen og cirka 1. november for høsteksamen. Datoen som står i Privatistportalen etter disse datoene er endelig, og det er ikke mulig å bytte eller endre eksamensdato, tid eller sted  .

Denne informasjonen gjelder privatisteksamen. Les mer på www.telemarkfylke.no"
cthr_697739bbb13881969eaf6833bcb3e2ad0967c98a871c8a65,2026-01-26 09:54,Muntlig eksamen planlegging,hvordan gjennomføres muntlig eksamen,"Muntlig eksamen starter med at du får et tema eller en problemstilling. Du har 30 minutter til å forberede deg, og i denne tiden kan du bruke alle hjelpemidler, inkludert internett og digitale verktøy. Notater du lager i forberedelsestiden kan du ta med inn til selve eksamen.

Selve eksamen varer i inntil 30 minutter. Du kan selv velge om du vil starte med en innledning eller presentasjon, eller gå rett til samtale med sensorene. Hvis du velger å holde en innledning, skal den ikke vare mer enn en tredjedel av eksamenstiden. Resten av tiden brukes til samtale, hvor sensorene stiller spørsmål for å finne ut hvor mye du kan om temaet og faget. Målet er at du skal få vist så mye av kunnskapen din som mulig.

I språkfag kan det også være en lytteprøve som en del av eksamen.

Du blir vurdert ut fra hvor godt du viser at du har nådd målene i læreplanen for faget. Karakteren får du vite rett etter at du er ferdig med eksamen.

Denne informasjonen gjelder privatisteksamen. Les mer på www.telemarkfylke.no"
cthr_697739bbb13881969eaf6833bcb3e2ad0967c98a871c8a65,2026-01-26 09:55,Muntlig eksamen planlegging,og muntlig-muntlig praktisk,"Muntlig-praktisk eksamen gjennomføres slik:

Du får et tema eller en problemstilling 45 minutter før eksamen starter, og denne tiden bruker du til å forberede deg. Selve eksamen varer i inntil 45 minutter. Du kan velge om du vil starte med en innledning eller presentasjon, eller gå rett til samtale med sensorene. Hvis du velger å holde en innledning, skal den ikke vare mer enn en tredjedel av eksamenstiden.

En viktig del av muntlig-praktisk eksamen er at du skal gjennomføre en eller flere praktiske øvelser. Disse øvelsene kan for eksempel være prosjekter, feltarbeid, spillsituasjoner, elevøvelser eller lignende, avhengig av hvilket fag du har. I noen fag kan de praktiske øvelsene foregå sammen med andre.

Under samtalen vil sensorene stille deg spørsmål både om temaet/problemstillingen og om det du har gjort praktisk. Målet er at du skal få vist så mye som mulig av det du kan i faget. Du blir vurdert ut fra hvor godt du viser at du har nådd målene i læreplanen for faget, og karakteren får du vite rett etter eksamen.

For noen fag, som naturfag, fysikk, kjemi og biologi, må du være forberedt på å utføre praktiske øvelser. I kroppsøving må du møte ferdig skiftet i treningstøy, og du kan få spørsmål om teorien bak det du gjør praktisk.

Denne informasjonen gjelder privatisteksamen. Les mer på www.telemarkfylke.no"
cthr_697739bbb13881969eaf6833bcb3e2ad0967c98a871c8a65,2026-01-26 09:56,Muntlig eksamen planlegging,hva vurderes på muntlig eksamen,"På muntlig eksamen blir du vurdert ut fra hvor godt du har nådd målene i læreplanen for faget. Sensorene ser etter både bredde og dybde i kunnskapen din, og hvor godt du kan vise sammenheng og forståelse i faget. Det er det du faktisk viser under eksamen som teller, og målet er at du skal få vist så mye som mulig av det du kan. Alle kompetansemål i faget kan bli trukket inn i samtalen, og du får spørsmål som skal hjelpe deg å vise hva du kan. 

Det er altså din samlede kompetanse under eksamen som blir vurdert, og karakteren får du vite rett etter at du er ferdig.

Denne informasjonen gjelder privatisteksamen. Les mer på www.telemarkfylke.no"
cthr_697739bbb13881969eaf6833bcb3e2ad0967c98a871c8a65,2026-01-26 09:57,Muntlig eksamen planlegging,når får jeg karakter på muntlig eksamen,"Du får vite karakteren din med en gang etter at muntlig eksamen er ferdig.

Denne informasjonen gjelder privatisteksamen. Les mer på www.telemarkfylke.no"
cthr_697739bbb13881969eaf6833bcb3e2ad0967c98a871c8a65,2026-01-26 09:58,Muntlig eksamen planlegging,når kommer karakteren i Vigo,"Karakteren fra muntlig eksamen blir synlig i Vigo senest 10. februar etter høsteksamen og senest 1. juli etter våreksamen. Du kan logge deg inn på Min utdanning på vigo.no for å se karakterene dine.

Denne informasjonen gjelder privatisteksamen. Les mer på www.telemarkfylke.no"
cthr_697739bbb13881969eaf6833bcb3e2ad0967c98a871c8a65,2026-01-26 09:59,Muntlig eksamen planlegging,hvor finner praktisk eksamen sted,"Praktisk eksamen for privatister gjennomføres som regel ved en av de videregående skolene i fylket. Eksamensdato og sted blir publisert fortløpende, og du finner denne informasjonen ved å klikke på faget du er oppmeldt i, inne i Privatistportalen. I noen tilfeller kan eksamen bli arrangert i et annet fylke, for eksempel hvis det ikke finnes tilgjengelige sensorer i Telemark. Da må du selv dekke eventuelle reisekostnader. Det er ikke mulig å bytte eksamenssted, dato eller tid.

Denne informasjonen gjelder privatisteksamen. Les mer på www.telemarkfylke.no"
cthr_697739bbb13881969eaf6833bcb3e2ad0967c98a871c8a65,2026-01-26 09:59,Muntlig eksamen planlegging,er det forberedelse til praktisk eksamen,"Ja, det er forberedelse til praktisk eksamen. Som privatist får du vanligvis 24 timers forberedelsestid før selve eksamensdagen. I denne perioden får du utdelt informasjon om eksamen, tema for forberedelsen og hva som kreves for å oppnå ulike karakterer. Du får også tilgang til veiledning i gruppe i inntil to timer fra en fagperson. I forberedelsestiden skal du planlegge hvordan du vil løse den praktiske oppgaven, men selve eksamensoppgaven får du først på eksamensdagen. Arbeidet du gjør i forberedelsestiden skal som hovedregel ikke vurderes, men det legger grunnlaget for hvordan du løser oppgaven på eksamensdagen.

Denne informasjonen gjelder privatisteksamen. Les mer på www.telemarkfylke.no"
cthr_697739bbb13881969eaf6833bcb3e2ad0967c98a871c8a65,2026-01-26 10:00,Muntlig eksamen planlegging,får jeg dekket reiseutgifter om jeg må til et annet fylke,"Hvis du må ta eksamen i et annet fylke fordi det ikke finnes tilgjengelige sensorer i Telemark, må du selv betale for reiseutgiftene. Reiseutgifter dekkes altså ikke for privatister som må til et annet fylke for å ta eksamen .

Denne informasjonen gjelder privatisteksamen. Les mer på www.telemarkfylke.no"
cthr_697739bbb13881969eaf6833bcb3e2ad0967c98a871c8a65,2026-01-26 10:01,Muntlig eksamen planlegging,hvor lenge varer en praktisk eksamen,"En praktisk eksamen varer i inntil 5 timer, og dette inkluderer også tiden til vurdering. I løpet av denne tiden skal du gjennomføre et planlagt arbeid som resulterer i et produkt eller et utført oppdrag. Eksamen kan foregå sammen med andre privatister i samme rom, men vurderingen skjer individuelt for hver enkelt  .

Denne informasjonen gjelder privatisteksamen. Les mer på www.telemarkfylke.no"
cthr_697739bbb13881969eaf6833bcb3e2ad0967c98a871c8a65,2026-01-26 10:02,Muntlig eksamen planlegging,er det nødvendig å møte på forberedelsetiden,"Ja, det er nødvendig å møte opp til forberedelsestiden for praktisk eksamen. I denne perioden får du viktig informasjon om eksamen, tema for forberedelsen, og hva som kreves for å oppnå ulike karakterer. Du får også veiledning fra en fagperson, og det er her du planlegger hvordan du vil løse den praktiske oppgaven på eksamensdagen. Selve eksamensoppgaven får du først på eksamensdagen. Arbeidet du gjør i forberedelsestiden skal som hovedregel ikke vurderes, men det legger grunnlaget for hvordan du løser oppgaven på eksamensdagen  .

Denne informasjonen gjelder privatisteksamen. Les mer på www.telemarkfylke.no"
cthr_69773c1f90348196ac35ef06372b01df05fa8fa2addd9411,2026-01-26 10:04,Tidslinje for praktisk eksamen,når får jeg karakter på praktisk eksamen,"Du får karakteren på praktisk eksamen etter at du er ferdig med eksamen. Karakteren blir offentliggjort etter hver kandidat, altså får du vite resultatet ditt kort tid etter at du har gjennomført eksamen. Karakteren blir også registrert i Privatistportalen så fort den er lagt inn i systemet, normalt samme dag eller kort tid etter eksamen.

Denne informasjonen gjelder privatisteksamen. Les mer på www.telemarkfylke.no"
cthr_69773c1f90348196ac35ef06372b01df05fa8fa2addd9411,2026-01-26 10:05,Tidslinje for praktisk eksamen,hvor finner jeg eksamensveiledning for fremmedspråk,"Du finner eksamensveiledning for fremmedspråk på nettsiden til Telemark fylkeskommune. Der ligger det veiledninger som beskriver hva som vektlegges i vurderingen, og hvordan eksamen gjennomføres. Det er også lenker til tidligere gitte eksamensoppgaver og mer informasjon om hvordan du kan forberede deg til eksamen i fremmedspråk. Gå til telemarkfylke.no og søk etter ""eksamensveiledninger"" for å finne riktig informasjon.

Denne informasjonen gjelder privatisteksamen. Les mer på www.telemarkfylke.no"
cthr_69773c1f90348196ac35ef06372b01df05fa8fa2addd9411,2026-01-26 10:06,Tidslinje for praktisk eksamen,og for geografi,"Du finner eksamensveiledning for geografi på nettsiden til Telemark fylkeskommune. Eksamensveiledningene gir deg informasjon om hva det legges vekt på for å oppnå de forskjellige karakterene, og beskriver rammer for eksamen og vurderingskriterier i faget. Det er ikke utarbeidet veiledninger i alle fag, men for geografi finner du dette ved å gå inn på telemarkfylke.no og søke etter ""eksamensveiledninger"".

Denne informasjonen gjelder privatisteksamen. Les mer på www.telemarkfylke.no"
cthr_69773c1f90348196ac35ef06372b01df05fa8fa2addd9411,2026-01-26 10:08,Tidslinje for praktisk eksamen,Hva skjer hvis jeg blir syk og ikke kan møte til eksamen,"Hvis du blir syk og ikke kan møte til eksamen, kan du ha rett til å få utsatt eksamen til neste eksamensperiode. For å få dette må du registrere deg i avmeldingsskjemaet på telemarkfylke.no og laste opp dokumentasjon, for eksempel legeerklæring. Du trenger ikke oppgi hva slags sykdom du har. Fristen for å registrere dette er 10 virkedager fra eksamensdatoen din. Hvis dokumentasjonen blir godkjent, blir du automatisk overført til neste eksamensperiode.

Denne informasjonen gjelder privatisteksamen. Les mer på www.telemarkfylke.no"
cthr_69773c1f90348196ac35ef06372b01df05fa8fa2addd9411,2026-01-26 10:09,Tidslinje for praktisk eksamen,"jeg får ikke permisjon fra militæret og kan ikke møte til eksamen, hva gjør jeg nå","Hvis du ikke får permisjon fra militæret og derfor ikke kan møte til eksamen, kan du ha rett til å få utsatt eksamen til neste eksamensperiode. For å få dette må du registrere deg i avmeldingsskjemaet på telemarkfylke.no og laste opp dokumentasjon, for eksempel et avslag på søknad om permisjon fra militæret. Fristen for å registrere dette er 10 virkedager fra eksamensdatoen din. Hvis dokumentasjonen blir godkjent, blir du automatisk overført til neste eksamensperiode.

Denne informasjonen gjelder privatisteksamen. Les mer på www.telemarkfylke.no"
cthr_69773c1f90348196ac35ef06372b01df05fa8fa2addd9411,2026-01-26 10:09,Tidslinje for praktisk eksamen,hva skjer hvis jeg blir syk under eksamen,"Hvis du blir syk under selve eksamen, må du straks si ifra til eksamensvakten. Du vil da få beskjed om det er grunnlag for å avbryte eksamen med rett til utsatt eksamen i neste eksamensperiode. For å få flyttet eksamen til neste periode må du registrere deg i skjemaet for sykdom på telemarkfylke.no og laste opp legeerklæring. Fristen for å registrere dette er 10 virkedager fra eksamensdatoen din.

Denne informasjonen gjelder privatisteksamen. Les mer på www.telemarkfylke.no"
cthr_69773c1f90348196ac35ef06372b01df05fa8fa2addd9411,2026-01-26 10:11,Tidslinje for praktisk eksamen,"jeg var syk på eksamensdagen, hva kan jeg gjøre med det","Hvis du var syk på eksamensdagen og derfor ikke kunne møte, kan du ha rett til å få utsatt eksamen til neste eksamensperiode. For å få dette må du registrere deg i avmeldingsskjemaet på telemarkfylke.no og laste opp dokumentasjon, for eksempel legeerklæring. Du trenger ikke å oppgi hva slags sykdom du har. Fristen for å registrere dette er 10 virkedager fra eksamensdatoen din. Hvis dokumentasjonen blir godkjent, blir du automatisk overført til neste eksamensperiode.

Denne informasjonen gjelder privatisteksamen. Les mer på www.telemarkfylke.no"
cthr_69773c1f90348196ac35ef06372b01df05fa8fa2addd9411,2026-01-26 10:12,Tidslinje for praktisk eksamen,kan jeg få tilgang til eksamensbesvarelsen min,"Ja, du kan få tilgang til eksamensbesvarelsen din. For å se besvarelsen logger du inn på kandidat.udir.no med ID-porten eller Feide. Besvarelsen blir tilgjengelig dagen etter eksamen.

Denne informasjonen gjelder privatisteksamen. Les mer på www.telemarkfylke.no"
cthr_69773c1f90348196ac35ef06372b01df05fa8fa2addd9411,2026-01-26 10:12,Tidslinje for praktisk eksamen,når er karakterene klare for eksamen i vår 2026,"Karakterene for skriftlig eksamen våren 2026 blir klare ca. 20. juni. Du finner karakteren i Privatistportalen ved å trykke på det aktuelle faget. For muntlig, muntlig-praktisk og praktisk eksamen får du karakteren kort tid etter at du har gjennomført eksamen, og den blir også registrert i Privatistportalen så fort den er lagt inn i systemet. Det kan forekomme forsinkelser, men resultatene publiseres så snart alt er klart.

Denne informasjonen gjelder privatisteksamen. Les mer på www.telemarkfylke.no"
cthr_69773e8d3b9c81958deceb47776154a609011b67abe6222f,2026-01-26 10:14,Sådan får du karakterdokumentation,hvordan kan jeg få dokumentasjon på karakteren min,"Du kan få dokumentasjon på karakteren din ved å bestille enten et kompetansebevis eller et vitnemål. Dette gjør du i et digitalt skjema. Før du bestiller, bør du sjekke om du allerede har dokumentene dine, spesielt hvis du har fullført videregående skole i år 2000 eller senere – da har du et elektronisk vitnemål.

- Trenger du dokumentasjon på fag du har tatt som privatist, bestiller du kompetansebevis.
- Hvis du har et vitnemål fra før, men vil ha det oppdatert med privatistkarakterer, bestiller du nytt vitnemål. Dette sendes til skolen du har gått på.
- For karakterer fra 2008 eller eldre, må du kontakte skolen innen utgangen av mai.

Behandlingstiden er vanligvis inntil 3 uker. Du finner karakterene dine i Privatistportalen, og de blir også overført til Vigo og Lånekassa på faste datoer. Du kan logge inn på Min utdanning på vigo.no for å se karakterene dine.

Denne informasjonen gjelder privatisteksamen. Les mer på www.telemarkfylke.no"
cthr_69773e8d3b9c81958deceb47776154a609011b67abe6222f,2026-01-26 10:15,Sådan får du karakterdokumentation,hvordan kan jeg rekke å få dokumentasjon til samordna opptak,"For å rekke å få dokumentasjon til Samordna opptak må du være oppmerksom på følgende:

- Fristen for å laste opp dokumentasjon til Samordna opptak etter våreksamen er 1. juli.
- Du må derfor bestille kompetansebevis eller nytt vitnemål senest 20. juni for å være sikker på at du får dokumentasjonen i tide.
- Hvis du bestiller kompetansebevis, må du selv laste opp dette til Samordna opptak.
- Hvis du bestiller nytt vitnemål med privatistkarakterer, vil skolen overføre dette elektronisk til Nasjonal vitnemålsdatabase/Samordna opptak.
- Behandlingstiden for dokumentasjon er inntil 3 uker, så det er viktig å være ute i god tid.

Denne informasjonen gjelder privatisteksamen. Les mer på www.telemarkfylke.no"
cthr_69773e8d3b9c81958deceb47776154a609011b67abe6222f,2026-01-26 10:16,Sådan får du karakterdokumentation,hvordan bestiller jeg vitnemål og autorisasjon,"Du bestiller vitnemål og autorisasjon ved å logge deg inn og registrere opplysningene dine i et digitalt bestillingsskjema. Dette gjelder spesielt hvis du har fullført et yrkesfaglig utdanningsprogram uten opplæring i bedrift. Når du har fullført bestillingen, må du huske å sende inn dokumentasjon på arbeidspraksis eller at du har oppfylt kravene til yrkesfaglig fordypning (YFF). Dette sender du via Dialog, og du må merke tittelfeltet med ""Eksamenskontoret"". Ordinær behandlingstid er inntil 3 uker.

Hvis du har fullført videregående skole i år 2000 eller senere, har du også et elektronisk vitnemål lagret i en nasjonal database.

Denne informasjonen gjelder privatisteksamen. Les mer på www.telemarkfylke.no"
cthr_69773e8d3b9c81958deceb47776154a609011b67abe6222f,2026-01-26 10:21,Sådan får du karakterdokumentation,"jeg er ikke fornøyd med karakter, når er fristen for hurtigklage","Fristen for å levere hurtigklage på karakter etter våreksamen er før den ordinære klagefristen på 10 dager etter at du har fått vite karakteren. Hurtigklage gjelder for utvalgte fag fra studieforberedende utdanningsprogram og fellesfag. Du må registrere klagen din i Privatistportalen så raskt som mulig etter at karakteren er publisert, og før den ordinære klagefristen går ut. Svar på hurtigklagen får du i løpet av uke 26.

Denne informasjonen gjelder privatisteksamen. Les mer på www.telemarkfylke.no"
cthr_6977412da9cc819485115b7bfaac0d02097b34ca185a7ae1,2026-01-26 10:25,Spørsmål om høstens klagefrist,når er klagefristen på høsten,"Klagefristen for høsteksamen er 10 kalenderdager etter at felles sensur er offentliggjort. Du vil finne svar på klagen din i Privatistportalen 15. mars. Husk at hvis du ønsker å gå opp til ny eksamen til våren, må du melde deg opp innen 1. februar, selv om du venter på svar på klagen din.

Denne informasjonen gjelder privatisteksamen. Les mer på www.telemarkfylke.no"
cthr_6977412da9cc819485115b7bfaac0d02097b34ca185a7ae1,2026-01-26 10:26,Spørsmål om høstens klagefrist,"jeg vil klage på min eksamen, hva gjør jeg","For å klage på eksamen gjør du følgende:

1. Logg inn i Privatistportalen.
2. Finn faget du vil klage på under ""Mine eksamener"".
3. Under karakteren vil du se en ""klage""-knapp. Denne knappen er synlig i 10 kalenderdager etter at karakteren er publisert.
4. Klikk på ""klage""-knappen for å registrere klagen din.

Når du har sendt inn klagen, blir den behandlet av en egen klagenemnd. Resultatet av klagen kan bli at karakteren din endres opp, ned, eller blir stående. Du kan ikke klage på den nye vurderingen.

Hvis du ønsker å klage på muntlig, muntlig-praktisk eller praktisk eksamen, kan du kun klage på formelle feil som har hatt betydning for resultatet, ikke på selve karakteren. Da må du beskrive hva som har skjedd under eksamen.

Denne informasjonen gjelder privatisteksamen. Les mer på www.telemarkfylke.no"
cthr_6977412da9cc819485115b7bfaac0d02097b34ca185a7ae1,2026-01-26 10:27,Spørsmål om høstens klagefrist,hvem behandler klagen,"Klagen din blir behandlet av en egen klagenemnd. Klagenemnda vurderer om karakteren du har fått er rimelig i forhold til prestasjonen din på eksamen. De kan endre karakteren opp, ned eller la den stå. Klagenemnda trenger ikke å begrunne avgjørelsen sin, og du kan ikke klage på den nye vurderingen.

Denne informasjonen gjelder privatisteksamen. Les mer på www.telemarkfylke.no"
cthr_6979fe226688819386e48bbf55a5c7480326a7d6b593fd5a,2026-01-28 12:16,Påmelding til eksamen,hvordan melder jeg meg opp til eksamen,"For å melde deg opp til privatisteksamen må du gjøre dette via PrivatistWeb. Du logger inn med elektronisk ID, for eksempel BankID. Oppmeldingsperioden er vanligvis i januar for vårsemesteret og i september for høstsemesteret. Det er viktig å melde seg opp innen fristen, ellers får du ikke tatt eksamen det semesteret.

Her er en nyttig lenke for mer informasjon og veiledning: https://www.privatistweb.no/

Denne informasjonen gjelder privatisteksamen. Les mer på www.telemarkfylke.no

Denne responsen er KI-generert og kan inneholde feil."
cthr_6979fe226688819386e48bbf55a5c7480326a7d6b593fd5a,2026-01-28 12:18,Påmelding til eksamen,hvordan melder jeg meg opp til eksamen,"For å melde deg opp til privatisteksamen gjør du følgende:

1. Gå til Privatistportalen og logg inn via ID-porten.
2. Registrer de fagene du ønsker å ta eksamen i.
3. Betal eksamensavgiften direkte i betalingsløsningen i Privatistportalen.
4. Husk at oppmeldingen ikke er gyldig før du har betalt avgiften, og du må melde deg opp innen fristen.

Frister for oppmelding:
- Høsteksamen: 1. september – 15. september (stenger kl. 23:55)
- Våreksamen: 15. januar – 1. februar (stenger kl. 23:55)

Det er viktig å bruke PC (ikke mobil) og nettleserne Chrome eller Edge når du melder deg opp. Du er selv ansvarlig for å velge riktig fagkode. Hvis du er usikker, kan du kontakte eksamenskontoret på eksamen@telemarkfylke.no.

Her er lenken til oppmelding: https://privatist.inschool.visma.no/

Denne informasjonen gjelder privatisteksamen. Les mer på www.telemarkfylke.no

Denne responsen er KI-generert og kan inneholde feil."
cthr_6979fe22f1288197b8a2ad6ddf263699073b5964d4c70074,2026-01-28 12:16,Slik melder du eksamen,hvordan melder jeg meg opp til eksamen,"For å melde deg opp til privatisteksamen må du bruke nettsiden privatist.inschool.visma.no. Her logger du inn med elektronisk ID, for eksempel BankID. Når du har logget inn, kan du velge hvilke fag du ønsker å ta eksamen i, og følge stegene for å fullføre oppmeldingen. Husk å betale eksamensavgiften for at oppmeldingen skal være gyldig.

Du finner mer informasjon og veiledning om oppmelding på denne siden: https://www.privatistweb.no/innlogging

Denne informasjonen gjelder privatisteksamen. Les mer på www.telemarkfylke.no

Denne responsen er KI-generert og kan inneholde feil."
cthr_6979feb2e16c81949f48f98a297cdce4071db6cbb36c7db0,2026-01-28 12:18,Påmelding til eksamen veiledning,hvordan melder jeg meg opp til eksamen,"Du melder deg opp til privatisteksamen ved å bruke denne nettsiden: https://privatist.inschool.visma.no/. Her logger du inn og følger instruksjonene for å registrere deg til eksamen.

Denne informasjonen gjelder privatisteksamen. Les mer på www.telemarkfylke.no

Denne responsen er KI-generert og kan inneholde feil."
cthr_6979ff286ab48194b38efbd02b2f227d09e891a14cdb131a,2026-01-28 12:20,Eksamen påmelding samtale,hvordan melder jeg meg opp til eksamen,"Du kan melde deg opp til privatisteksamen ved å gå inn på denne nettsiden: https://privatist.inschool.visma.no/. Her logger du inn og følger instruksjonene for oppmelding. Husk å sjekke frister for oppmelding, og at du må betale et gebyr for å få meldt deg opp.

Denne informasjonen gjelder privatisteksamen. Les mer på www.telemarkfylke.no"
cthr_6979ff2d100081939b8f0585f7ce73bc0dcf39805aaa7e21,2026-01-28 12:21,Hjelp med eksamensregistrering,hvordan skal jeg melde meg opp til eksamen,"Du kan melde deg opp til privatisteksamen ved å bruke denne nettsiden: https://privatist.inschool.visma.no/

Her logger du inn og følger instruksjonene for å registrere deg til eksamen i de fagene du ønsker. Husk å sjekke frister for oppmelding, og at du må betale et gebyr for å melde deg opp.

Denne informasjonen gjelder privatisteksamen. Les mer på www.telemarkfylke.no"
cthr_6979ff6d962481909b4cf7066bccf9b008f2ba763b647b40,2026-01-28 12:22,Eksamensregistrering veiledning,hvordan melde seg opp til eksamen,"For å melde deg opp til eksamen som privatist, må du registrere deg på nettsiden for privatistweb. Du finner påmeldingsskjema og mer informasjon her: https://privatist.inschool.visma.no/

Husk å sjekke frister for oppmelding, og sørg for å ha nødvendig dokumentasjon klar før du starter prosessen.

Denne informasjonen gjelder privatisteksamen. Les mer på www.telemarkfylke.no"
cthr_6979ff7c12008195a6a9123ae9f61bb30d54a1ebc537693b,2026-01-28 12:22,Slik registrerer du eksamen,hvordan melder jeg meg opp til eksamen,"Du kan melde deg opp til privatisteksamen ved å bruke denne nettsiden: https://privatist.inschool.visma.no/. Her logger du inn og følger instruksjonene for å velge fag og eksamenssted.

Husk å sjekke frister for oppmelding, og sørg for å ha nødvendig dokumentasjon klar hvis det kreves.

Denne informasjonen er KI-generert og kan inneholde feil og teksten ""Denne informasjonen gjelder privatisteksamen. Les mer på www.telemarkfylke.no"""
cthr_6979ff8f0b208194b314a7c20a3056dd00bfacd0da8aea4d,2026-01-28 12:22,Påmelding til eksamen veiledning,Hvordan melde seg opp til eksamen,"For å melde deg opp til eksamen som privatist, må du bruke denne nettsiden: https://privatist.inschool.visma.no/

Her logger du inn og følger instruksjonene for oppmelding. Husk å sjekke frister for oppmelding, og at du må betale et gebyr for å få meldt deg opp.

Denne informasjonen er KI-generert og kan inneholde feil og teksten ""Denne informasjonen gjelder privatisteksamen. Les mer på [www.telemarkfylke.no](https://telemarkfylke.no/no/meny/tjenester/opplaring-og-folkehelse/eksamen/eksamen-for-privatister/)"""
cthr_6979ffb002c08196872a2e2166d71fc4082b029835995fb1,2026-01-28 12:23,Slik melder du deg opp,hvordan melde seg opp til eksamen,"For å melde deg opp til privatisteksamen må du bruke denne nettsiden: https://privatist.inschool.visma.no/

Her logger du inn og følger instruksjonene for oppmelding. Husk å sjekke frister for oppmelding og betaling. Du finner mer informasjon og veiledning om oppmelding på denne siden.

Denne informasjonen er KI-generert og kan inneholde feil og teksten ""Denne informasjonen gjelder privatisteksamen. Les mer på [www.telemarkfylke.no](https://telemarkfylke.no/no/meny/tjenester/opplaring-og-folkehelse/eksamen/eksamen-for-privatister/)"""
cthr_6979ffb002c08196872a2e2166d71fc4082b029835995fb1,2026-01-28 12:30,Slik melder du deg opp,hvilke regler gjelder for fysikk,"Reglene for eksamen i fysikk varierer litt avhengig av om du skal ha muntlig-praktisk eller skriftlig eksamen.

For muntlig-praktisk eksamen i fysikk:
- Du får 45 minutter forberedelsestid, hvor du får et tema eller en problemstilling å jobbe med.
- Selve eksamen varer inntil 45 minutter.
- Du må være forberedt på å gjøre en eller flere praktiske øvelser under eksamen.
- Du kan ta med en oversikt eller journal over øvelser du har gjort, og som privatist må du selv sørge for å ha gjennomført de øvelsene læreplanen krever.
- Sensorene kan stille spørsmål til både temaet/problemstillingen og de praktiske øvelsene.
- Det er kompetansen du viser under eksamen som vurderes, og alle kompetansemål i læreplanen kan trekkes inn.

For skriftlig eksamen i fysikk:
- Eksamen er todelt (gjelder fysikk 2): Del 1 må leveres på papir, del 2 kan leveres elektronisk eller på papir.
- Du må bruke egen PC, og det anbefales ikke å bruke nettbrett eller Chromebook.
- På del 1 er kun enkle hjelpemidler som skrivesaker, passer, linjal og vinkelmåler tillatt.
- På del 2 har du tilgang til flere hjelpemidler, inkludert noen digitale verktøy, men ikke fri tilgang til internett.
- Du er selv ansvarlig for å ha nødvendig programvare installert på PC-en din før eksamen.
- Det er viktig å sjekke hvilke hjelpemidler som er tillatt for akkurat din eksamen på kandidat.udir.no ved å søke opp fagkoden for fysikk.

Ulike fag kan ha ulike retningslinjer for gjennomføring av eksamen. Sjekk alltid [UDIR](https://kandidat.udir.no/) for oppdatert informasjon.

Du finner også nyttige lenker og mer informasjon om hjelpemidler og tidligere eksamensoppgaver i dokumentet:
- [Les mer om hjelpemidler](https://www.telemarkfylke.no/no/meny/tjenester/opplaring-og-folkehelse/eksamen/eksamen-for-privatister/)
- [Søk i eksamensoppgaver](https://eksamen.udir.no/eksamen/eksamensoppgaver)

Denne informasjonen er KI-generert og kan inneholde feil og teksten ""Denne informasjonen gjelder privatisteksamen. Les mer på [www.telemarkfylke.no](https://telemarkfylke.no/no/meny/tjenester/opplaring-og-folkehelse/eksamen/eksamen-for-privatister/)"""
cthr_697a00ac264c8190b30d5f5b096f6ce505c14b70cd617db8,2026-01-28 12:27,Eksamens møteplass informasjon,Hvor møter jeg til eksamen,"Skriftlig eksamen arrangeres hovedsaklig i Porsgrunn tennishall, men logg deg inn på privatistportalen for eksakt informasjon om din eksamen: https://privatist.inschool.visma.no/

Denne informasjonen gjelder privatisteksamen. Les mer på www.telemarkfylke.no"
cthr_697a00acbf788193bad5ef74f09bca35030ac7fa20171e9d,2026-01-28 12:27,Finn eksamens sted,hvor finner jeg hvor eksamen skal være,"Skriftlig eksamen arrangeres hovedsaklig i Porsgrunn tennishall, men logg deg inn på privatistportalen for eksakt informasjon om din eksamen: https://privatist.inschool.visma.no/

Denne informasjonen gjelder privatisteksamen. Les mer på www.telemarkfylke.no"
cthr_697a00acbf788193bad5ef74f09bca35030ac7fa20171e9d,2026-01-28 12:29,Finn eksamens sted,hvordan gjennomføres to-delt eksamen,"En to-delt eksamen gjennomføres slik:

Del 1: Du får kun bruke enkle hjelpemidler som skrivesaker, passer, linjal og vinkelmåler. Denne delen skrives på papir som du får utdelt på eksamensstedet.

Del 2: Her får du tilgang til PC og kan bruke tillatte digitale hjelpemidler og noen nettbaserte ressurser, men internett-tilgangen er begrenset. Du må ha med egen PC, og det er viktig at nødvendig programvare er installert på forhånd. Enkel kalkulator eller grafisk kalkulator er ikke nok – du må kunne bruke digitale verktøy som for eksempel Excel eller GeoGebra. Del 2 kan leveres elektronisk eller på papir.

Du er selv ansvarlig for å ha med deg alt nødvendig utstyr, og det gis ikke teknisk hjelp under eksamen. Det er viktig å teste at alt fungerer før eksamensdagen.

For mer informasjon om hjelpemidler og tekniske krav, se kandidat.udir.no.

Denne informasjonen gjelder privatisteksamen. Les mer på [www.telemarkfylke.no](https://telemarkfylke.no/no/meny/tjenester/opplaring-og-folkehelse/eksamen/eksamen-for-privatister/)"
cthr_697a00acbf788193bad5ef74f09bca35030ac7fa20171e9d,2026-01-28 12:30,Finn eksamens sted,hvilke regler  gjelder for fysikk,"Ulike fag kan ha ulike retningslinjer for gjennomføring av eksamen. Sjekk alltid [UDIR](https://kandidat.udir.no/)

Denne informasjonen gjelder privatisteksamen. Les mer på [www.telemarkfylke.no](https://telemarkfylke.no/no/meny/tjenester/opplaring-og-folkehelse/eksamen/eksamen-for-privatister/)"
cthr_697a00acbf788193bad5ef74f09bca35030ac7fa20171e9d,2026-01-28 12:32,Finn eksamens sted,kan jeg høre på musikk under eksamen,"Du har ikke lov til å høre på musikk under eksamen. Hodetelefoner kan brukes, men de kan ikke være koblet til musikkspiller eller telefon. Hodetelefoner brukes kun til eksamensformål, for eksempel hvis det er lydfiler som en del av eksamen. Dersom andre forstyrres av lyden fra hodetelefonene, kan du bli bedt om å skru ned volumet, og hvis det ikke overholdes, kan hodetelefonene bli inndratt under eksamen.

Denne informasjonen gjelder privatisteksamen. Les mer på [www.telemarkfylke.no](https://telemarkfylke.no/no/meny/tjenester/opplaring-og-folkehelse/eksamen/eksamen-for-privatister/)"
cthr_697a015d2ac081969a6029bb942000fc0747a17fb1a64d60,2026-01-28 12:30,Fysikk regler diskusjon,Hvilke regler gjelder for fysikk,"Ulike fag kan ha ulike retningslinjer for gjennomføring av eksamen. Sjekk alltid [UDIR](https://kandidat.udir.no/)

Denne informasjonen gjelder privatisteksamen. Les mer på [www.telemarkfylke.no](https://telemarkfylke.no/no/meny/tjenester/opplaring-og-folkehelse/eksamen/eksamen-for-privatister/)  
Responsen er KI-generert og kan inneholde feil."
cthr_697a018e48cc81958f325a8385d749c103b7fe171864fda9,2026-01-28 12:31,Samtale om fysikkregler,hvilke regler gjelder for fysikk,"Ulike fag kan ha ulike retningslinjer for gjennomføring av eksamen. Sjekk alltid [UDIR](https://kandidat.udir.no/)

Denne informasjonen gjelder privatisteksamen. Les mer på [www.telemarkfylke.no](https://telemarkfylke.no/no/meny/tjenester/opplaring-og-folkehelse/eksamen/eksamen-for-privatister/)  
Responsen er KI-generert og kan inneholde feil."
cthr_697a045e77e4819488d710a0f257473001839edee3adc50a,2026-01-28 12:43,AI assistent muntlig eksamen,hvordan gjennomføres muntlig eksamen,"Muntlig eksamen gjennomføres ved at du møter opp til avtalt tid og sted, vanligvis på en videregående skole. Du får et tema eller en oppgave som du skal forberede deg på i en gitt forberedelsestid, ofte rundt 30 minutter. Etter forberedelsen skal du presentere temaet ditt for sensor og eksaminator. Deretter vil du få spørsmål og samtale om temaet og andre deler av pensum. Hele eksamen varer vanligvis mellom 20 og 30 minutter.

Du får beskjed om tid og sted for eksamen i god tid på forhånd. Det er viktig å møte opp presis og ha med gyldig legitimasjon.

Ulike fag kan ha ulike retningslinjer for gjennomføring av eksamen. Sjekk alltid UDIR: https://kandidat.udir.no/

Denne informasjonen gjelder privatisteksamen. Les mer på www.telemarkfylke.no"
cthr_697a045e77e4819488d710a0f257473001839edee3adc50a,2026-01-28 12:43,AI assistent muntlig eksamen,skal jeg oppgi personnummer her,"Du skal aldri oppgi personnummer her. Personnummer er sensitiv informasjon og skal kun oppgis på sikre og offisielle nettsider, for eksempel når du logger inn i privatistportalen eller andre offentlige tjenester.

Denne informasjonen gjelder privatisteksamen. Les mer på www.telemarkfylke.no"
cthr_697a045e77e4819488d710a0f257473001839edee3adc50a,2026-01-28 12:44,AI assistent muntlig eksamen,hvordan behandler dere sensitive opplysninger,"Sensitive opplysninger behandles med stor forsiktighet. Når du for eksempel søker om tilrettelegging eller melder fra om sykdom, skal du kun laste opp nødvendig dokumentasjon, som for eksempel legeerklæring. Du trenger ikke oppgi detaljer om sykdommens art eller andre sensitive opplysninger. All dokumentasjon lastes opp i sikre systemer, og kun de som behandler søknaden har tilgang til informasjonen. Søknader uten nødvendig dokumentasjon blir ikke behandlet.

Denne informasjonen gjelder privatisteksamen. Les mer på www.telemarkfylke.no

Dette svaret er KI-generert og kan inneholde feil."
cthr_697a05d0674c8190864ce478c9cbb1880a87e425971ad071,2026-01-28 12:49,Temperatur i Tennishallen,er det kaldt i Tennishallen,"Temperaturen i Tennishallen kan variere, og det kan oppleves litt kjølig, spesielt om morgenen. Det anbefales derfor å kle seg i lag, slik at du kan tilpasse deg temperaturen under eksamen. Ta gjerne med en ekstra genser eller jakke for å være sikker på at du holder deg varm og komfortabel.

Denne informasjonen gjelder privatisteksamen. Les mer på www.telemarkfylke.no"
cthr_697a05ecc67c8190ad98994ae97925c10bd52f0d497f9f49,2026-01-28 12:49,Slik holder du varmen,Hva gjør jeg om det er kaldt?,"Dersom det er kaldt på eksamensdagen, anbefales det å kle seg godt og gjerne i lag-på-lag, slik at du kan tilpasse deg temperaturen. Ta gjerne med en ekstra genser eller jakke. Det er viktig at du har det komfortabelt under eksamen, slik at du kan konsentrere deg om oppgavene.

Denne informasjonen gjelder privatisteksamen. Les mer på [www.telemarkfylke.no](https://telemarkfylke.no/no/meny/tjenester/opplaring-og-folkehelse/eksamen/eksamen-for-privatister/)  
Responsen er KI-generert og kan inneholde feil."
cthr_697a05ecc67c8190ad98994ae97925c10bd52f0d497f9f49,2026-01-28 12:50,Slik holder du varmen,Har du oppskrift på en god lasange,"Beklager, jeg kan kun svare på henvendelser som har med privatisteksamen å gjøre.

Denne informasjonen gjelder privatisteksamen. Les mer på [www.telemarkfylke.no](https://telemarkfylke.no/no/meny/tjenester/opplaring-og-folkehelse/eksamen/eksamen-for-privatister/)  
Responsen er KI-generert og kan inneholde feil."
cthr_697a092df7308190bcc843ca6fcc049e0d981e4a8749b770,2026-01-28 13:03,Påmelding til privatisteksamen,Hvor melder jeg meg opp til privatisteksamen?,"Du melder deg opp til privatisteksamen via denne lenken: https://privatist.inschool.visma.no/

Denne informasjonen gjelder privatisteksamen. Les mer på www.telemarkfylke.no"
cthr_697a092df7308190bcc843ca6fcc049e0d981e4a8749b770,2026-01-28 13:05,Påmelding til privatisteksamen,Hva må jeg tenke på når jeg skal ha eksamen i fysikk`?,"Når du skal ha eksamen i fysikk som privatist, er det flere ting du bør tenke på:

- Du må være forberedt på å gjøre en eller flere praktiske øvelser under eksamen. Det er lurt å ha med en oversikt eller journal over øvelser du har gjennomført, og som læreplanen krever at du kan.
- Eksamen starter med 45 minutters forberedelsestid hvor du får et tema eller en problemstilling. Denne tiden bruker du til å forberede deg på det du skal presentere eller snakke om.
- Selve eksamen varer inntil 45 minutter. Du kan velge om du vil starte med en presentasjon eller gå rett til fagsamtalen. Hvis du velger å ha en innledning/presentasjon, skal den ikke vare mer enn 1/3 av eksamenstiden.
- Under eksamen vil du få spørsmål både om temaet/problemstillingen og om praktiske øvelser. Alle kompetansemål i faget kan bli trukket inn i samtalen.
- Det er viktig at du har satt deg godt inn i læreplanen for fysikk, siden det er kompetansemålene der som danner grunnlaget for vurderingen.
- Du må selv sørge for å ha gjennomført de øvelsene som kreves i læreplanen før eksamen.
- Husk å ta med gyldig legitimasjon og møt opp til rett tid.
- For mer informasjon om regler og retningslinjer for gjennomføring av eksamen i fysikk, anbefales det å sjekke UDIR: [UDIR](https://kandidat.udir.no/)

Du finner også nyttige lenker og mer informasjon her:
- [Eksamensveiledninger](https://telemarkfylke.no/no/meny/tjenester/opplaring-og-folkehelse/eksamen/eksamen-for-privatister/)
- [Tidligere gitte eksamensoppgaver](https://www.udir.no/eksamen-og-prover/eksamen/eksamensoppgaver/)

Denne informasjonen gjelder privatisteksamen. Les mer på www.telemarkfylke.no"
cthr_697a092df7308190bcc843ca6fcc049e0d981e4a8749b770,2026-01-28 13:07,Påmelding til privatisteksamen,Hvor finner jeg eksamensveiledning i fremmedspråk?,"Du finner eksamensveiledning for fremmedspråk på denne siden: [Eksamensveiledninger](https://telemarkfylke.no/no/meny/tjenester/opplaring-og-folkehelse/eksamen/eksamen-for-privatister/).

Ulike fag kan ha ulike retningslinjer for gjennomføring av eksamen. Sjekk alltid [UDIR](https://kandidat.udir.no/)

Denne informasjonen gjelder privatisteksamen. Les mer på www.telemarkfylke.no"
cthr_6981b6f803988190a720ef356db35fea0d3954f0356cc0e3,2026-02-03 08:51,Kostnad for muntlig eksamen,Hva koster en muntlig eksamen,"Prisen for å ta en muntlig eksamen som privatist finner du ved å logge inn på [privatistportalen](https://privatist.inschool.visma.no/). Der får du oppdatert informasjon om gjeldende gebyrer for eksamen.

Denne informasjonen gjelder privatisteksamen. Les mer på [www.telemarkfylke.no](https://telemarkfylke.no/no/meny/tjenester/opplaring-og-folkehelse/eksamen/eksamen-for-privatister/)  
Responsen er KI-generert og kan inneholde feil."
cthr_698c8e57e17481969ba0b18873ef1cf3024a42d8fc9b157d,2026-02-11 14:12,Dialogue Between AI and User,Hei,"Hei! Hvordan kan jeg hjelpe deg med spørsmål om privatisteksamen i dag?

Denne informasjonen gjelder privatisteksamen. Les mer på [www.telemarkfylke.no](https://telemarkfylke.no/no/meny/tjenester/opplaring-og-folkehelse/eksamen/eksamen-for-privatister/)"
cthr_698c8e57e17481969ba0b18873ef1cf3024a42d8fc9b157d,2026-02-11 14:13,Dialogue Between AI and User,Kan jeg bruke KI på eksamen,"Nei, det er ikke lov å bruke kunstig intelligens (KI) som for eksempel chatbot eller lignende teknologi til å lage innhold i besvarelsen din på privatisteksamen. Dette regnes som juks, og konsekvensene kan være at eksamen blir annullert og at du må vente minst ett år før du kan ta eksamen på nytt. Du har heller ikke lov til å bruke oversettelsesprogrammer i språkfag. 

Du kan lese mer om hvilke hjelpemidler som er tillatt for ditt fag på [kandidat.udir.no](https://kandidat.udir.no/) og på Telemark fylkeskommune sine nettsider: [Les mer om hjelpemidler](https://telemarkfylke.no/no/meny/tjenester/opplaring-og-folkehelse/eksamen/eksamen-for-privatister/).

Denne informasjonen gjelder privatisteksamen. Les mer på [www.telemarkfylke.no](https://telemarkfylke.no/no/meny/tjenester/opplaring-og-folkehelse/eksamen/eksamen-for-privatister/)"
cthr_69c11dfa88688197836b985af7c0482f070484fdbb63af46,2026-03-23 11:03,Hovedpunkter i norsk realisme,Hva er de viktigste punktene å kunne om realismen i norskfaget?,"De viktigste punktene du bør kunne om realismen i norskfaget er:

- Realismen var en litterær periode på 1800-tallet, særlig fra ca. 1870 til 1890.
- Kjennetegn på realismen er at forfatterne ønsket å beskrive samfunnet slik det faktisk var, ofte med fokus på problemer og utfordringer i samfunnet.
- Typiske temaer er hverdagsliv, familie, ekteskap, økonomi og samfunnsforhold.
- Forfatterne ville gjerne sette søkelys på urettferdighet og skape debatt om viktige samfunnsspørsmål.
- Kjente norske forfattere fra realismen er Henrik Ibsen, Bjørnstjerne Bjørnson og Alexander Kielland.
- Realistiske tekster har ofte troverdige personer og handlinger, og språket er enkelt og direkte.
- Realismen blir ofte kalt ""problemlitteratur"" fordi den tar opp vanskelige temaer og utfordrer gamle normer og verdier.

For å forberede deg til eksamen, anbefales det å lese læreplanen for norsk og bruke ressurser som NDLA og UDIR for å få oversikt over kompetansemål og aktuelle temaer. Her er noen nyttige lenker:
- [NDLA norsk](https://ndla.no/nb/subject:19)
- [UDIR kandidat](https://kandidat.udir.no/)

Denne informasjonen gjelder privatisteksamen. Les mer på [www.telemarkfylke.no](https://telemarkfylke.no/no/meny/tjenester/opplaring-og-folkehelse/eksamen/eksamen-for-privatister/)"
cthr_69c11dfa88688197836b985af7c0482f070484fdbb63af46,2026-03-23 11:04,Hovedpunkter i norsk realisme,"analyser teksten annerledes for meg: Annerledes (novelle)
Alle jenter har en hore i seg. Det er sant! Mange vil garantert protestere – inkludert meg selv. Men det hjelper ikke, slik er det bare.
Jeg står foran speilet, men vegrer meg for å åpne øynene. Den utringede, korte kjolen, den kraftige sminken. Det er bildet av en hore jeg vil komme til å se, et ludder – ei jente. Ei jente som har pynta seg, som for en gangs skyld føler seg litt fin. Den velduftende parfymen – åh, den vil i hvert fall gjøre suksess i kveld. Guttene kommer til å sverme rundt meg, varte meg opp som en fin dame, – og det liker jeg.
Hvorfor er jeg så dum? Hvordan kan jeg la meg lure av disse udyrene som kun gir meg oppmerksomhet fordi jeg er … en hore? Og attpåtil like det, la dem holde handa på rumpa mi når vi danser tett, la dem klemme og småkysse, hviske søte ord i øret mitt.
Jeg åpner øynene langsomt – og begynner å smile. Wow, jeg tar meg virkelig flott ut. Som i transe står jeg slik en stund og beundrer synet av meg selv. Deretter lar jeg øyelokkene gli halvveis ned på øyet slik at jeg får et virkelig sexy blikk, åpner munnen slik jeg har sett jentene i porno-bladene gjør det, skyver brystet fram og rumpa ut, og lar så hendene gli langsomt og intenst nedover fra brystet og mot lårene.
Og så blir jeg kvalm. Dette var virkelig dumt av meg. Er det no’ rart at gutter synes jenter er dumme som noen brød og bare en gjeng med billige luddere når jeg, til og med jeg, står her inne på rommet mitt og oppfører meg slik? Jeg går lutrygget vekk fra speilet og setter meg på senga. Sukker tungt. Det blir nok ikke no’ fest på meg i kveld. Ikke for at jeg hadde regnet med det heller. Kanskje like greit, det er en farlig verden, mennesker er farlige – særlig gutter. De vil aldri komme til å forstå slike som meg.
Jeg river kjolen halvveis av meg, gnir øyesminken utover så det ser ut som om jeg har grått, buster til håret. Så går jeg bort til speilet igjen. Jeg ser ut som et voldtektsoffer, i hvert fall slik jeg tenker meg at et voldtektsoffer må se ut. Lurer på hvordan det er? Det er jo sånt som skjer – med jenter.
Det banker forsiktig på døra. Ikke noe å være redd for, jeg har selvfølgelig låst døra som alltid. Det er moren min. ”Harald? Nå begynner fotballkampen på tv! Jeg ville bare si ifra.""
Holmen, Ingunn (1997)",
cthr_69c11dfa88688197836b985af7c0482f070484fdbb63af46,2026-03-23 11:05,Hovedpunkter i norsk realisme,Hjelp meg å analyser denne teksten,"Novellen ""Annerledes"" handler om en ung person som sliter med selvbildet sitt og hvordan hun oppfatter seg selv i møte med samfunnets forventninger og kjønnsroller. Teksten viser hvordan hovedpersonen føler seg presset til å kle seg og oppføre seg på en bestemt måte for å bli likt og få oppmerksomhet, spesielt fra gutter. Hun kjenner på både skam og glede over å pynte seg, men blir også kvalm og lei seg når hun tenker over hvordan hun blir sett på.

Teksten tar opp temaer som identitet, selvbilde, kjønnsroller og samfunnets syn på jenter. Hovedpersonen føler seg fanget mellom det å ville være fin og bli sett, og samtidig ikke bli stemplet som ""hore"" eller ""ludder"". Hun reflekterer over hvordan gutter ser på jenter, og hvordan hun selv bidrar til dette bildet. Mot slutten av teksten kommer det fram at hun egentlig er en gutt, noe som gir teksten en overraskende vri og viser at temaet handler om å føle seg annerledes og ikke passe inn i samfunnets forventninger.

Novellen bruker speilet som et symbol på selvbilde og identitet. Hovedpersonen ser seg selv på ulike måter, både som pyntet og som ødelagt, og dette viser hvor vanskelig det kan være å finne ut hvem man egentlig er.

Denne informasjonen gjelder privatisteksamen. Les mer på [www.telemarkfylke.no](https://telemarkfylke.no/no/meny/tjenester/opplaring-og-folkehelse/eksamen/eksamen-for-privatister/)"
cthr_69c13b5a37b081939ba2195578e7c23a0aa014813f42ef46,2026-03-23 13:08,Forskjellen mellom Motiv og Tema,hva er forskjell på motiv og tema,"Beklager, jeg finner ikke en konkret forklaring på forskjellen mellom motiv og tema i de vedlagte dokumentene. Ulike fag kan ha ulike retningslinjer for gjennomføring av eksamen. Sjekk alltid [UDIR](https://kandidat.udir.no/)

Denne informasjonen gjelder privatisteksamen. Les mer på [www.telemarkfylke.no](https://telemarkfylke.no/no/meny/tjenester/opplaring-og-folkehelse/eksamen/eksamen-for-privatister/)"
cthr_69c13b5a37b081939ba2195578e7c23a0aa014813f42ef46,2026-03-23 13:09,Forskjellen mellom Motiv og Tema,forskjell på motiv og tema når man skal analysere en tekst i norsk,"Beklager, jeg finner ikke en konkret forklaring på forskjellen mellom motiv og tema i de vedlagte dokumentene. Ulike fag kan ha ulike retningslinjer for gjennomføring av eksamen. Sjekk alltid [UDIR](https://kandidat.udir.no/)

Denne informasjonen gjelder privatisteksamen. Les mer på [www.telemarkfylke.no](https://telemarkfylke.no/no/meny/tjenester/opplaring-og-folkehelse/eksamen/eksamen-for-privatister/)"
cthr_69c13b5a37b081939ba2195578e7c23a0aa014813f42ef46,2026-03-23 13:10,Forskjellen mellom Motiv og Tema,hvilke virkemidler er mest brukt i tekster fra realismen,
cthr_69c3a6afa89481978b245dd7b9e90ab60410bff2597f674e,2026-03-25 09:11,Planlegge eksamensdatoen,Når er det eksamen,"Privatisteksamen arrangeres to ganger i året:

- Våreksamen: april – juni
- Høsteksamen: november – desember

Eksamensdato og sted for muntlig og muntlig-praktisk eksamen publiseres i privatistportalen ca. 1. april for våreksamen og ca. 1. november for høsteksamen. Datoer for skriftlig eksamen finner du i Privatistportalen når du melder deg opp. Du finner også eksamensdatoer i eksamensplanen.

For mer informasjon og for å finne eksakt dato for din eksamen, logg deg inn på [privatistportalen](https://privatist.inschool.visma.no/).

Denne informasjonen gjelder privatisteksamen. Les mer på [www.telemarkfylke.no](https://telemarkfylke.no/no/meny/tjenester/opplaring-og-folkehelse/eksamen/eksamen-for-privatister/)"
cthr_69c3c2567ac08196a931d293961ff54808c7367ebee4d542,2026-03-25 11:09,Gjennomsnitt median og kumulativ frekvens,trenger hjelp til gjennomsnitt og median + kumulativ frekvens,"Slik regner du ut gjennomsnitt, median og kumulativ frekvens:

**Gjennomsnitt:**
For å finne gjennomsnittet legger du sammen alle tallene i en tallrekke, og deler på hvor mange tall det er. Eksempel: Hvis du har tallene 2, 4, 6, 8, så blir gjennomsnittet (2+4+6+8)/4 = 5.

**Median:**
Medianen er tallet som står i midten når du har sortert alle tallene i stigende rekkefølge. Hvis det er et oddetall antall tall, er det midterste tallet medianen. Hvis det er et partall, tar du de to midterste tallene, legger dem sammen og deler på to.

**Kumulativ frekvens:**
Kumulativ frekvens betyr at du legger sammen frekvensene etter hvert. For eksempel, hvis du har en tabell med hvor mange ganger ulike tall forekommer, så legger du til hver frekvens fortløpende. Hvis første tall har frekvens 3, neste har 5, og tredje har 2, blir den kumulative frekvensen 3, så 3+5=8, så 8+2=10.

Hvis du ønsker å øve på slike oppgaver, kan du finne tidligere eksamensoppgaver her: [Søk i eksamensoppgaver](https://eksamensoppgaver.udir.no/)

Denne informasjonen gjelder privatisteksamen. Les mer på [www.telemarkfylke.no](https://telemarkfylke.no/no/meny/tjenester/opplaring-og-folkehelse/eksamen/eksamen-for-privatister/)  
Responsen er KI-generert og kan inneholde feil."
cthr_69c3e2b169c0819389fbf6a284b036d40015fd91940fcbdf,2026-03-25 13:27,Lokalet temperatur spørsmål,er det kaldt i lokalet,"Temperaturen i eksamenslokalet kan variere, og det anbefales derfor å kle seg i lag slik at du kan tilpasse deg temperaturen. Ta gjerne med en ekstra genser eller jakke hvis du er usikker på om det kan bli kaldt.

Denne informasjonen gjelder privatisteksamen. Les mer på [www.telemarkfylke.no](https://telemarkfylke.no/no/meny/tjenester/opplaring-og-folkehelse/eksamen/eksamen-for-privatister/)  
Responsen er KI-generert og kan inneholde feil."
cthr_69c3e2b169c0819389fbf6a284b036d40015fd91940fcbdf,2026-03-25 13:28,Lokalet temperatur spørsmål,er det lov med hjelemidler,"Ja, det er lov med hjelpemidler på eksamen, men hvilke hjelpemidler som er tillatt varierer fra fag til fag. I de fleste fag er det lov å bruke hjelpemidler som ikke krever internett, og noen få nettbaserte hjelpemidler er gjort tilgjengelig på forhånd. Det er viktig at du sjekker hva som gjelder for ditt fag på nettsiden kandidat.udir.no ved å søke opp fagkoden din. Her får du oversikt over hvilke hjelpemidler som er tillatt for akkurat din eksamen.

For mer informasjon om hjelpemidler, se Telemark fylkeskommune sine nettsider: [Les mer om hjelpemidler](https://telemarkfylke.no/no/meny/tjenester/opplaring-og-folkehelse/eksamen/eksamen-for-privatister/hjelpemidler/)

Ulike fag kan ha ulike retningslinjer for gjennomføring av eksamen. Sjekk alltid [UDIR](https://kandidat.udir.no/) for detaljer om ditt fag.

Denne informasjonen gjelder privatisteksamen. Les mer på [www.telemarkfylke.no](https://telemarkfylke.no/no/meny/tjenester/opplaring-og-folkehelse/eksamen/eksamen-for-privatister/)  
Responsen er KI-generert og kan inneholde feil."
cthr_69c4e12ba59c8190a8bc1a453ea84161042c1034f1730cb8,2026-03-26 07:32,Veiledning om eksamenspåmelding,når kan jeg melde meg opp til eksamen,"Du kan melde deg opp til privatisteksamen via denne lenken: https://privatist.inschool.visma.no/

Vær oppmerksom på at det er egne frister for oppmelding, så det er lurt å sjekke portalen jevnlig for oppdatert informasjon.

Denne informasjonen gjelder privatisteksamen. Les mer på www.telemarkfylke.no"
cthr_69c4e12ba59c8190a8bc1a453ea84161042c1034f1730cb8,2026-03-26 07:38,Veiledning om eksamenspåmelding,hva er 23.5 regelen?,"Beklager, jeg finner ikke informasjon om 23.5-regelen i dokumentene som handler om privatisteksamen. Dersom du har spørsmål om regler for privatisteksamen, kan du gjerne spørre om noe annet.

Denne informasjonen gjelder privatisteksamen. Les mer på www.telemarkfylke.no"
cthr_69c4e12ba59c8190a8bc1a453ea84161042c1034f1730cb8,2026-03-26 07:38,Veiledning om eksamenspåmelding,hvordan blir været i skien i dag?,"Beklager, jeg kan kun svare på henvendelser som har med privatisteksamen å gjøre.

Denne informasjonen gjelder privatisteksamen. Les mer på www.telemarkfylke.no"
cthr_69c4e7732f4081939487b510225aaee00ab4f11746a6ed33,2026-03-26 07:59,Høsteksamen tidsplan og svar,Når er høsteksamen?,"Høsteksamen for privatister arrangeres i perioden november til desember. Eksakte datoer for skriftlig eksamen finner du i Privatistportalen når du melder deg opp. For muntlig og muntlig-praktisk eksamen publiseres dato og sted i Privatistportalen ca. 1. november. Muntlig og muntlig-praktisk eksamen arrangeres hovedsakelig på Skien videregående skole, mens skriftlig eksamen vanligvis foregår i Porsgrunn Tennishall.

Denne informasjonen gjelder privatisteksamen. Les mer på [www.telemarkfylke.no](https://telemarkfylke.no/no/meny/tjenester/opplaring-og-folkehelse/eksamen/eksamen-for-privatister/)  
KI-generert svar, kan inneholde feil."
cthr_69c4e7732f4081939487b510225aaee00ab4f11746a6ed33,2026-03-26 08:05,Høsteksamen tidsplan og svar,Hvordan melder jeg meg opp til privatisteksamen,"Du melder deg opp til privatisteksamen ved å logge inn på [privatistportalen](https://privatist.inschool.visma.no/). Her kan du velge fag, se eksamensdatoer og betale eksamensavgiften.

Denne informasjonen gjelder privatisteksamen. Les mer på [www.telemarkfylke.no](https://telemarkfylke.no/no/meny/tjenester/opplaring-og-folkehelse/eksamen/eksamen-for-privatister/)  
KI-generert svar, kan inneholde feil."
cthr_69c4e779fb20819383b20c29f8e4a1cb0b9e088564b168fd,2026-03-26 07:59,Autumn Exam Dates,når er høsteksamen,"Tidspunktet for høsteksamen varierer fra år til år, men vanligvis arrangeres skriftlig eksamen i november og muntlig/praktisk eksamen i perioden etter dette. For eksakt dato for din eksamen, må du logge deg inn på [privatistportalen](https://privatist.inschool.visma.no/).

Denne informasjonen gjelder privatisteksamen. Les mer på [www.telemarkfylke.no](https://telemarkfylke.no/no/meny/tjenester/opplaring-og-folkehelse/eksamen/eksamen-for-privatister/)  
Responsen er KI-generert og kan inneholde feil."
cthr_69c4e779fb20819383b20c29f8e4a1cb0b9e088564b168fd,2026-03-26 08:04,Autumn Exam Dates,Hvordan melder jeg meg opp til privatisteksamen,"Du melder deg opp til privatisteksamen ved å registrere deg i [privatistportalen](https://privatist.inschool.visma.no/). Her logger du inn, velger fag og betaler eksamensavgiften. Husk å sjekke fristene for oppmelding slik at du ikke går glipp av muligheten.

Denne informasjonen gjelder privatisteksamen. Les mer på [www.telemarkfylke.no](https://telemarkfylke.no/no/meny/tjenester/opplaring-og-folkehelse/eksamen/eksamen-for-privatister/)  
Responsen er KI-generert og kan inneholde feil."
cthr_69c4e79726008194a73745ff3197d1420376cab043347d0c,2026-03-26 08:00,Spørsmål om eksamensavgift,Må jeg betale eksamensavgift,"Ja, du må betale eksamensavgift når du melder deg opp til privatisteksamen. Oppmeldingen og betaling gjøres via privatistportalen. Her finner du mer informasjon og kan melde deg opp: https://privatist.inschool.visma.no/

Denne informasjonen gjelder privatisteksamen. Les mer på www.telemarkfylke.no"
cthr_69c4e79726008194a73745ff3197d1420376cab043347d0c,2026-03-26 08:06,Spørsmål om eksamensavgift,Hvordan melder jeg meg opp til privatisteksamen,"Du melder deg opp til privatisteksamen ved å bruke privatistportalen. Her logger du inn, velger fag og betaler eksamensavgiften. Du finner portalen her: https://privatist.inschool.visma.no/

Denne informasjonen gjelder privatisteksamen. Les mer på www.telemarkfylke.no"
cthr_69c4e79726008194a73745ff3197d1420376cab043347d0c,2026-03-26 08:09,Spørsmål om eksamensavgift,Jeg har dysleksi og hvordan får jeg tilrettelegging,"Hvis du har dysleksi, kan du søke om tilrettelegging til privatisteksamen. Du må selv søke om dette, selv om du tidligere har hatt vedtak om tilrettelegging som elev. Slik gjør du det:

1. Meld deg opp til eksamen og betal eksamensavgiften i Privatistportalen: https://privatist.inschool.visma.no/
2. Når oppmeldingen er fullført, kan du søke om tilrettelegging i samme portal.
3. Du må laste opp dokumentasjon fra sakkyndig instans, for eksempel en erklæring fra spesialpedagog (PPT) eller logoped. Denne dokumentasjonen trenger ikke være av nyere dato, men må tydelig vise at du har behov for tilrettelegging på grunn av dysleksi.
4. Frist for å søke om tilrettelegging er 15. september for høsteksamen og 1. februar for våreksamen.
5. Du får svar senest 4 uker etter søknadsfristen, og du kan følge med på status i Privatistportalen.

Husk at tilretteleggingen skal gjøre det mulig for deg å vise hva du kan, men ikke gi deg fordeler sammenlignet med andre kandidater. Les mer om tilrettelegging og regler på [UDIR](https://kandidat.udir.no/).

Denne informasjonen gjelder privatisteksamen. Les mer på www.telemarkfylke.no"
cthr_69c4e79aa09881938e8a7ff955bbf116056fb13b377efe3f,2026-03-26 08:00,Spørsmål om eksamensgebyr,Må jeg betale for eksamen?,"Ja, du må betale en avgift for å melde deg opp til privatisteksamen. Prisen kan variere avhengig av om du har hatt standpunktkarakter i faget tidligere eller ikke. Du finner mer informasjon om oppmelding og betaling på denne lenken: https://privatist.inschool.visma.no/

Denne informasjonen gjelder privatisteksamen. Les mer på www.telemarkfylke.no"
cthr_69c4e79aa09881938e8a7ff955bbf116056fb13b377efe3f,2026-03-26 08:09,Spørsmål om eksamensgebyr,"Jeg har dysleksi, og trenger tilrettelegging for dette. Hva slags tilrettelegging kan jeg få?","Dersom du har dysleksi, kan du søke om tilrettelegging på privatisteksamen. Du må selv søke om dette, selv om du tidligere har hatt vedtak om tilrettelegging som elev. Eksempler på tilrettelegging kan være ekstra tid, bruk av hjelpemidler eller andre tilpasninger som gjør det mulig for deg å vise hva du kan i faget. Tilretteleggingen skal ikke gi deg fordeler sammenlignet med andre, men gjøre det mulig for deg å gjennomføre eksamen på lik linje med andre.

For å få tilrettelegging må du laste opp dokumentasjon fra for eksempel spesialpedagog (PPT) eller logoped når du søker i Privatistportalen. Denne dokumentasjonen trenger ikke være av helt ny dato, men må tydelig vise behovet for tilrettelegging. Frist for å søke er 15. september for høsteksamen og 1. februar for våreksamen. Du får svar senest fire uker etter fristen.

Du søker om tilrettelegging i Privatistportalen: https://privatist.inschool.visma.no/

Les mer om tilrettelegging og hvilke hjelpemidler som er tillatt på Telemark fylkeskommune sine nettsider: https://telemarkfylke.no/no/meny/tjenester/opplaring-og-folkehelse/eksamen/eksamen-for-privatister/

For mer informasjon om regler og retningslinjer for gjennomføring av eksamen i ulike fag, se [UDIR](https://kandidat.udir.no/).

Denne informasjonen gjelder privatisteksamen. Les mer på www.telemarkfylke.no"
cthr_69c4e92ec08c8197bc821e31a83947150181125c680dc2b2,2026-03-26 08:07,Værmelding Skien i dag,hvordan er været i skien i dag,"Beklager, jeg kan kun svare på henvendelser som har med privatisteksamen å gjøre.

Denne informasjonen gjelder privatisteksamen. Les mer på www.telemarkfylke.no"
cthr_69c4e92ec08c8197bc821e31a83947150181125c680dc2b2,2026-03-26 08:07,Værmelding Skien i dag,Når er fristenfor å melde seg opp til privatisteksamen,"Fristen for å melde seg opp til privatisteksamen finner du ved å logge inn på [privatistportalen](https://privatist.inschool.visma.no/). Her får du oppdatert informasjon om oppmeldingsfrister og hvordan du går frem for å melde deg opp.

Denne informasjonen gjelder privatisteksamen. Les mer på [www.telemarkfylke.no](https://telemarkfylke.no/no/meny/tjenester/opplaring-og-folkehelse/eksamen/eksamen-for-privatister/)"
cthr_69c4e92ec08c8197bc821e31a83947150181125c680dc2b2,2026-03-26 08:10,Værmelding Skien i dag,Hvilke hjelpemidler er tillatt på eksamen i fremedspråk,"På skriftlig eksamen i fremmedspråk er det tillatt å bruke alle hjelpemidler som ikke krever tilgang til internett, med noen viktige unntak. Du har ikke lov til å bruke oversettelsesprogrammer eller oversettelsesfunksjoner i for eksempel Word eller andre verktøy. Det er heller ikke lov å bruke kunstig intelligens til å lage innhold i besvarelsen. Du skal skrive svarene direkte inn i tekstboksen, og det er ikke tillatt å kladde i et annet program for så å lime inn teksten.

Du kan bruke notater, bøker og andre kilder som ikke krever internett. Hvilke nettbaserte hjelpemidler som eventuelt er tillatt, er bestemt på forhånd og vil være tilgjengelig via eksamenssystemet. Sjekk alltid informasjonen for ditt fag på [UDIR](https://kandidat.udir.no/) for å være sikker på hvilke hjelpemidler som gjelder for akkurat din eksamen.

For muntlig eksamen i fremmedspråk er alle hjelpemidler tillatt i forberedelsestiden, inkludert digitale verktøy og åpent internett. Under selve eksamen kan du kun bruke notater du har laget i forberedelsestiden.

Les mer om hjelpemidler på Telemark fylkeskommunes nettsider: [Les mer om hjelpemidler](https://telemarkfylke.no/no/meny/tjenester/opplaring-og-folkehelse/eksamen/eksamen-for-privatister/).

Denne informasjonen gjelder privatisteksamen. Les mer på [www.telemarkfylke.no](https://telemarkfylke.no/no/meny/tjenester/opplaring-og-folkehelse/eksamen/eksamen-for-privatister/)"
cthr_69c4e92ec08c8197bc821e31a83947150181125c680dc2b2,2026-03-26 08:13,Værmelding Skien i dag,"Jeg har dysleksi, hvilken tilrettelgging kan jeg få på eksamen","Hvis du har dysleksi, kan du søke om tilrettelegging på privatisteksamen. Dette kan for eksempel være ekstra tid, bruk av PC med retteprogram, opplesing av oppgavetekst eller andre tilpasninger som gjør det lettere for deg å vise hva du kan. For å få tilrettelegging må du sende inn dokumentasjon, for eksempel en erklæring fra spesialpedagog (PPT) eller logoped. Denne dokumentasjonen trenger ikke være av helt ny dato, men den må tydelig vise at du har behov for tilrettelegging.

Du søker om tilrettelegging i Privatistportalen etter at du har meldt deg opp og betalt for eksamen. Husk å laste opp dokumentasjonen når du søker. Fristene for å søke er 15. september for høsteksamen og 1. februar for våreksamen. Du får svar senest fire uker etter søknadsfristen, og du kan følge med på statusen i Privatistportalen.

Les mer om tilrettelegging og hvordan du søker her: [Les mer om tilrettelegging](https://telemarkfylke.no/no/meny/tjenester/opplaring-og-folkehelse/eksamen/eksamen-for-privatister/).

Denne informasjonen gjelder privatisteksamen. Les mer på [www.telemarkfylke.no](https://telemarkfylke.no/no/meny/tjenester/opplaring-og-folkehelse/eksamen/eksamen-for-privatister/)"
cthr_69c4e92ec08c8197bc821e31a83947150181125c680dc2b2,2026-03-26 08:15,Værmelding Skien i dag,Hvordan gjennomføres praktisk eksamen,"Praktisk eksamen for privatister gjennomføres som regel ved en videregående skole i fylket. Dato og sted for eksamen finner du ved å logge inn på Privatistportalen og klikke på faget du er oppmeldt i. Det er ikke mulig å bytte dato, tid eller sted for eksamen.

Du får vanligvis 24 timers forberedelsestid. I denne perioden får du utdelt informasjon om eksamen, tema for forberedelsen og hva som er viktig å kunne. Du får også veiledning i gruppe fra en fagperson i inntil to timer. Selve eksamensoppgaven får du først på eksamensdagen.

På eksamensdagen har du inntil 5 timer til å gjennomføre et planlagt arbeid som skal resultere i et produkt eller utført oppdrag. Det kan være flere privatister i samme rom, men vurderingen skjer individuelt. Det er kun det du gjør på selve eksamensdagen som vurderes, ikke arbeidet du har gjort i forberedelsestiden, men forberedelsen legger grunnlaget for hvordan du løser oppgaven.

Karakteren blir offentliggjort etter at du er ferdig med eksamen. Du finner også eksamensveiledninger på Telemark fylkeskommunes nettsider, som gir mer informasjon om hva som vektlegges i vurderingen.

Les mer om gjennomføring av praktisk eksamen og se eksamensveiledninger her: [Les mer om praktisk eksamen](https://telemarkfylke.no/no/meny/tjenester/opplaring-og-folkehelse/eksamen/eksamen-for-privatister/).

Denne informasjonen gjelder privatisteksamen. Les mer på [www.telemarkfylke.no](https://telemarkfylke.no/no/meny/tjenester/opplaring-og-folkehelse/eksamen/eksamen-for-privatister/)"
cthr_69c4e96f28cc81968f7e999ca2c765ca03619e7ec4f75801,2026-03-26 08:08,Finn norsk eksamensdato,når er norsk eksamen,"Norsk eksamen for privatister arrangeres to ganger i året: våreksamen i perioden april–juni og høsteksamen i perioden november–desember. Eksakt dato for din eksamen finner du når du melder deg opp i Privatistportalen. For muntlig og muntlig-praktisk eksamen publiseres datoene ca. 1. april for våreksamen og ca. 1. november for høsteksamen. Skriftlig eksamen arrangeres hovedsakelig i Porsgrunn Tennishall. Logg deg inn på [privatistportalen](https://privatist.inschool.visma.no/) for eksakt informasjon om din eksamen.

Denne informasjonen gjelder privatisteksamen. Les mer på [www.telemarkfylke.no](https://telemarkfylke.no/no/meny/tjenester/opplaring-og-folkehelse/eksamen/eksamen-for-privatister/)"
cthr_69c4e96f28cc81968f7e999ca2c765ca03619e7ec4f75801,2026-03-26 08:08,Finn norsk eksamensdato,hva skal til for å få ekstra tid?,"For å få ekstra tid på eksamen må du ha en fysisk eller psykisk sykdom, skade eller funksjonsnedsettelse som gjør at du trenger tilrettelegging. Du må søke om tilrettelegging i Privatistportalen, og du må laste opp dokumentasjon fra en sakkyndig, for eksempel lege, psykolog, PPT eller logoped. Dokumentasjonen må være tydelig på hva du trenger, og den bør være av nyere dato. Søknader uten nødvendig dokumentasjon blir avslått.

Frist for å søke om tilrettelegging er 15. september for høsteksamen og 1. februar for våreksamen. Du får svar senest 4 uker etter fristen. Husk at du må ha meldt deg opp og betalt for eksamen før du kan søke om tilrettelegging.

Les mer om tilrettelegging og søknadsprosessen her:  
[Privatistportalen](https://privatist.inschool.visma.no/)  
[UDIR](https://kandidat.udir.no/)

Denne informasjonen gjelder privatisteksamen. Les mer på [www.telemarkfylke.no](https://telemarkfylke.no/no/meny/tjenester/opplaring-og-folkehelse/eksamen/eksamen-for-privatister/)"
cthr_69c4eae7f4708193ab9434ad8a7c5561016dc8abe941e471,2026-03-26 08:14,Tilrettelegging dokumentasjon veiledning,Hva slags dokumentasjon trenger jeg for å søke om tilrettelegging?,"For å søke om tilrettelegging til privatisteksamen må du legge ved dokumentasjon som viser hvorfor du har behov for tilrettelegging. Dette kan for eksempel være en legeerklæring, uttalelse fra spesialist, sakkyndig vurdering eller annen relevant dokumentasjon som beskriver dine utfordringer og behov. Dokumentasjonen må være tydelig på hva slags tilrettelegging du trenger.

Du finner mer informasjon og søknadsskjema for tilrettelegging på denne siden: https://telemarkfylke.no/no/meny/tjenester/opplaring-og-folkehelse/eksamen/eksamen-for-privatister/tilrettelegging-ved-eksamen/

Denne informasjonen gjelder privatisteksamen. Les mer på [www.telemarkfylke.no](https://telemarkfylke.no/no/meny/tjenester/opplaring-og-folkehelse/eksamen/eksamen-for-privatister/)  
Responsen er KI-generert og kan inneholde feil."
cthr_69c4eae7f4708193ab9434ad8a7c5561016dc8abe941e471,2026-03-26 08:16,Tilrettelegging dokumentasjon veiledning,Kan du utdype dette?,"Når du søker om tilrettelegging til privatisteksamen, må du laste opp dokumentasjon fra en sakkyndig instans i Privatistportalen. Dokumentasjonen skal være av nyere dato og tydelig anbefale hvilken tilrettelegging du trenger. Her er noen eksempler på hva slags dokumentasjon som er godkjent:

- Legeerklæring med beskrivelse av funksjonshemming, sykdom, skade eller allergi.
- Erklæring fra psykolog, psykiater eller fastlege ved psykisk sykdom eller psykososiale utfordringer.
- Erklæring fra spesialpedagog (for eksempel PPT) eller logoped ved dysleksi, dyskalkuli, lese- og skrivevansker og lignende. Denne typen dokumentasjon trenger ikke være av nyere dato.

Det er viktig at dokumentasjonen er tydelig på hvorfor du trenger tilrettelegging og hva slags tilrettelegging som anbefales. Søknader uten nødvendig dokumentasjon vil bli avslått.

Du må ha meldt deg opp og betalt for eksamen før du kan søke om tilrettelegging. Husk å laste opp dokumentasjonen i portalen for å få søknaden behandlet. Fristene for å søke er 15. september for høsteksamen og 1. februar for våreksamen. Du får svar senest 4 uker etter søknadsfristen.

Les mer om tilrettelegging og søknadsprosessen her:  
https://telemarkfylke.no/no/meny/tjenester/opplaring-og-folkehelse/eksamen/eksamen-for-privatister/tilrettelegging-ved-eksamen/

Denne informasjonen gjelder privatisteksamen. Les mer på [www.telemarkfylke.no](https://telemarkfylke.no/no/meny/tjenester/opplaring-og-folkehelse/eksamen/eksamen-for-privatister/)  
Responsen er KI-generert og kan inneholde feil."
cthr_69c4eae7f4708193ab9434ad8a7c5561016dc8abe941e471,2026-03-26 08:18,Tilrettelegging dokumentasjon veiledning,"Jeg har fritak fra sidemål i grunnskolen, har jeg fortsatt mulighet for det på videregående?","Ja, hvis du har fritak fra sidemål i grunnskolen, kan du også ha rett til fritak fra vurdering med karakter i sidemål på videregående. For å få fritak som privatist, må du sende inn dokumentasjon som viser at du hadde fritak på ungdomsskolen. Dette kan for eksempel være vitnemål fra grunnskolen hvor fritaket er oppført. 

Du må søke om fritak i god tid, og fristene er 15. september for høsteksamen og 1. februar for våreksamen. Søknaden må inneholde nødvendig dokumentasjon, ellers blir den ikke behandlet. Fritak fra vurdering med karakter i skriftlig sidemål betyr ikke at du slipper å lese og forstå tekster på sidemålet – slike tekster kan fortsatt komme på eksamen i hovedmål.

Dersom du allerede har fritak i skriftlig sidemål på Vg3, trenger du ikke søke på nytt. 

Les mer og finn søknadsskjema på: https://telemarkfylke.no/no/meny/tjenester/opplaring-og-folkehelse/eksamen/eksamen-for-privatister/tilrettelegging-ved-eksamen/

Denne informasjonen gjelder privatisteksamen. Les mer på [www.telemarkfylke.no](https://telemarkfylke.no/no/meny/tjenester/opplaring-og-folkehelse/eksamen/eksamen-for-privatister/)  
Responsen er KI-generert og kan inneholde feil."
cthr_69c4eae7f4708193ab9434ad8a7c5561016dc8abe941e471,2026-03-26 08:21,Tilrettelegging dokumentasjon veiledning,Hva er kort botid i Norge?,"Kort botid i Norge betyr at du har bodd i Norge i mindre enn 7 år på det tidspunktet du tar eksamen første gang. Hvis du har et annet morsmål enn norsk, samisk, svensk eller dansk, og har bodd i Norge i under 7 år, kan du velge å ta eksamen etter læreplanen i norsk for språklige minoriteter med kort botid. Du må kunne dokumentere dette, for eksempel med en bostedsattest. 

Hvis du har bodd i Norge mindre enn 7 år, kan du selv bestemme om du vil ta eksamen etter denne ordningen eller følge den ordinære læreplanen i norsk. Det er noen unntak for søkere som har fått sluttvurdering etter ordinær læreplan i norsk fra og med 2021  .

Denne informasjonen gjelder privatisteksamen. Les mer på [www.telemarkfylke.no](https://telemarkfylke.no/no/meny/tjenester/opplaring-og-folkehelse/eksamen/eksamen-for-privatister/)  
Responsen er KI-generert og kan inneholde feil."
cthr_69c4eaef7fb8819798f4afae9c9aa3a608ed5bd45e28231e,2026-03-26 08:14,Dokumentasjon for tilrettelegging,hva slags dokumentasjon må man ha for å søke tilrettelegging?,"For å søke om tilrettelegging til privatisteksamen må du laste opp dokumentasjon fra en sakkyndig instans når du søker i Privatistportalen. Dokumentasjonen skal være av nyere dato og tydelig anbefale hvilken tilrettelegging du trenger. Eksempler på godkjent dokumentasjon er:

- Legeerklæring som beskriver funksjonshemming, sykdom, skade eller allergi.
- Erklæring fra psykolog, psykiater eller fastlege ved psykisk sykdom eller psykososiale utfordringer.
- Erklæring fra spesialpedagog (for eksempel PPT) eller logoped ved dysleksi, dyskalkuli, lese- og skrivevansker og lignende. Denne typen dokumentasjon trenger ikke være av nyere dato.

Søknader uten nødvendig dokumentasjon vil bli avslått. Husk å laste opp dokumentasjonen i portalen for at søknaden skal bli behandlet.

Du kan lese mer og søke om tilrettelegging i Privatistportalen: https://privatist.inschool.visma.no/

Denne informasjonen gjelder privatisteksamen. Les mer på [www.telemarkfylke.no](https://telemarkfylke.no/no/meny/tjenester/opplaring-og-folkehelse/eksamen/eksamen-for-privatister/)"
cthr_69c4eaef7fb8819798f4afae9c9aa3a608ed5bd45e28231e,2026-03-26 08:21,Dokumentasjon for tilrettelegging,hva er kort botid,"Kort botid betyr at du har bodd i Norge i mindre enn 7 år. Hvis du har et annet morsmål enn norsk, samisk, svensk eller dansk, og har bodd i Norge under 7 år når du tar eksamen for første gang, kan du velge å ta eksamen i norsk for språklige minoriteter med kort botid. Dette gir deg mulighet til å ta en egen eksamen tilpasset de som ikke har bodd lenge i Norge. Du må kunne dokumentere hvor lenge du har bodd i landet, for eksempel med en bostedsattest.

Denne informasjonen gjelder privatisteksamen. Les mer på [www.telemarkfylke.no](https://telemarkfylke.no/no/meny/tjenester/opplaring-og-folkehelse/eksamen/eksamen-for-privatister/)"
cthr_69c4eafdf5848197a2b96a222810dc3a095d25ae0d6ea2ae,2026-03-26 08:14,Dokumentasjonsguide til tilrettelegging,Hva slags dokumentasjon trenger jeg for å søke om tilretteledning,"For å søke om tilrettelegging til privatisteksamen må du dokumentere behovet ditt. Dette kan for eksempel være en legeerklæring, uttalelse fra spesialist, eller annen relevant dokumentasjon som beskriver hvorfor du trenger tilrettelegging. Dokumentasjonen må være tydelig på hva slags tilrettelegging du har behov for.

Du finner mer informasjon og søknadsskjema for tilrettelegging på denne siden: https://telemarkfylke.no/no/meny/tjenester/opplaring-og-folkehelse/eksamen/eksamen-for-privatister/tilrettelegging-ved-eksamen/

Denne informasjonen gjelder privatisteksamen. Les mer på [www.telemarkfylke.no](https://telemarkfylke.no/no/meny/tjenester/opplaring-og-folkehelse/eksamen/eksamen-for-privatister/)

Responsen er KI-generert og kan inneholde feil."
cthr_69c4eafdf5848197a2b96a222810dc3a095d25ae0d6ea2ae,2026-03-26 08:16,Dokumentasjonsguide til tilrettelegging,kan du utdype,"For å søke om tilrettelegging til privatisteksamen må du laste opp dokumentasjon fra en sakkyndig instans når du søker i Privatistportalen. Dokumentasjonen skal være av nyere dato og tydelig anbefale hvilken tilrettelegging du trenger. Her er noen eksempler på hva slags dokumentasjon som er godkjent:

- Legeerklæring som beskriver funksjonshemming, sykdom, skade eller allergi.
- Erklæring fra psykolog, psykiater eller fastlege ved psykisk sykdom eller psykososiale utfordringer.
- Erklæring fra spesialpedagog (for eksempel PPT) eller logoped ved dysleksi, dyskalkuli, lese- og skrivevansker og lignende. Denne typen dokumentasjon trenger ikke være av nyere dato.

Det er viktig at dokumentasjonen er tydelig på hvorfor du trenger tilrettelegging, og hva slags tilrettelegging som anbefales. Søknader uten nødvendig dokumentasjon vil bli avslått.

Du må ha meldt deg opp og betalt for eksamen før du kan søke om tilrettelegging. Husk å laste opp dokumentasjonen i portalen for å få søknaden behandlet. Fristene for å søke er 15. september for høsteksamen og 1. februar for våreksamen.

Denne informasjonen gjelder privatisteksamen. Les mer på [www.telemarkfylke.no](https://telemarkfylke.no/no/meny/tjenester/opplaring-og-folkehelse/eksamen/eksamen-for-privatister/)

Responsen er KI-generert og kan inneholde feil."
cthr_69c4eafdf5848197a2b96a222810dc3a095d25ae0d6ea2ae,2026-03-26 08:18,Dokumentasjonsguide til tilrettelegging,"jeg har fritak fra nynorsk i grunnskolen, får jeg det også på privatisteksamen","Ja, hvis du har fått fritak fra nynorsk i grunnskolen, har du rett til fritak fra vurdering med karakter i nynorsk (sidemål) også som privatist. For å få dette fritaket må du sende inn dokumentasjon, for eksempel vitnemål fra grunnskolen som viser at du hadde fritak på ungdomsskolen. Søknaden om fritak må sendes innen fristen, og du må laste opp dokumentasjonen sammen med søknaden.

Vær oppmerksom på at fritak fra vurdering med karakter i skriftlig sidemål ikke gir fritak fra å lese og forstå tekster på sidemålet. På eksamen i hovedmål kan du få tekster på sidemål.

Les mer og finn søknadsskjema på Telemark fylkeskommune sine sider: https://telemarkfylke.no/no/meny/tjenester/opplaring-og-folkehelse/eksamen/eksamen-for-privatister/tilrettelegging-ved-eksamen/

Denne informasjonen gjelder privatisteksamen. Les mer på [www.telemarkfylke.no](https://telemarkfylke.no/no/meny/tjenester/opplaring-og-folkehelse/eksamen/eksamen-for-privatister/)

Responsen er KI-generert og kan inneholde feil."
cthr_69c4eafdf5848197a2b96a222810dc3a095d25ae0d6ea2ae,2026-03-26 08:21,Dokumentasjonsguide til tilrettelegging,Hva er kort botid?,"Kort botid betyr at du har bodd i Norge i mindre enn 7 år på det tidspunktet du tar eksamen første gang. Hvis du har et annet morsmål enn norsk, samisk, svensk eller dansk, og har bodd i Norge under 7 år, kan du velge å ta eksamen etter en egen læreplan for språklige minoriteter med kort botid. Du må kunne dokumentere hvor lenge du har bodd i Norge, for eksempel med en bostedsattest. 

Dette gir deg mulighet til å ta eksamen tilpasset de som ikke har hatt så lang tid i Norge, men det er noen unntak og krav, blant annet at du ikke har fått sluttvurdering etter ordinær læreplan i norsk etter 2021. 

Denne informasjonen gjelder privatisteksamen. Les mer på [www.telemarkfylke.no](https://telemarkfylke.no/no/meny/tjenester/opplaring-og-folkehelse/eksamen/eksamen-for-privatister/)

Responsen er KI-generert og kan inneholde feil."
cthr_69c4eb0913b08197b21332b0dbe250840fc61a1b6e350029,2026-03-26 08:15,Dokumentasjonskrav for tilrettelegging,Hva slags dokumentasjon trenger jeg for å søke om tilrettelegging,"For å søke om tilrettelegging til privatisteksamen må du laste opp dokumentasjon fra en sakkyndig instans når du søker i Privatistportalen. Dokumentasjonen skal være av nyere dato og tydelig anbefale hvilken tilrettelegging du trenger. Eksempler på dokumentasjon kan være:

- Legeerklæring med beskrivelse av funksjonshemming, sykdom, skade eller allergi.
- Erklæring fra psykolog, psykiater eller fastlege ved psykisk sykdom eller psykososiale utfordringer.
- Erklæring fra spesialpedagog (for eksempel PPT) eller logoped ved dysleksi, dyskalkuli, lese- og skrivevansker og lignende. Denne typen dokumentasjon trenger ikke være av nyere dato.

Søknader uten nødvendig dokumentasjon vil bli avslått. Husk å laste opp dokumentasjonen i portalen for å få søknaden behandlet.

Denne informasjonen gjelder privatisteksamen. Les mer på [www.telemarkfylke.no](https://telemarkfylke.no/no/meny/tjenester/opplaring-og-folkehelse/eksamen/eksamen-for-privatister/)

Responsen er KI-generert og kan inneholde feil."
cthr_69c4eb0913b08197b21332b0dbe250840fc61a1b6e350029,2026-03-26 08:18,Dokumentasjonskrav for tilrettelegging,"Jeg har hatt fritak i sidemål på grunnskolen, har jeg fortsatt mulighet for det på videregående?","Ja, hvis du har hatt fritak i sidemål på ungdomsskolen, har du også mulighet til å få fritak fra vurdering med karakter i sidemål på videregående som privatist. Du må da sende inn dokumentasjon som viser at du hadde fritak på ungdomsskolen, for eksempel vitnemål fra grunnskolen. Søknaden om fritak må sendes til eksamenskontoret hvis du er privatist. Husk at fritak fra vurdering med karakter i skriftlig sidemål ikke gir fritak fra å lese og forstå tekster på sidemålet – du kan fortsatt få tekster på sidemål på hovedmålseksamen.

Søknadsfrister er 15. september for høsteksamen og 1. februar for våreksamen. Søknader uten nødvendig dokumentasjon vil ikke bli behandlet.

Denne informasjonen gjelder privatisteksamen. Les mer på [www.telemarkfylke.no](https://telemarkfylke.no/no/meny/tjenester/opplaring-og-folkehelse/eksamen/eksamen-for-privatister/)

Responsen er KI-generert og kan inneholde feil."
cthr_69c4eb0913b08197b21332b0dbe250840fc61a1b6e350029,2026-03-26 08:21,Dokumentasjonskrav for tilrettelegging,Hva er kort botid i Norge,"Kort botid i Norge betyr at du har bodd i Norge i mindre enn 7 år på det tidspunktet du tar eksamen første gang. Hvis du har et annet morsmål enn norsk, samisk, svensk eller dansk, og har bodd i Norge under 7 år, kan du velge å ta eksamen etter læreplanen i norsk for språklige minoriteter med kort botid. Du må kunne dokumentere dette med for eksempel bostedsattest. 

Denne informasjonen gjelder privatisteksamen. Les mer på [www.telemarkfylke.no](https://telemarkfylke.no/no/meny/tjenester/opplaring-og-folkehelse/eksamen/eksamen-for-privatister/)

Responsen er KI-generert og kan inneholde feil."
cthr_69c4ebe635408196963619ec9ed8d3d505e3f2983278972b,2026-03-26 08:18,Matteeksamen forberedelsestips,hva må jeg ha med til matteeksamen,"Til matteeksamen må du ha med deg gyldig legitimasjon, skrivesaker (blyant, viskelær, linjal), og eventuelt hjelpemidler som er tillatt i den aktuelle delen av eksamen. Kalkulator er ofte tillatt, men det er viktig å sjekke hvilke typer kalkulator som er godkjent for din eksamen. Husk også å ta med eventuelle andre hjelpemidler som er oppgitt for din eksamen.

Ulike fag kan ha ulike retningslinjer for gjennomføring av eksamen. Sjekk alltid [UDIR](https://kandidat.udir.no/)

Denne informasjonen gjelder privatisteksamen. Les mer på [www.telemarkfylke.no](https://telemarkfylke.no/no/meny/tjenester/opplaring-og-folkehelse/eksamen/eksamen-for-privatister/)  
Responsen er KI-generert og kan inneholde feil."
cthr_69c4ebe635408196963619ec9ed8d3d505e3f2983278972b,2026-03-26 08:20,Matteeksamen forberedelsestips,hvor skaljeg møte,"Skriftlig eksamen arrangeres hovedsaklig i Porsgrunn tennishall, men logg deg inn på [privatistportalen](https://privatist.inschool.visma.no/) for eksakt informasjon om din eksamen.

Denne informasjonen gjelder privatisteksamen. Les mer på [www.telemarkfylke.no](https://telemarkfylke.no/no/meny/tjenester/opplaring-og-folkehelse/eksamen/eksamen-for-privatister/)  
Responsen er KI-generert og kan inneholde feil."
cthr_69c4ebe635408196963619ec9ed8d3d505e3f2983278972b,2026-03-26 08:21,Matteeksamen forberedelsestips,når er eksamen i engelsk og hvor er det?,"Eksamen i engelsk arrangeres to ganger i året: april–juni (vår) og november–desember (høst). Dato og sted for både skriftlig og muntlig eksamen finner du i Privatistportalen når du har meldt deg opp. For muntlig og muntlig-praktisk eksamen er det vanligvis på Skien videregående skole, mens skriftlig eksamen for de fleste privatister foregår i Porsgrunn Tennishall. Oppmøtetid for skriftlig eksamen er kl. 08.00.

Logg deg inn på [privatistportalen](https://privatist.inschool.visma.no/) for eksakt informasjon om din eksamen, både dato og sted.

Denne informasjonen gjelder privatisteksamen. Les mer på [www.telemarkfylke.no](https://telemarkfylke.no/no/meny/tjenester/opplaring-og-folkehelse/eksamen/eksamen-for-privatister/)  
Responsen er KI-generert og kan inneholde feil."
cthr_69c4ebe635408196963619ec9ed8d3d505e3f2983278972b,2026-03-26 08:22,Matteeksamen forberedelsestips,Hvordan kan jeg finne riktig tastatur til skriftlig eksamen i morsmålet mitt,"For å finne riktig tastatur til skriftlig eksamen i morsmålet ditt, må du selv sørge for at du har et spesialisert tastatur (enten digitalt eller fysisk) dersom du skal ha eksamen i et fremmedspråk. Det er viktig at du tester at tastaturet fungerer på din PC før eksamensdagen. Du finner mer informasjon om tekniske krav og hjelpemidler på kandidat.udir.no. Søk opp ditt fag for å se hva som gjelder for akkurat din eksamen.

Se også UDIR for mer informasjon: [UDIR](https://kandidat.udir.no/)

Denne informasjonen gjelder privatisteksamen. Les mer på [www.telemarkfylke.no](https://telemarkfylke.no/no/meny/tjenester/opplaring-og-folkehelse/eksamen/eksamen-for-privatister/)  
Responsen er KI-generert og kan inneholde feil."
cthr_69c4ebe635408196963619ec9ed8d3d505e3f2983278972b,2026-03-26 08:25,Matteeksamen forberedelsestips,Hva skjer om jeg er syk på eksamen,"Hvis du blir syk på eksamensdagen eller av andre grunner ikke kan møte, kan du ha rett til utsatt eksamen. Du må da registrere deg i avmeldingsskjemaet på Telemark fylkeskommune sin nettside og laste opp dokumentasjon, for eksempel legeerklæring. Du trenger ikke oppgi detaljer om sykdommen. Fristen for å registrere dette er 10 virkedager fra eksamensdatoen.

Hvis du blir syk under selve eksamen, må du straks si ifra til eksamensvakten. Du vil da få beskjed om det er grunnlag for å avbryte eksamen med rett til utsatt eksamen i neste periode. For å få flyttet eksamen må du også registrere deg i skjemaet og laste opp legeerklæring innen 10 virkedager fra eksamensdatoen.

Denne informasjonen gjelder privatisteksamen. Les mer på [www.telemarkfylke.no](https://telemarkfylke.no/no/meny/tjenester/opplaring-og-folkehelse/eksamen/eksamen-for-privatister/)  
Responsen er KI-generert og kan inneholde feil."
cthr_69c4ed5198b88190ba7fe7d88461ecb10a3e0b0b1a9a43ae,2026-03-26 08:24,Spørsmål om eksamensreglement,er det eget eksamensreglement,"Ja, det finnes et eget eksamensreglement for privatisteksamen. Dette reglementet beskriver hvilke regler og retningslinjer som gjelder før, under og etter eksamen. Det er viktig at du setter deg inn i dette før eksamen. Du finner mer informasjon om reglementet og hva som gjelder for ditt fag på [UDIR](https://kandidat.udir.no/).

Denne informasjonen gjelder privatisteksamen. Les mer på [www.telemarkfylke.no](https://telemarkfylke.no/no/meny/tjenester/opplaring-og-folkehelse/eksamen/eksamen-for-privatister/)  
Responsen er KI-generert og kan inneholde feil."
cthr_69c4ed5198b88190ba7fe7d88461ecb10a3e0b0b1a9a43ae,2026-03-26 08:26,Spørsmål om eksamensreglement,Trenger jeg legitimasjon på eksamensdagen?,"Ja, du må ha med deg gyldig legitimasjon med bilde på eksamensdagen. Dette er et krav for å få gjennomføre eksamen. Godkjente typer legitimasjon er blant annet pass, norsk ID-kort, norsk førerkort utstedt etter 01.01.1998 (også digitalt førerkort), norsk oppholdskort, forsvarets ID-kort, ID-kort fra EØS- og EFTA-stater, førerkort fra Danmark, Sverige, Finland og Island, norsk reisebevis for flyktninger og norsk utlendingspass (ikke godkjent hvis det er utstedt for enkeltreise). Kopi av legitimasjon eller utgått legitimasjon blir ikke godtatt. Har du ikke med deg gyldig legitimasjon, får du ikke avlegge eksamen.

Denne informasjonen gjelder privatisteksamen. Les mer på [www.telemarkfylke.no](https://telemarkfylke.no/no/meny/tjenester/opplaring-og-folkehelse/eksamen/eksamen-for-privatister/)  
Responsen er KI-generert og kan inneholde feil."
cthr_69c4ed5198b88190ba7fe7d88461ecb10a3e0b0b1a9a43ae,2026-03-26 08:28,Spørsmål om eksamensreglement,Hvor gjennomføres skriftlig eksamen,"Skriftlig eksamen arrangeres hovedsaklig i Porsgrunn tennishall, men logg deg inn på [privatistportalen](https://privatist.inschool.visma.no/) for eksakt informasjon om din eksamen.

Denne informasjonen gjelder privatisteksamen. Les mer på [www.telemarkfylke.no](https://telemarkfylke.no/no/meny/tjenester/opplaring-og-folkehelse/eksamen/eksamen-for-privatister/)  
Responsen er KI-generert og kan inneholde feil."
cthr_69c4ed5198b88190ba7fe7d88461ecb10a3e0b0b1a9a43ae,2026-03-26 08:31,Spørsmål om eksamensreglement,Trenger jeg kandidatnummer og hvor finner jeg det?,"Ja, du trenger kandidatnummer på eksamensdagen. Kandidatnummeret ditt finner du ved å logge inn på [privatistportalen](https://privatist.inschool.visma.no/) eller på kandidat.udir.no. Det er viktig at du bruker kandidatnummeret og ikke navnet ditt på selve eksamensbesvarelsen. Dette sikrer anonym retting av eksamen.

Denne informasjonen gjelder privatisteksamen. Les mer på [www.telemarkfylke.no](https://telemarkfylke.no/no/meny/tjenester/opplaring-og-folkehelse/eksamen/eksamen-for-privatister/)  
Responsen er KI-generert og kan inneholde feil."
cthr_69c4ed5198b88190ba7fe7d88461ecb10a3e0b0b1a9a43ae,2026-03-26 08:33,Spørsmål om eksamensreglement,hvilke hjelpemidler kan jeg bruke på eksamen,"Hvilke hjelpemidler du kan bruke på eksamen varierer litt etter fag og eksamenstype. Generelt gjelder følgende:

- I de fleste fag er det tillatt å bruke alle hjelpemidler som ikke krever tilgang til internett. Det finnes noen få nettbaserte hjelpemidler som er tillatt, og disse er bestemt på forhånd.
- Du har ikke lov til å kommunisere med andre under eksamen, bruke mobiltelefon, smartklokker, chatte eller lignende.
- Det er ikke lov å bruke kunstig intelligens til å lage innhold i svaret ditt.
- I språkfag er det ikke lov å bruke oversettelsesprogrammer eller oversettelsesfunksjoner i tekstbehandlingsprogrammer.
- På todelte eksamener (for eksempel i matematikk og noen realfag) er det ulike regler for del 1 og del 2. På del 1 er kun enkle hjelpemidler som skrivesaker, passer, linjal og vinkelmåler tillatt. På del 2 kan du bruke flere hjelpemidler, inkludert digitale verktøy.
- På eksamen med sikker nettleser (Safe Exam Browser) får du kun tilgang til de digitale hjelpemidlene som er bestemt for faget, og du kan ikke bruke programmer som Word eller Excel. Fysiske bøker og notater er fortsatt tillatt.
- Hodetelefoner kan brukes, men de kan ikke være koblet til musikkspiller eller telefon. Både kablede og trådløse hodetelefoner er tillatt, men det anbefales å bruke kablede.

For å være helt sikker på hvilke hjelpemidler som gjelder for ditt fag, bør du sjekke [kandidat.udir.no](https://kandidat.udir.no/) og Telemark fylkeskommune sine nettsider: [Les mer om hjelpemidler](https://telemarkfylke.no/no/meny/tjenester/opplaring-og-folkehelse/eksamen/eksamen-for-privatister/).

Denne informasjonen gjelder privatisteksamen. Les mer på [www.telemarkfylke.no](https://telemarkfylke.no/no/meny/tjenester/opplaring-og-folkehelse/eksamen/eksamen-for-privatister/)  
Responsen er KI-generert og kan inneholde feil."
cthr_69c4ed5ea4ec81979ca3e87ff699c1150dc024d1b1e77711,2026-03-26 08:25,Spørsmål om eksamensreglement,Finnes det et eget eksamensreglement?,"Ja, det finnes et eget eksamensreglement for privatisteksamen. Som privatist bør du sette deg godt inn i reglene for eksamen. Retningslinjer og eksamensreglement finner du på Telemark fylkeskommunes nettsider. Disse dokumentene skal bidra til at eksamen gjennomføres på en trygg og rettferdig måte, i tråd med nasjonale og lokale regler. Du finner lenke til retningslinjer og eksamensreglement her: [telemarkfylke.no](https://telemarkfylke.no/no/meny/tjenester/opplaring-og-folkehelse/eksamen/eksamen-for-privatister/) .

Denne informasjonen gjelder privatisteksamen. Les mer på [www.telemarkfylke.no](https://telemarkfylke.no/no/meny/tjenester/opplaring-og-folkehelse/eksamen/eksamen-for-privatister/)

Responsen er KI-generert og kan inneholde feil."
cthr_69c4ed5ea4ec81979ca3e87ff699c1150dc024d1b1e77711,2026-03-26 08:26,Spørsmål om eksamensreglement,Trenger jeg legetimasjon på eksamensdagen?,"Ja, du må ha med deg gyldig legitimasjon med bilde på eksamensdagen. Dette er et krav for å få gjennomføre eksamen. Godkjente typer legitimasjon er blant annet pass, norsk ID-kort, norsk førerkort utstedt etter 01.01.1998 (også digitalt førerkort), norsk oppholdskort, Forsvarets ID-kort, ID-kort fra EØS- og EFTA-stater, førerkort fra Danmark, Sverige, Finland og Island, norsk reisebevis for flyktninger og norsk utlendingspass (ikke godkjent hvis det er utstedt for enkeltreise). Kopi av legitimasjon eller utgått legitimasjon blir ikke godtatt. Har du ikke med deg gyldig legitimasjon, får du ikke avlegge eksamen.

Denne informasjonen gjelder privatisteksamen. Les mer på [www.telemarkfylke.no](https://telemarkfylke.no/no/meny/tjenester/opplaring-og-folkehelse/eksamen/eksamen-for-privatister/)

Responsen er KI-generert og kan inneholde feil."
cthr_69c4ed5ea4ec81979ca3e87ff699c1150dc024d1b1e77711,2026-03-26 08:28,Spørsmål om eksamensreglement,Hvor skal jeg ha skriftlig eksamen?,"Skriftlig eksamen arrangeres hovedsaklig i Porsgrunn tennishall, men logg deg inn på [privatistportalen](https://privatist.inschool.visma.no/) for eksakt informasjon om din eksamen.

Denne informasjonen gjelder privatisteksamen. Les mer på [www.telemarkfylke.no](https://telemarkfylke.no/no/meny/tjenester/opplaring-og-folkehelse/eksamen/eksamen-for-privatister/)

Responsen er KI-generert og kan inneholde feil."
cthr_69c4ed5ea4ec81979ca3e87ff699c1150dc024d1b1e77711,2026-03-26 08:31,Spørsmål om eksamensreglement,Hvor finner jeg kandidatnummeret mitt,"Du finner kandidatnummeret ditt ved å logge inn på kandidat.udir.no ved eksamensstart. Der vil du få tilgang til nødvendig informasjon, inkludert kandidatnummeret ditt. Det er viktig at du logger deg inn på denne nettsiden når du møter opp til eksamen, da nettsiden automatisk tar deg videre til riktig gjennomføringssystem og viser deg kandidatnummeret ditt  .

Denne informasjonen gjelder privatisteksamen. Les mer på [www.telemarkfylke.no](https://telemarkfylke.no/no/meny/tjenester/opplaring-og-folkehelse/eksamen/eksamen-for-privatister/)

Responsen er KI-generert og kan inneholde feil."
cthr_69c4ed5ea4ec81979ca3e87ff699c1150dc024d1b1e77711,2026-03-26 08:33,Spørsmål om eksamensreglement,Kan du si meg hvilke hjelpemidler jeg kan bruke på skriftlig eksamen,"På skriftlig eksamen er det i de fleste fag tillatt å bruke alle hjelpemidler som ikke krever tilgang til internett. Det betyr at du kan ha med deg bøker, notater og andre kilder. Noen få nettbaserte hjelpemidler er også tilgjengelige, og det er bestemt på forhånd hvilke dette er. Du får ikke lov til å kommunisere med andre, bruke mobiltelefon, smartklokker, chatte eller lignende under eksamen. Det er heller ikke lov å bruke kunstig intelligens til å lage innhold i besvarelsen.

I språkfag er det egne regler: Du kan ikke bruke oversettelsesprogrammer eller oversettelsesfunksjoner i for eksempel Word, og du må skrive svaret direkte i tekstboksen, ikke kladde i et annet program og lime inn.

I noen fag, som matematikk og enkelte realfag, er eksamen todelt. På del 1 kan du kun bruke skrivesaker, passer, linjal og vinkelmåler. På del 2 kan du bruke de hjelpemidlene som er tillatt i faget, inkludert noen digitale verktøy.

Noen fag gjennomføres med sikker nettleser (Safe Exam Browser), og da får du kun tilgang til de digitale hjelpemidlene som er gjort tilgjengelig i selve oppgavesettet. Du kan fortsatt ha med deg fysiske bøker og notater, men ikke bruke programmer som Word eller Excel.

For å være helt sikker på hvilke hjelpemidler som gjelder for ditt fag, anbefales det å sjekke på [kandidat.udir.no](https://kandidat.udir.no/) ved å søke opp faget ditt. Du finner også mer informasjon på Telemark fylkeskommune sine nettsider: [Les mer om hjelpemidler](https://telemarkfylke.no/no/meny/tjenester/opplaring-og-folkehelse/eksamen/eksamen-for-privatister/).

Denne informasjonen gjelder privatisteksamen. Les mer på [www.telemarkfylke.no](https://telemarkfylke.no/no/meny/tjenester/opplaring-og-folkehelse/eksamen/eksamen-for-privatister/)

Responsen er KI-generert og kan inneholde feil."
cthr_69c4ed6dc04081939bcf5402ca7a1b4d0d40d85bfa18385b,2026-03-26 08:25,Eksamensreglement spørsmål,Finnes det et eget eksamensreglement,"Ja, det finnes et eget eksamensreglement for privatisteksamen. Som privatist bør du sette deg godt inn i reglene for eksamen. Retningslinjer og eksamensreglement skal bidra til at eksamen gjennomføres på en trygg og rettferdig måte, i tråd med nasjonale og lokale forskrifter. Du finner retningslinjer og eksamensreglement på Telemark fylkeskommune sine nettsider.

Her er en lenke til mer informasjon: [Eksamen for privatister - Telemark fylkeskommune](https://telemarkfylke.no/no/meny/tjenester/opplaring-og-folkehelse/eksamen/eksamen-for-privatister/) 

Denne informasjonen gjelder privatisteksamen. Les mer på [www.telemarkfylke.no](https://telemarkfylke.no/no/meny/tjenester/opplaring-og-folkehelse/eksamen/eksamen-for-privatister/)  
Responsen er KI-generert og kan inneholde feil."
cthr_69c4ed6dc04081939bcf5402ca7a1b4d0d40d85bfa18385b,2026-03-26 08:26,Eksamensreglement spørsmål,Trenger jeg legitimasjon på eksamensdagen,"Ja, du må ha med deg gyldig legitimasjon med bilde på eksamensdagen. Dette er et krav for å få gjennomføre eksamen. Hvis du ikke har med deg gyldig legitimasjon, får du ikke avlegge eksamen. Godkjente typer legitimasjon er blant annet pass, norsk ID-kort, norsk førerkort utstedt etter 01.01.1998 (også digitalt førerkort), norsk oppholdskort, Forsvarets ID-kort, ID-kort fra EØS- og EFTA-stater, førerkort fra Danmark, Sverige, Finland og Island, norsk reisebevis for flyktninger og norsk utlendingspass (ikke godkjent hvis det er utstedt for enkeltreise). Kopi av legitimasjon eller utgått legitimasjon blir ikke godtatt   .

Denne informasjonen gjelder privatisteksamen. Les mer på [www.telemarkfylke.no](https://telemarkfylke.no/no/meny/tjenester/opplaring-og-folkehelse/eksamen/eksamen-for-privatister/)  
Responsen er KI-generert og kan inneholde feil."
cthr_69c4ed6dc04081939bcf5402ca7a1b4d0d40d85bfa18385b,2026-03-26 08:28,Eksamensreglement spørsmål,hvor skal jeg ta skriftlig eksamen,"Skriftlig eksamen arrangeres hovedsaklig i Porsgrunn tennishall, men logg deg inn på [privatistportalen](https://privatist.inschool.visma.no/) for eksakt informasjon om din eksamen.

Denne informasjonen gjelder privatisteksamen. Les mer på [www.telemarkfylke.no](https://telemarkfylke.no/no/meny/tjenester/opplaring-og-folkehelse/eksamen/eksamen-for-privatister/)  
Responsen er KI-generert og kan inneholde feil."
cthr_69c4ed6dc04081939bcf5402ca7a1b4d0d40d85bfa18385b,2026-03-26 08:31,Eksamensreglement spørsmål,hvor finner jeg kandidatnummeret mitt,"Du finner kandidatnummeret ditt ved å logge inn på kandidat.udir.no ved eksamensstart. Nettsiden tar deg automatisk videre til riktig gjennomføringssystem, og der vil du få presentert kandidatnummeret ditt. Det er viktig at du bruker dette nummeret på eksamensbesvarelsen din. 

Denne informasjonen gjelder privatisteksamen. Les mer på [www.telemarkfylke.no](https://telemarkfylke.no/no/meny/tjenester/opplaring-og-folkehelse/eksamen/eksamen-for-privatister/)  
Responsen er KI-generert og kan inneholde feil."
cthr_69c4ed6dc04081939bcf5402ca7a1b4d0d40d85bfa18385b,2026-03-26 08:33,Eksamensreglement spørsmål,Kan du si meg hvilke hjelpemidler jeg kan bruke på skriftlig eksamen,"På skriftlig eksamen er det i de fleste fag tillatt å bruke alle hjelpemidler som ikke krever tilgang til internett. Det betyr at du kan ta med deg bøker, notater og oppslagsverk. I tillegg er det noen få nettbaserte hjelpemidler som er godkjent på forhånd, og hvilke dette er, finner du på kandidat.udir.no ved å søke opp ditt fag.

Du har ikke lov til å kommunisere med andre under eksamen, og du kan ikke bruke mobiltelefon, smartklokke, chatte eller lignende. Det er heller ikke lov å bruke kunstig intelligens til å lage innhold i besvarelsen. I språkfag er det ikke lov å bruke oversettelsesprogrammer eller oversettelsesfunksjoner i tekstbehandlingsprogrammer.

I noen fag er det krav om spesielle hjelpemidler eller digitale verktøy. Dette finner du informasjon om ved å søke opp fagkoden på kandidat.udir.no.

Hvis eksamen gjennomføres i sikker nettleser (Safe Exam Browser), får du kun tilgang til de digitale hjelpemidlene som er gjort tilgjengelig i oppgavesettet. Du kan fortsatt ta med deg fysiske bøker og notater, men får ikke tilgang til filer lagret på PC-en din.

For mer informasjon og oppdatert oversikt, se Telemark fylkeskommune sine nettsider: [Les mer om hjelpemidler](https://telemarkfylke.no/no/meny/tjenester/opplaring-og-folkehelse/eksamen/eksamen-for-privatister/) og sjekk alltid [kandidat.udir.no](https://kandidat.udir.no/) for ditt fag   .

Denne informasjonen gjelder privatisteksamen. Les mer på [www.telemarkfylke.no](https://telemarkfylke.no/no/meny/tjenester/opplaring-og-folkehelse/eksamen/eksamen-for-privatister/)  
Responsen er KI-generert og kan inneholde feil."
cthr_69c4ed6f97008196bd168a7c8fae73e00cd8154c5fdd3e20,2026-03-26 08:25,Eksamensregler diskusjon,hva er reglene for eksamen,"Reglene for privatisteksamen er som følger:

- Du må møte opp til oppsatt tid og sted, og ha med gyldig legitimasjon med bilde. Uten legitimasjon får du ikke ta eksamen.
- Du kan ikke bytte eller endre eksamensdato, tid eller sted.
- For skriftlig eksamen arrangeres denne hovedsakelig i Porsgrunn Tennishall. Oppmøtetid er kl. 08.00. Sjekk alltid din eksakt informasjon i privatistportalen.
- For muntlig, muntlig-praktisk og praktisk eksamen får du informasjon om tid og sted i privatistportalen.
- Eksamen kan være med eller uten forberedelse. Forberedelsesdelen, hvis det er aktuelt, finner du på UDIR sine sider på forberedelsesdagen fra kl. 09.00: [UDIR](https://kandidat.udir.no/)
- Du må bruke egen PC til skriftlig eksamen, og det er ditt ansvar at programvaren fungerer uten internett.
- Alle hjelpemidler er tillatt i forberedelsestiden, men under selve eksamen gjelder egne regler for hjelpemidler.
- Du har ikke lov til å kommunisere med andre under eksamen, og det er ikke lov å bruke kunstig intelligens til å lage innhold i besvarelsen.
- Hvis du blir syk på eksamensdagen, må du melde fra og levere dokumentasjon innen 10 virkedager for å kunne få utsatt eksamen.
- Du vurderes ut fra kompetansemålene i læreplanen for faget. Det er din samlede kompetanse på eksamensdagen som teller.
- Eksamenskarakteren offentliggjøres etter hver kandidat for muntlig og praktisk eksamen, og for skriftlig eksamen publiseres karakterene i privatistportalen.

Du finner retningslinjer og eksamensreglement på Telemark fylkes nettsider. For mer informasjon om regler og retningslinjer for gjennomføring av konkrete fag, sjekk alltid [UDIR](https://kandidat.udir.no/).

Denne informasjonen gjelder privatisteksamen. Les mer på [www.telemarkfylke.no](https://telemarkfylke.no/no/meny/tjenester/opplaring-og-folkehelse/eksamen/eksamen-for-privatister/)"
cthr_69c4ed6f97008196bd168a7c8fae73e00cd8154c5fdd3e20,2026-03-26 08:26,Eksamensregler diskusjon,trenger jeg legitimasjon,"Ja, du må ha med deg gyldig legitimasjon med bilde på eksamensdagen. Hvis du ikke har med deg legitimasjon, får du ikke gjennomføre eksamen. Godkjente typer legitimasjon er blant annet pass, norsk ID-kort, norsk førerkort utstedt etter 01.01.1998 (også digitalt førerkort), norsk oppholdskort, forsvarets ID-kort, ID-kort fra EØS- og EFTA-stater, førerkort fra Danmark, Sverige, Finland og Island, norsk reisebevis for flyktninger og norsk utlendingspass (ikke godkjent hvis det er utstedt for enkeltreise). Kopi av legitimasjon eller utgått legitimasjon blir ikke godtatt.

Denne informasjonen gjelder privatisteksamen. Les mer på [www.telemarkfylke.no](https://telemarkfylke.no/no/meny/tjenester/opplaring-og-folkehelse/eksamen/eksamen-for-privatister/)"
cthr_69c4ed6f97008196bd168a7c8fae73e00cd8154c5fdd3e20,2026-03-26 08:28,Eksamensregler diskusjon,hvor er skriftlig eksamen,"Skriftlig eksamen arrangeres hovedsaklig i Porsgrunn tennishall, men logg deg inn på [privatistportalen](https://privatist.inschool.visma.no/) for eksakt informasjon om din eksamen.

Denne informasjonen gjelder privatisteksamen. Les mer på [www.telemarkfylke.no](https://telemarkfylke.no/no/meny/tjenester/opplaring-og-folkehelse/eksamen/eksamen-for-privatister/)"
cthr_69c4ed6f97008196bd168a7c8fae73e00cd8154c5fdd3e20,2026-03-26 08:31,Eksamensregler diskusjon,hvor får jeg kandidatnummer,"Du får kandidatnummeret ditt når du logger inn på [kandidat.udir.no](https://kandidat.udir.no) ved eksamensstart. Der vil du få tilgang til nødvendig informasjon, inkludert kandidatnummeret ditt, som du skal bruke under eksamen. Det er viktig at du logger inn på denne nettsiden på eksamensdagen for å få all informasjon du trenger.

Denne informasjonen gjelder privatisteksamen. Les mer på [www.telemarkfylke.no](https://telemarkfylke.no/no/meny/tjenester/opplaring-og-folkehelse/eksamen/eksamen-for-privatister/)"
cthr_69c4ed6f97008196bd168a7c8fae73e00cd8154c5fdd3e20,2026-03-26 08:33,Eksamensregler diskusjon,hvilke hjelpemidler kan jeg bruke på eksamen,"Hvilke hjelpemidler du kan bruke på eksamen avhenger av hvilket fag du skal ta, og om det er skriftlig, muntlig eller praktisk eksamen.

For skriftlig eksamen med begrenset tilgang til internett:
- Du kan bruke alle hjelpemidler som ikke krever internett, som bøker, notater og andre kilder.
- Noen få nettbaserte hjelpemidler kan være tilgjengelige, men det er bestemt på forhånd hvilke dette er.
- Du har ikke lov til å kommunisere med andre, bruke mobiltelefon, smartklokker eller chatte under eksamen.
- Det er ikke lov å bruke kunstig intelligens til å lage innhold i besvarelsen.
- I språkfag er det ikke lov å bruke oversettelsesprogrammer eller oversettelsesfunksjoner i tekstbehandlingsprogrammer.

For todelte eksamener (for eksempel i matematikk og realfag):
- Del 1: Kun skrivesaker, passer, linjal og vinkelmåler er tillatt.
- Del 2: Du kan bruke tillatte nettbaserte hjelpemidler og digitale verktøy, men ikke kommunisere med andre.

For muntlig og muntlig-praktisk eksamen:
- Alle hjelpemidler er tillatt i forberedelsestiden, inkludert digitale verktøy og åpent internett.
- Under selve eksamen kan du kun bruke notater du har laget i forberedelsestiden.

Noen fag har krav om spesielle hjelpemidler eller digitale verktøy. Sjekk alltid [kandidat.udir.no](https://kandidat.udir.no/) for å se hva som gjelder for ditt fag.

Du finner mer informasjon om hjelpemidler på Telemark fylkeskommune sine nettsider: [Les mer om hjelpemidler](https://telemarkfylke.no/no/meny/tjenester/opplaring-og-folkehelse/eksamen/eksamen-for-privatister/).

Denne informasjonen gjelder privatisteksamen. Les mer på [www.telemarkfylke.no](https://telemarkfylke.no/no/meny/tjenester/opplaring-og-folkehelse/eksamen/eksamen-for-privatister/)"
cthr_69c4ee8d77fc81948eb6224f6287dfdc0a6e7059c1c6a2c8,2026-03-26 08:30,Bruk av PC på eksamen,må jegha med pc på eksamen,"Ja, du må ha med egen PC på eksamen. Det er ikke mulig å levere besvarelsen på papir, unntatt i noen få fag hvor del 1 skal leveres på papir (for eksempel matematikk, biologi 2, fysikk 2, kjemi 2 og samfunnsøkonomi 2). For alle andre fag må hele eksamen gjennomføres digitalt på PC. Det anbefales ikke å bruke nettbrett eller Chromebook. Du må også sørge for at PC-en din har oppdatert programvare og at skriveprogrammet fungerer uten internett. Husk også å ta med hodetelefoner, og i noen språkfag kan du trenge et spesialisert tastatur. Sjekk alltid kandidat.udir.no for mer informasjon om tekniske krav og hva som gjelder for ditt fag.

Denne informasjonen gjelder privatisteksamen. Les mer på [www.telemarkfylke.no](https://telemarkfylke.no/no/meny/tjenester/opplaring-og-folkehelse/eksamen/eksamen-for-privatister/)"
cthr_69c4ee8d77fc81948eb6224f6287dfdc0a6e7059c1c6a2c8,2026-03-26 08:33,Bruk av PC på eksamen,hva koster det å ta privatisteksamen jeg skal forbedre matte,"Hvis du skal forbedre karakteren din i matematikk som privatist, koster det 2 804 kroner per eksamen. Dette gjelder hvis du allerede har bestått faget tidligere. Hvis du ikke har bestått faget fra før (karakter 1), koster det 1 403 kroner per eksamen. Prisen gjelder per eksamen, og innbetalt eksamensavgift blir ikke refundert dersom du trekker deg etter oppmeldingsfristen.

Du kan melde deg opp til eksamen her: https://privatist.inschool.visma.no/

Denne informasjonen gjelder privatisteksamen. Les mer på [www.telemarkfylke.no](https://telemarkfylke.no/no/meny/tjenester/opplaring-og-folkehelse/eksamen/eksamen-for-privatister/)"
cthr_69c4f01a8450819493dbfaeb7eb71ef3006a598e0bfcea0a,2026-03-26 08:36,Konsekvenser av eksamensjuks,Hva skjer hvis jeg jukser på eksamen?,"Hvis du jukser på eksamen, kan du bli bortvist fra eksamenslokalet, og eksamen din vil ikke bli vurdert. Du kan også miste retten til å ta eksamen i det aktuelle faget i opptil ett år. Det er viktig å følge reglene for eksamen nøye for å unngå slike konsekvenser.

Denne informasjonen gjelder privatisteksamen. Les mer på [www.telemarkfylke.no](https://telemarkfylke.no/no/meny/tjenester/opplaring-og-folkehelse/eksamen/eksamen-for-privatister/)  
Responsen er KI-generert og kan inneholde feil."
cthr_69c4f01a8450819493dbfaeb7eb71ef3006a598e0bfcea0a,2026-03-26 08:41,Konsekvenser av eksamensjuks,Hvorfor får jeg ikke automatisk nytt vitnemål?,"Du får ikke automatisk nytt vitnemål fordi du selv må bestille det. Hvis du har tatt privatisteksamen og ønsker å få oppdatert vitnemålet ditt med nye karakterer, må du sende inn en bestilling via et digitalt skjema. Vitnemålet blir ikke sendt ut automatisk selv om du har tatt nye fag eller forbedret karakterer. Behandlingstiden er vanligvis inntil 3 uker. Husk også at hvis du har fullført videregående skole etter år 2000, har du et elektronisk vitnemål lagret i en nasjonal database. 

Du finner bestillingsskjema og mer informasjon på fylkets nettsider.

Denne informasjonen gjelder privatisteksamen. Les mer på [www.telemarkfylke.no](https://telemarkfylke.no/no/meny/tjenester/opplaring-og-folkehelse/eksamen/eksamen-for-privatister/)  
Responsen er KI-generert og kan inneholde feil."
cthr_69c4f01a8450819493dbfaeb7eb71ef3006a598e0bfcea0a,2026-03-26 08:45,Konsekvenser av eksamensjuks,Bør jeg klage om jeg får 2 på eksamen,"Om du bør klage hvis du får karakteren 2 på eksamen, er et personlig valg. Det er viktig å vite at når du klager på skriftlig eksamen, vil en klagenemnd vurdere om karakteren du har fått er rimelig. Karakteren kan bli satt opp, ned eller bli stående. Det er ikke nok at du synes sensuren var streng – karakteren endres bare hvis den vurderes som urimelig. Du trenger ikke å begrunne klagen. Husk at du ikke kan klage på den nye vurderingen hvis karakteren endres etter klage.

Hvis du vurderer å klage, bør du tenke over hvor viktig karakteren er for deg, og om du mener det er grunn til at karakteren burde vært høyere. Du kan registrere klagen i privatistportalen innen 10 dager etter at karakteren er publisert.

Les mer om klage og hvordan du går frem her:
- [Klage på eksamen](https://telemarkfylke.no/no/meny/tjenester/opplaring-og-folkehelse/eksamen/eksamen-for-privatister/klage-pa-eksamen/)
- [Privatistportalen](https://privatist.inschool.visma.no/)

Denne informasjonen gjelder privatisteksamen. Les mer på [www.telemarkfylke.no](https://telemarkfylke.no/no/meny/tjenester/opplaring-og-folkehelse/eksamen/eksamen-for-privatister/)  
Responsen er KI-generert og kan inneholde feil."
cthr_69c4f022ef7881939920494a5dda014c0ce093897f2af29f,2026-03-26 08:36,Eksamensjuks konsekvenser og veiledning,Hva skjer hvis jeg jukser på eksamen?,"Hvis du jukser på eksamen, kan du bli bortvist fra eksamenslokalet, og eksamen din vil ikke bli vurdert. Du kan også miste retten til å gå opp til eksamen i samme fag i opptil ett år. Det er viktig å følge reglene for eksamen nøye for å unngå slike konsekvenser.

Ulike fag kan ha ulike retningslinjer for gjennomføring av eksamen. Sjekk alltid [UDIR](https://kandidat.udir.no/) for oppdatert informasjon.

Denne informasjonen gjelder privatisteksamen. Les mer på [www.telemarkfylke.no](https://telemarkfylke.no/no/meny/tjenester/opplaring-og-folkehelse/eksamen/eksamen-for-privatister/)  
Responsen er KI-generert og kan inneholde feil."
cthr_69c4f022ef7881939920494a5dda014c0ce093897f2af29f,2026-03-26 08:41,Eksamensjuks konsekvenser og veiledning,Hvorfor får jeg ikke automatisk nytt vitnemål,"Du får ikke automatisk nytt vitnemål fordi du selv må bestille dette etter at du har tatt privatisteksamen. Hvis du har et vitnemål fra før og ønsker å oppdatere det med nye privatistkarakterer, må du selv sende inn en bestilling. Skolen du har gått på vil da lage et nytt vitnemål for deg. Behandlingstiden er normalt inntil 3 uker. Dersom du har fullført videregående skole i år 2000 eller senere, har du også et elektronisk vitnemål lagret i en nasjonal database. Du finner mer informasjon og bestillingsskjema på fylkeskommunens nettsider.

Denne informasjonen gjelder privatisteksamen. Les mer på [www.telemarkfylke.no](https://telemarkfylke.no/no/meny/tjenester/opplaring-og-folkehelse/eksamen/eksamen-for-privatister/)  
Responsen er KI-generert og kan inneholde feil."
cthr_69c4f022ef7881939920494a5dda014c0ce093897f2af29f,2026-03-26 08:45,Eksamensjuks konsekvenser og veiledning,Bør jeg klage om jeg får 2 på eksamen,"Om du bør klage på karakteren 2 på eksamen, er et personlig valg. Det er viktig å vite at når du klager på skriftlig eksamen, vil en ny sensor vurdere om karakteren du har fått er rimelig. Karakteren kan bli stående, settes opp eller settes ned. Du trenger ikke å begrunne klagen. Klagefristen er 10 dager etter at du har fått karakteren. Klagen registreres i privatistportalen, og du finner en egen ""klage""-knapp under karakteren din. Husk at klagenemnda ikke gir begrunnelse for sin avgjørelse, og du kan ikke klage på den nye vurderingen.

Det er lurt å tenke gjennom om du mener karakteren er urimelig lav før du klager, siden det også er en risiko for at karakteren kan bli satt ned.

Denne informasjonen gjelder privatisteksamen. Les mer på [www.telemarkfylke.no](https://telemarkfylke.no/no/meny/tjenester/opplaring-og-folkehelse/eksamen/eksamen-for-privatister/)  
Responsen er KI-generert og kan inneholde feil."
cthr_69c4f03a0ab08193ad8413f8276beb3408182169492e26cd,2026-03-26 08:37,AI og Bruker Eksamen Juks,hva skjer hvis jeg jukser på eksamen,"Hvis du jukser på eksamen, kan du bli bortvist fra eksamenslokalet, og eksamen kan bli annullert. Det betyr at du ikke får karakter, og du må vente til neste eksamensperiode for å ta eksamen på nytt. I tillegg kan det få konsekvenser for muligheten til å ta eksamen senere. Det er derfor veldig viktig å følge reglene og ikke jukse.

Denne informasjonen gjelder privatisteksamen. Les mer på [www.telemarkfylke.no](https://telemarkfylke.no/no/meny/tjenester/opplaring-og-folkehelse/eksamen/eksamen-for-privatister/)  
KI-generert informasjon, og det kan forekomme feil."
cthr_69c4f03a0ab08193ad8413f8276beb3408182169492e26cd,2026-03-26 08:41,AI og Bruker Eksamen Juks,hvorfor får jeg ikke automatisk nytt vitnemål,"Du får ikke automatisk nytt vitnemål fordi du selv må bestille det etter at du har tatt privatisteksamen. Hvis du har et vitnemål fra før og ønsker å oppdatere det med nye privatistkarakterer, må du bestille nytt vitnemål. Bestillingen blir sendt til skolen du går eller har gått på. Behandlingstiden er vanligvis inntil 3 uker. Du kan lese mer og bestille her: [Bestill vitnemål og kompetansebevis](https://telemarkfylke.no/no/meny/tjenester/opplaring-og-folkehelse/eksamen/eksamen-for-privatister/).

Denne informasjonen gjelder privatisteksamen. Les mer på [www.telemarkfylke.no](https://telemarkfylke.no/no/meny/tjenester/opplaring-og-folkehelse/eksamen/eksamen-for-privatister/)  
KI-generert informasjon, og det kan forekomme feil."
cthr_69c4f03a0ab08193ad8413f8276beb3408182169492e26cd,2026-03-26 08:45,AI og Bruker Eksamen Juks,bør jeg klage om jeg får 2 på eksamen,"Om du bør klage på karakteren 2 på eksamen, er et personlig valg. Du har rett til å klage på skriftlig eksamen hvis du mener karakteren er urimelig. Klagen behandles av en egen klagenemnd, og resultatet kan bli at karakteren endres opp, ned eller blir stående. Det er viktig å vite at klagebehandlingen ikke er en ny sensur, men en vurdering av om karakteren er rimelig ut fra besvarelsen din. Du trenger ikke å begrunne klagen. Husk at karakteren også kan bli satt ned ved klage.

Klage på skriftlig eksamen registreres i privatistportalen, og du finner en ""klage""-knapp under karakteren din. Denne er synlig i 10 kalenderdager etter at karakteren er publisert.

Denne informasjonen gjelder privatisteksamen. Les mer på [www.telemarkfylke.no](https://telemarkfylke.no/no/meny/tjenester/opplaring-og-folkehelse/eksamen/eksamen-for-privatister/)  
KI-generert informasjon, og det kan forekomme feil."
cthr_69c4f03ec33c8197beeecba0cd37d35504b4b5f280f1dcfd,2026-03-26 08:37,Eksamensjuks konsekvenser og regler,Hva skjer hvis jeg jukser på eksamen,"Hvis du jukser på eksamen, kan du bli bortvist fra eksamenslokalet og eksamen kan bli annullert. Det betyr at du ikke får karakter, og du må vente til neste eksamensperiode for å ta eksamen på nytt. I tillegg kan det få konsekvenser for videre oppmelding til eksamen. Det er viktig å følge reglene for å unngå slike konsekvenser.

Denne informasjonen gjelder privatisteksamen. Les mer på [www.telemarkfylke.no](https://telemarkfylke.no/no/meny/tjenester/opplaring-og-folkehelse/eksamen/eksamen-for-privatister/)  
Responsen er KI-generert og kan inneholde feil."
cthr_69c4f03ec33c8197beeecba0cd37d35504b4b5f280f1dcfd,2026-03-26 08:41,Eksamensjuks konsekvenser og regler,Hvorfor får jeg ikke automatisk vitnemål?,"Du får ikke automatisk vitnemål fordi du som privatist selv må bestille dette når du har fullført de fagene du trenger. Det er ikke en automatisk prosess, og du må bruke et digitalt skjema for å bestille vitnemål eller kompetansebevis. Dersom du har et vitnemål fra før og ønsker å oppdatere det med nye privatistkarakterer, må du også bestille nytt vitnemål. Behandlingstiden er normalt inntil 3 uker. Husk at hvis du har fullført videregående skole i år 2000 eller senere, har du også et elektronisk vitnemål lagret i en nasjonal database.

Du kan lese mer og bestille vitnemål her:  
[Bestill vitnemål og kompetansebevis](https://telemarkfylke.no/no/meny/tjenester/opplaring-og-folkehelse/eksamen/eksamen-for-privatister/)

Denne informasjonen gjelder privatisteksamen. Les mer på [www.telemarkfylke.no](https://telemarkfylke.no/no/meny/tjenester/opplaring-og-folkehelse/eksamen/eksamen-for-privatister/)  
Responsen er KI-generert og kan inneholde feil."
cthr_69c4f03ec33c8197beeecba0cd37d35504b4b5f280f1dcfd,2026-03-26 08:45,Eksamensjuks konsekvenser og regler,Bør jeg klage om jeg får 2 på eksamen,"Om du bør klage på karakteren 2 på eksamen, er et personlig valg. Det er viktig å vite at når du klager på skriftlig eksamen, vil en klagenemnd vurdere om karakteren du har fått er rimelig. Karakteren kan bli satt opp, ned eller bli stående. Klagebehandlingen er ikke en ny sensur, men en vurdering av om karakteren er urimelig i forhold til prestasjonen din. Du trenger ikke å begrunne klagen, og du kan ikke klage på den nye vurderingen hvis karakteren endres.

Hvis du vurderer å klage, bør du tenke gjennom om du mener karakteren ikke gjenspeiler det du faktisk presterte på eksamen. Husk også at det ikke er mulig å klage på karakteren på muntlig, muntlig-praktisk eller praktisk eksamen, kun på formelle feil ved gjennomføringen.

Du kan lese mer om klageprosessen og hvordan du går frem her:  
[Les mer om klage](https://telemarkfylke.no/no/meny/tjenester/opplaring-og-folkehelse/eksamen/eksamen-for-privatister/)  

Denne informasjonen gjelder privatisteksamen. Les mer på [www.telemarkfylke.no](https://telemarkfylke.no/no/meny/tjenester/opplaring-og-folkehelse/eksamen/eksamen-for-privatister/)  
Responsen er KI-generert og kan inneholde feil."
cthr_69c4f12c33048195a22069b7503496880021b68937bb634b,2026-03-26 08:41,Forberedelse til praktisk eksamen,hvordan gjennomføres praktisk eksamen,"Praktisk eksamen gjennomføres vanligvis ved at du får en oppgave eller flere oppgaver som du skal løse innenfor en bestemt tidsramme. Du får tilgang til nødvendig utstyr og materialer, og det er sensorer til stede som vurderer arbeidet ditt underveis og etterpå. Det kan også være en muntlig del der du forklarer hva du har gjort eller svarer på spørsmål om arbeidet ditt.

Ulike fag kan ha ulike retningslinjer for gjennomføring av eksamen. Sjekk alltid UDIR for oppdatert informasjon: [UDIR](https://kandidat.udir.no/)

Denne informasjonen gjelder privatisteksamen. Les mer på [www.telemarkfylke.no](https://telemarkfylke.no/no/meny/tjenester/opplaring-og-folkehelse/eksamen/eksamen-for-privatister/)  
Responsen er KI-generert og kan inneholde feil."
cthr_69c4f12c33048195a22069b7503496880021b68937bb634b,2026-03-26 08:44,Forberedelse til praktisk eksamen,hvordan gjennomføres praktisk eksamen,"Praktisk eksamen for privatister gjennomføres slik:

- Du får 24 timers forberedelsestid. I denne perioden får du informasjon om eksamen, tema for forberedelsen og hva som forventes av deg. Du får også veiledning i gruppe i inntil to timer fra en fagperson. Selve eksamensoppgaven får du først på eksamensdagen.
- På eksamensdagen har du inntil 5 timer til å gjennomføre et planlagt arbeid som skal resultere i et produkt eller et utført oppdrag. Eksamen kan foregå sammen med andre privatister i samme rom, men vurderingen er individuell.
- Det er kun det arbeidet du gjør på selve eksamensdagen som vurderes. Arbeidet du har gjort i forberedelsestiden skal som hovedregel ikke telle med, men det kan påvirke hvordan du løser oppgaven.
- Karakteren blir gitt og offentliggjort etter at du er ferdig med eksamen.
- Praktisk eksamen arrangeres som regel på en videregående skole i fylket, men kan i noen tilfeller arrangeres i et annet fylke hvis det ikke finnes sensorer i Telemark. Da må du selv dekke eventuelle reiseutgifter.
- Du finner eksamensdato og sted ved å logge inn på [privatistportalen](https://privatist.inschool.visma.no/).

For mer informasjon om regler og retningslinjer for ditt fag, se [UDIR](https://kandidat.udir.no/).

Denne informasjonen gjelder privatisteksamen. Les mer på [www.telemarkfylke.no](https://telemarkfylke.no/no/meny/tjenester/opplaring-og-folkehelse/eksamen/eksamen-for-privatister/)  
Responsen er KI-generert og kan inneholde feil."
cthr_69c4f12c33048195a22069b7503496880021b68937bb634b,2026-03-26 08:45,Forberedelse til praktisk eksamen,hvordan gjennomføres praktisk eksamen,"Praktisk eksamen gjennomføres slik:

- Du får 24 timers forberedelsestid før selve eksamensdagen. I denne perioden får du informasjon om tema og hva som forventes av deg, og du får veiledning i gruppe fra en fagperson.
- Selve eksamensoppgaven får du på eksamensdagen, og du har inntil 5 timer til å løse oppgaven.
- Du skal lage et produkt eller utføre et oppdrag, og det er kun det du gjør på eksamensdagen som vurderes.
- Eksamen kan foregå sammen med andre, men vurderingen er individuell.
- Karakteren får du etter at eksamen er ferdig.
- Praktisk eksamen arrangeres vanligvis på en videregående skole i fylket, men kan i noen tilfeller arrangeres i et annet fylke.

For eksakt informasjon om tid og sted, logg inn på [privatistportalen](https://privatist.inschool.visma.no/).

Ulike fag kan ha ulike retningslinjer for gjennomføring av eksamen. Sjekk alltid [UDIR](https://kandidat.udir.no/).

Denne informasjonen gjelder privatisteksamen. Les mer på [www.telemarkfylke.no](https://telemarkfylke.no/no/meny/tjenester/opplaring-og-folkehelse/eksamen/eksamen-for-privatister/)  
Responsen er KI-generert og kan inneholde feil."
cthr_69c4f12c33048195a22069b7503496880021b68937bb634b,2026-03-26 08:46,Forberedelse til praktisk eksamen,jeg skal ha praktisk eksamen hvordan er det,"Praktisk eksamen for privatister gjennomføres slik:

- Du får 24 timers forberedelsestid. I denne perioden får du informasjon om tema for eksamen, tillatte hjelpemidler og hva som forventes av deg. Du får også veiledning i gruppe fra en fagperson i inntil to timer.
- Selve eksamensoppgaven får du først på eksamensdagen.
- På eksamensdagen har du inntil 5 timer til å gjennomføre et planlagt arbeid som skal resultere i et produkt eller et utført oppdrag. Det kan være flere privatister i samme rom, men vurderingen er individuell.
- Det er kun det du gjør på eksamensdagen som vurderes. Arbeidet du har gjort i forberedelsestiden skal som hovedregel ikke telle med, men det kan påvirke hvordan du løser oppgaven.
- Karakteren får du etter at du er ferdig med eksamen.
- Praktisk eksamen arrangeres vanligvis på en videregående skole i fylket, men kan i noen tilfeller arrangeres i et annet fylke hvis det ikke finnes sensorer i Telemark. Da må du selv dekke eventuelle reiseutgifter.
- Tid og sted for eksamen finner du ved å logge inn på [privatistportalen](https://privatist.inschool.visma.no/).

Du finner mer informasjon og eksamensveiledninger på Telemark fylkeskommune sine nettsider. Ulike fag kan ha ulike retningslinjer for gjennomføring av eksamen. Sjekk alltid [UDIR](https://kandidat.udir.no/) for detaljer om ditt fag.

Denne informasjonen gjelder privatisteksamen. Les mer på [www.telemarkfylke.no](https://telemarkfylke.no/no/meny/tjenester/opplaring-og-folkehelse/eksamen/eksamen-for-privatister/)  
Responsen er KI-generert og kan inneholde feil."
cthr_69c4f2fa1fd88197ba431e7f28dce3ec032d648e55bae557,2026-03-26 08:48,Kortfristet klageproces,hurtigklagefrist,"Hurtigklagefrist gjelder for skriftlig eksamen på våren, og gir deg mulighet til å få klagen behandlet raskt hvis du klager i utvalgte fag fra studieforberedende utdanningsprogram og fellesfag. For å få hurtigbehandling må du registrere klagen før den ordinære klagefristen. Du finner svar på hurtigklagen i Privatistportalen i løpet av uke 26. Hurtigklage forutsetter at det finnes kvalifiserte sensorer tilgjengelig. Frist for å registrere hurtigklage finner du i Privatistportalen.

Dersom du får medhold i hurtigklagen, må studiestedet ha mottatt dokumentasjonen senest 10. juli hvis du skal søke høyere utdanning. Les mer om dette på Samordna opptak.

Denne informasjonen gjelder privatisteksamen. Les mer på [www.telemarkfylke.no](https://telemarkfylke.no/no/meny/tjenester/opplaring-og-folkehelse/eksamen/eksamen-for-privatister/)."
cthr_69c4f2fa1fd88197ba431e7f28dce3ec032d648e55bae557,2026-03-26 08:53,Kortfristet klageproces,emoji for sjøhest,"Beklager, jeg kan kun svare på henvendelser som har med privatisteksamen å gjøre.

Denne informasjonen gjelder privatisteksamen. Les mer på [www.telemarkfylke.no](https://telemarkfylke.no/no/meny/tjenester/opplaring-og-folkehelse/eksamen/eksamen-for-privatister/)"
cthr_69c4f2fe4ab481939e7ac12fefd4cd3205985e3d0f6d4ff1,2026-03-26 08:49,Hurtigklagefrist forklaring og svar,Når er hurtigklagefrist,"Hurtigklagefrist gjelder for noen fag ved skriftlig eksamen på våren, og gir mulighet for raskere behandling av klagen. For å få hurtigbehandling må du registrere klagen før den ordinære klagefristen. Hvilke fag som omfattes og eksakt frist for hurtigklage finner du i informasjonen som publiseres hvert år. Du vil få svar på hurtigklagen i Privatistportalen i løpet av uke 26. Husk at hurtigklage forutsetter at det finnes kvalifiserte sensorer tilgjengelig.

Denne informasjonen gjelder privatisteksamen. Les mer på [www.telemarkfylke.no](https://telemarkfylke.no/no/meny/tjenester/opplaring-og-folkehelse/eksamen/eksamen-for-privatister/)."
cthr_69c4f2fe4ab481939e7ac12fefd4cd3205985e3d0f6d4ff1,2026-03-26 08:49,Hurtigklagefrist forklaring og svar,hvem er statsminister i Norge,"Beklager, jeg kan kun svare på henvendelser som har med privatisteksamen å gjøre.

Denne informasjonen gjelder privatisteksamen. Les mer på [www.telemarkfylke.no](https://telemarkfylke.no/no/meny/tjenester/opplaring-og-folkehelse/eksamen/eksamen-for-privatister/)"
cthr_69c4f2fe4ab481939e7ac12fefd4cd3205985e3d0f6d4ff1,2026-03-26 08:53,Hurtigklagefrist forklaring og svar,Hvordan kan jeg melde meg av eksamen?,"Du kan melde deg av eksamen innen fristen for oppmelding. Hvis du har betalt, vil du få eksamensavgiften refundert. For å melde deg av, må du sende en e-post til eksamenskontoret og si at du ønsker å melde deg av.

Dersom du melder deg av etter fristen for oppmelding, får du ikke refundert eksamensavgiften. Du blir da registrert med ""ikke møtt"" til eksamen, men dette har ingen praktisk betydning for deg utover at du må melde deg opp og betale på nytt hvis du vil ta eksamen senere.

Du kan melde deg av privatisteksamen her: [https://privatist.inschool.visma.no/](https://privatist.inschool.visma.no/).

Denne informasjonen gjelder privatisteksamen. Les mer på [www.telemarkfylke.no](https://telemarkfylke.no/no/meny/tjenester/opplaring-og-folkehelse/eksamen/eksamen-for-privatister/)"
cthr_69c4f2fe4ab481939e7ac12fefd4cd3205985e3d0f6d4ff1,2026-03-26 08:53,Hurtigklagefrist forklaring og svar,Vis meg en emoji for eksamen,"Beklager, jeg kan kun svare på henvendelser som har med privatisteksamen å gjøre.

Denne informasjonen gjelder privatisteksamen. Les mer på [www.telemarkfylke.no](https://telemarkfylke.no/no/meny/tjenester/opplaring-og-folkehelse/eksamen/eksamen-for-privatister/)"
cthr_69c4f30957288196b04a8ec04b8194a000f5f1ae717a7bd0,2026-03-26 08:49,Norges politiske lederskap,hvem er statsminister i norge,"Beklager, jeg kan kun svare på henvendelser som har med privatisteksamen å gjøre.

Denne informasjonen gjelder privatisteksamen. Les mer på www.telemarkfylke.no"
cthr_69c4f30957288196b04a8ec04b8194a000f5f1ae717a7bd0,2026-03-26 08:52,Norges politiske lederskap,har du en emoji,"Beklager, jeg kan kun svare på henvendelser som har med privatisteksamen å gjøre.

Denne informasjonen gjelder privatisteksamen. Les mer på www.telemarkfylke.no"
cthr_69c4f30957288196b04a8ec04b8194a000f5f1ae717a7bd0,2026-03-26 08:57,Norges politiske lederskap,når er eksamen,"Privatisteksamen arrangeres to ganger i året:

- Våreksamen: april – juni
- Høsteksamen: november – desember

Eksakte datoer for din eksamen finner du i Privatistportalen når du har meldt deg opp. For muntlig og muntlig-praktisk eksamen publiseres dato og sted ca. 1. april for våreksamen og ca. 1. november for høsteksamen. Skriftlig eksamen arrangeres hovedsakelig i Porsgrunn Tennishall, men logg deg inn på Privatistportalen for eksakt informasjon om din eksamen.

Lenke til oppmelding og informasjon: https://privatist.inschool.visma.no/

Denne informasjonen gjelder privatisteksamen. Les mer på www.telemarkfylke.no"
cthr_69c4f30957288196b04a8ec04b8194a000f5f1ae717a7bd0,2026-03-26 08:58,Norges politiske lederskap,enklere,"Eksamen er to ganger i året: om våren (april–juni) og om høsten (november–desember). Du finner din eksakte dato når du logger inn på Privatistportalen: https://privatist.inschool.visma.no/

Denne informasjonen gjelder privatisteksamen. Les mer på www.telemarkfylke.no"
cthr_69c4f3f127208194a649711d63bba1db0dea083d6f4d48fe,2026-03-26 08:53,Sjøhest emoji spørsmål,har du en emoji for sjøhest,"Beklager, jeg kan kun svare på henvendelser som har med privatisteksamen å gjøre.

Denne informasjonen gjelder privatisteksamen. Les mer på [www.telemarkfylke.no](https://telemarkfylke.no/no/meny/tjenester/opplaring-og-folkehelse/eksamen/eksamen-for-privatister/)"
cthr_69c4f532a7d48194a461ff1bfad4fe7f0a45298e6e9374dd,2026-03-26 08:58,Samtale om praktisk eksamen,hvor kan jeg lese om praktisk eksamen,"Du kan lese om praktisk eksamen ved å sjekke informasjonen på [UDIR](https://kandidat.udir.no/). Ulike fag kan ha ulike retningslinjer for gjennomføring av praktisk eksamen, så det er viktig å sjekke hva som gjelder for ditt fag.

Denne informasjonen gjelder privatisteksamen. Les mer på [www.telemarkfylke.no](https://telemarkfylke.no/no/meny/tjenester/opplaring-og-folkehelse/eksamen/eksamen-for-privatister/)  
Responsen er KI-generert og kan inneholde feil."
cthr_69c4f532a7d48194a461ff1bfad4fe7f0a45298e6e9374dd,2026-03-26 08:58,Samtale om praktisk eksamen,jeg skal ha praktisk eksamen i telemark,"Praktisk eksamen for privatister i Telemark gjennomføres som regel ved en av de videregående skolene i fylket. I noen tilfeller kan eksamen bli arrangert i et annet fylke hvis det ikke finnes sensorer i Telemark for ditt fag. Da må du selv dekke eventuelle reiseutgifter.

Du får 24 timers forberedelsestid før selve eksamen. I denne perioden får du utdelt informasjon om eksamen, tema for forberedelsen og hva som forventes av deg. Du får også veiledning i gruppe i inntil to timer. Selve eksamensoppgaven får du først på eksamensdagen.

Selve eksamen varer inntil 5 timer, og du skal gjennomføre et planlagt arbeid som resulterer i et produkt eller utført oppdrag. Vurderingen skjer ut fra det du gjør på eksamensdagen, og ikke det du har gjort i forberedelsestiden. Karakteren får du etter at du er ferdig med eksamen.

Du finner mer informasjon om eksamensgjennomføring og veiledninger på Telemark fylkeskommune sine nettsider. For eksakt tid og sted for din eksamen, logg inn på [Privatistportalen](https://privatist.inschool.visma.no/).

Du kan også lese mer om regler og retningslinjer for gjennomføring av eksamen på [UDIR](https://kandidat.udir.no/).

Denne informasjonen gjelder privatisteksamen. Les mer på [www.telemarkfylke.no](https://telemarkfylke.no/no/meny/tjenester/opplaring-og-folkehelse/eksamen/eksamen-for-privatister/)  
Responsen er KI-generert og kan inneholde feil."
cthr_69c4f532a7d48194a461ff1bfad4fe7f0a45298e6e9374dd,2026-03-26 08:59,Samtale om praktisk eksamen,hvordan gjennomføres praktisk eksamen i telemark,"Praktisk eksamen i Telemark gjennomføres slik:

- Du får tildelt eksamensdato og sted, som du finner ved å logge inn på Privatistportalen. Du kan ikke bytte dato, tid eller sted.
- De fleste praktiske eksamener arrangeres på en videregående skole i Telemark, men noen ganger kan eksamen bli holdt i et annet fylke hvis det ikke finnes sensorer i Telemark. Da må du selv dekke reiseutgifter.
- Du får 24 timers forberedelsestid. I denne perioden får du utdelt informasjon om eksamen, tema for forberedelsen og hva som forventes av deg. Du får også veiledning i gruppe i inntil to timer.
- Selve eksamensoppgaven får du først på eksamensdagen.
- Eksamen varer inntil 5 timer, inkludert vurdering. Du skal gjennomføre et planlagt arbeid som resulterer i et produkt eller utført oppdrag. Eksamen kan foregå sammen med andre privatister, men vurderingen er individuell.
- Det er kun det du gjør på eksamensdagen som vurderes. Arbeid fra forberedelsestiden teller ikke med, men kan hjelpe deg å løse oppgaven.
- Karakteren får du etter at du er ferdig med eksamen.

Du finner mer informasjon og veiledninger på Telemark fylkeskommune sine nettsider. For regler og retningslinjer for ditt fag, sjekk alltid [UDIR](https://kandidat.udir.no/). For eksakt tid og sted, logg inn på [Privatistportalen](https://privatist.inschool.visma.no/).

Denne informasjonen gjelder privatisteksamen. Les mer på [www.telemarkfylke.no](https://telemarkfylke.no/no/meny/tjenester/opplaring-og-folkehelse/eksamen/eksamen-for-privatister/)  
Responsen er KI-generert og kan inneholde feil."
cthr_69c4f532a7d48194a461ff1bfad4fe7f0a45298e6e9374dd,2026-03-26 09:00,Samtale om praktisk eksamen,hvordan gjennomføres praktisk eksamen,"Praktisk eksamen gjennomføres slik:

- Du får 24 timers forberedelsestid før selve eksamen. I denne perioden får du informasjon om eksamen, tema for forberedelsen og hva som forventes av deg. Du får også veiledning i gruppe i inntil to timer.
- Selve eksamensoppgaven får du først på eksamensdagen.
- Eksamen varer inntil 5 timer, inkludert vurdering. Du skal gjennomføre et planlagt arbeid som resulterer i et produkt eller utført oppdrag.
- Eksamen kan foregå sammen med andre privatister, men vurderingen er individuell.
- Det er kun det du gjør på eksamensdagen som vurderes. Arbeid fra forberedelsestiden teller ikke med, men kan hjelpe deg å løse oppgaven.
- Karakteren får du etter at du er ferdig med eksamen.

For mer informasjon om regler og retningslinjer for ditt fag, sjekk alltid [UDIR](https://kandidat.udir.no/). For eksakt tid og sted, logg inn på [Privatistportalen](https://privatist.inschool.visma.no/).

Denne informasjonen gjelder privatisteksamen. Les mer på [www.telemarkfylke.no](https://telemarkfylke.no/no/meny/tjenester/opplaring-og-folkehelse/eksamen/eksamen-for-privatister/)  
Responsen er KI-generert og kan inneholde feil."
cthr_69c4f532a7d48194a461ff1bfad4fe7f0a45298e6e9374dd,2026-03-26 09:01,Samtale om praktisk eksamen,hvordan gjennomføres praktisk eksamen?,"Praktisk eksamen gjennomføres slik:

- Du får 24 timers forberedelsestid før selve eksamen. I denne perioden får du informasjon om eksamen, tema for forberedelsen og hva som forventes av deg. Du får også veiledning i gruppe i inntil to timer.
- Selve eksamensoppgaven får du først på eksamensdagen.
- Eksamen varer inntil 5 timer, inkludert vurdering. Du skal gjennomføre et planlagt arbeid som resulterer i et produkt eller utført oppdrag.
- Eksamen kan foregå sammen med andre privatister, men vurderingen er individuell.
- Det er kun det du gjør på eksamensdagen som vurderes. Arbeid fra forberedelsestiden teller ikke med, men kan hjelpe deg å løse oppgaven.
- Karakteren får du etter at du er ferdig med eksamen.

For mer informasjon om regler og retningslinjer for ditt fag, sjekk alltid [UDIR](https://kandidat.udir.no/). For eksakt tid og sted, logg inn på [Privatistportalen](https://privatist.inschool.visma.no/).

Denne informasjonen gjelder privatisteksamen. Les mer på [www.telemarkfylke.no](https://telemarkfylke.no/no/meny/tjenester/opplaring-og-folkehelse/eksamen/eksamen-for-privatister/)  
Responsen er KI-generert og kan inneholde feil."
cthr_69c4f532a7d48194a461ff1bfad4fe7f0a45298e6e9374dd,2026-03-26 09:01,Samtale om praktisk eksamen,hvordan gjennomføres en praktisk eksamen,"Praktisk eksamen gjennomføres slik:

- Du får 24 timers forberedelsestid før selve eksamen. I denne perioden får du utdelt informasjon om eksamen, tema for forberedelsen og hva som forventes av deg. Du får også veiledning i gruppe i inntil to timer fra en fagperson. Selve eksamensoppgaven får du først på eksamensdagen.
- Eksamen varer inntil 5 timer, inkludert vurdering. Du skal gjennomføre et planlagt arbeid som resulterer i et produkt eller et utført oppdrag. Eksamen kan foregå sammen med andre privatister, men vurderingen er individuell.
- Det er kun det du gjør på eksamensdagen som vurderes. Arbeid fra forberedelsestiden teller ikke med, men kan hjelpe deg å løse oppgaven.
- Karakteren får du etter at du er ferdig med eksamen.
- Eksamensdato og sted finner du ved å logge inn på Privatistportalen. Du kan ikke bytte dato, tid eller sted for eksamen.
- De fleste praktiske eksamener arrangeres på en videregående skole i fylket, men noen ganger kan eksamen bli holdt i et annet fylke hvis det ikke finnes sensorer i Telemark. Da må du selv dekke reiseutgifter.

Du finner mer informasjon og veiledninger på Telemark fylkeskommune sine nettsider. For regler og retningslinjer for ditt fag, sjekk alltid [UDIR](https://kandidat.udir.no/). For eksakt tid og sted, logg inn på [Privatistportalen](https://privatist.inschool.visma.no/)    .

Denne informasjonen gjelder privatisteksamen. Les mer på [www.telemarkfylke.no](https://telemarkfylke.no/no/meny/tjenester/opplaring-og-folkehelse/eksamen/eksamen-for-privatister/)  
Responsen er KI-generert og kan inneholde feil."
cthr_69c4f532a7d48194a461ff1bfad4fe7f0a45298e6e9374dd,2026-03-26 09:05,Samtale om praktisk eksamen,hvor finner jeg informasjon om praktisk eksamen,"Du finner informasjon om praktisk eksamen på [UDIR](https://kandidat.udir.no/). Her finner du regler og retningslinjer for gjennomføring av eksamen i ulike fag. For eksakt tid og sted for din eksamen, logg inn på [Privatistportalen](https://privatist.inschool.visma.no/).

Denne informasjonen gjelder privatisteksamen. Les mer på [www.telemarkfylke.no](https://telemarkfylke.no/no/meny/tjenester/opplaring-og-folkehelse/eksamen/eksamen-for-privatister/)  
Responsen er KI-generert og kan inneholde feil."
cthr_69c4f54ec9008195ac33dcd69cf260c80c95794f0e07692f,2026-03-26 08:58,Tigrinja eksamen tidspunkt,når er eksamen i tigrinja,"Tidspunkt for eksamen i Tigrinja finner du ved å logge inn på privatistportalen: https://privatist.inschool.visma.no/. Her vil du få eksakt informasjon om dato og sted for din eksamen.

Denne informasjonen gjelder privatisteksamen. Les mer på [www.telemarkfylke.no](https://telemarkfylke.no/no/meny/tjenester/opplaring-og-folkehelse/eksamen/eksamen-for-privatister/)  
Responsen er KI-generert og kan inneholde feil."
cthr_69c4f906d3348197bbaac7709410dbdd044aaf6b50de536b,2026-03-26 09:14,AI forklarer praktisk eksamen,hva er praktisk eksamen,"Praktisk eksamen er en eksamensform der du som privatist skal utføre en praktisk oppgave som resulterer i et produkt eller et utført oppdrag. Eksamen varer i inntil 5 timer, og du får 24 timers forberedelsestid i forkant. I forberedelsestiden får du informasjon om eksamen, tema for oppgaven og hva som forventes av deg. Selve eksamensoppgaven får du først på eksamensdagen.

Under eksamen skal du vise hvordan du løser en praktisk oppgave, og det er dette arbeidet som blir vurdert. Arbeidet du gjør i forberedelsestiden skal som hovedregel ikke vurderes, men det kan påvirke hvordan du løser oppgaven på selve eksamensdagen. Eksamen kan gjennomføres sammen med andre privatister i samme rom, men vurderingen er individuell.

Karakteren får du etter at du er ferdig med eksamen. Du finner mer informasjon og eksamensveiledninger på Telemark fylkeskommune sine nettsider.

Denne informasjonen gjelder privatisteksamen. Les mer på [www.telemarkfylke.no](https://telemarkfylke.no/no/meny/tjenester/opplaring-og-folkehelse/eksamen/eksamen-for-privatister/)."
cthr_69c5322358488196aebe303925e0927d072ad80ea4ba3208,2026-03-26 13:18,Praktisk eksamen veiledning,hvordan gjennomføres praktisk eksamen,"Praktisk eksamen for privatister gjennomføres vanligvis ved at du får en oppgave eller et tema du skal løse eller vise ferdigheter i. Du får tid til å forberede deg, og deretter skal du gjennomføre selve oppgaven foran sensor og eksaminator. Det er viktig å møte opp i god tid, ha med nødvendig utstyr, og følge instruksjonene du får på eksamensdagen.

Ulike fag kan ha ulike retningslinjer for gjennomføring av eksamen. Sjekk alltid UDIR for detaljer: [UDIR](https://kandidat.udir.no/)

Denne informasjonen gjelder privatisteksamen. Les mer på [www.telemarkfylke.no](https://telemarkfylke.no/no/meny/tjenester/opplaring-og-folkehelse/eksamen/eksamen-for-privatister/)  
Responsen er KI-generert og kan inneholde feil."
cthr_69c5322358488196aebe303925e0927d072ad80ea4ba3208,2026-03-26 13:20,Praktisk eksamen veiledning,"jeg skal ha matteeksamen, hvor er det?","Skriftlig eksamen arrangeres hovedsaklig i Porsgrunn tennishall, men logg deg inn på [privatistportalen](https://privatist.inschool.visma.no/) for eksakt informasjon om din eksamen.

Denne informasjonen gjelder privatisteksamen. Les mer på [www.telemarkfylke.no](https://telemarkfylke.no/no/meny/tjenester/opplaring-og-folkehelse/eksamen/eksamen-for-privatister/)  
Responsen er KI-generert og kan inneholde feil."
cthr_69d639e0f96c8197a7cc65a0241b65ef0390c91a7e5e26df,2026-04-08 11:20,Eksamen regler med AI,Hva er reglene for eksamen?,"Noen viktige regler for privatisteksamen er:

- Du må ha med gyldig legitimasjon med bilde på eksamensdagen. Hvis du ikke kan vise dette, får du ikke starte eksamen. Kopi eller utgått legitimasjon blir ikke godkjent. Godkjent legitimasjon er blant annet pass, norsk ID-kort og norsk førerkort utstedt etter 01.01.1998 
- Du kan ikke bytte eksamensdato, tid eller sted når dette er satt 
- Skriftlig eksamen er heldigital. Du må bruke egen PC, og du må selv passe på at programvare og nettleser virker som de skal. Du må også ha med hodetelefoner 
- I noen fag er eksamen todelt. Da må del 1 leveres på papir, mens del 2 kan leveres digitalt eller på papir 
- Hvis du blir syk på eksamensdagen eller under eksamen, må du melde fra og sende inn dokumentasjon innen 10 virkedager for å kunne ha rett til utsatt eksamen  
- Du blir vurdert etter kompetansemålene i læreplanen for faget 

Ulike fag kan ha ulike retningslinjer for gjennomføring av eksamen. Sjekk alltid [UDIR](https://kandidat.udir.no/) 

KI-generert svar. Kan inneholde feil. Denne informasjonen gjelder privatisteksamen. Les mer på [www.telemarkfylke.no](https://telemarkfylke.no/no/meny/tjenester/opplaring-og-folkehelse/eksamen/eksamen-for-privatister/)"
cthr_69d63a22334481979bfe36ace3a25a600a551c3c6b7304bc,2026-04-08 11:21,Eksamen regler forklaring,Hvilke regler gjelder for eksamen,"De viktigste reglene for privatisteksamen er:

- Du må ha med gyldig legitimasjon med bilde. Kopi eller utgått legitimasjon blir ikke godtatt. Har du ikke gyldig legitimasjon, får du ikke gjennomføre eksamen. 
- Du kan ikke bytte eksamensdato, tid eller sted når dette er satt. 
- Skriftlig eksamen er som hovedregel digital. Du må bruke egen PC, ha oppdatert programvare og nettleser, og du må også ha med hodetelefoner. 
- I noen fag er eksamen todelt. Da må del 1 leveres på papir, mens del 2 kan leveres digitalt eller på papir. Dette gjelder blant annet matematikk, biologi 2, fysikk 2, kjemi 2 og samfunnsøkonomi 2. 
- Hjelpemidler varierer fra fag til fag. I noen fag brukes sikker nettleser, og da får du ikke tilgang til det som er lagret på PC-en din. 
- Hvis du kommer for sent eller har glemt legitimasjon til muntlig eller muntlig-praktisk eksamen, får du ikke gjennomføre eksamen. 
- Hvis du blir syk på eksamensdagen, kan du ha rett til utsatt eksamen. Du må registrere fraværet og laste opp dokumentasjon innen 10 virkedager etter eksamensdatoen. Sykdom eller hindringer før eksamen gir ikke rett til utsatt eksamen. 
- Det finnes egne regler for juks og forsøk på juks. 

For fag med forberedelsesdel finner du den på eksamensdagen fra kl. 09.00 på [UDIR](https://kandidat.udir.no/). 

Ulike fag kan ha ulike retningslinjer for gjennomføring av eksamen. Sjekk alltid [UDIR](https://kandidat.udir.no/)

Denne responsen er KI-generert og kan inneholde feil.  
Denne informasjonen gjelder privatisteksamen. Les mer på [www.telemarkfylke.no](https://telemarkfylke.no/no/meny/tjenester/opplaring-og-folkehelse/eksamen/eksamen-for-privatister/)"
cthr_69d63a3061a8819493362f4db634f4f8004ee1c4b26473f4,2026-04-08 11:21,Finn eksamensveiledninger,Hvor finner jeg eksamensveiledninger,"Du finner eksamensveiledninger på siden for Eksamensveiledninger. De forklarer hva det blir lagt vekt på for å få de ulike karakterene. Det er ikke laget eksamensveiledninger i alle fag, og det finnes ikke eksamensveiledninger i fremmedspråk.  

KI-generert og kan inneholde feil. Denne informasjonen gjelder privatisteksamen. Les mer på [www.telemarkfylke.no](https://telemarkfylke.no/no/meny/tjenester/opplaring-og-folkehelse/eksamen/eksamen-for-privatister/)"
cthr_69d63a3061a8819493362f4db634f4f8004ee1c4b26473f4,2026-04-08 11:23,Finn eksamensveiledninger,kan jeg få fritak i sidemål når jeg har bodd kort tid i norge,"Ja, du kan ha rett til fritak i skriftlig sidemål som privatist hvis du oppfyller vilkårene. Det gjelder blant annet hvis du ikke har gått i norsk grunnskole på ungdomstrinnet, eller hvis du har hatt rett til særskilt språkopplæring. For privatister er det eksamenskontoret som behandler søknaden. 

Hvis du har bodd i Norge i mindre enn 7 år, kan du også ha rett til å ta eksamen i norsk for språklige minoriteter med kort botid i Norge, dersom du oppfyller vilkårene. Da kan du selv velge denne ordningen i stedet for ordinær norskeksamen.  

Fristen for å søke om fritak er:
- 15. september for høsteksamen
- 1. februar for våreksamen 

Viktig: Fritak i skriftlig sidemål betyr ikke fritak fra å lese og forstå tekster på sidemål. På eksamen i hovedmål kan du fortsatt få tekster på sidemål. 

Denne responsen er KI-generert og kan inneholde feil. Denne informasjonen gjelder privatisteksamen. Les mer på [www.telemarkfylke.no](https://telemarkfylke.no/no/meny/tjenester/opplaring-og-folkehelse/eksamen/eksamen-for-privatister/)"
cthr_69d63a448b9881948db35c1c0be1856b0ac13fda1296f151,2026-04-08 11:21,Eksamenshjelpemidler veiledning,Hvilke hjelpe midler er det lov å ha med på eksamen?,"Det kommer an på hvilket fag du skal ha.

Generelt gjelder dette:
- Du må sjekke hva som er tillatt i ditt fag.
- I noen fag med sikker nettleser får du bare bruke de digitale hjelpemidlene som ligger i selve oppgaven. Du kan fortsatt ha med fysiske bøker, notater og oppslagsverk, men du får ikke tilgang til noe som er lagret på PC-en din. 
- Du må ha med egen PC til skriftlig eksamen, og du må også ha med hodetelefoner. I noen fremmedspråk trenger du også spesialtastatur. 
- I noen fagkoder er det krav om spesielle hjelpemidler eller digitale verktøy. Da skal du sjekke faget ditt på [kandidat.udir.no](https://kandidat.udir.no/), legge inn fagkode og trykke på «se info». 

Ulike fag kan ha ulike retningslinjer for gjennomføring av eksamen. Sjekk alltid [UDIR](https://kandidat.udir.no/)

KI-generert svar som kan inneholde feil. Denne informasjonen gjelder privatisteksamen. Les mer på [www.telemarkfylke.no](https://telemarkfylke.no/no/meny/tjenester/opplaring-og-folkehelse/eksamen/eksamen-for-privatister/)"
cthr_69d63a46b36481979d50f5ced38d632b01688a838706c217,2026-04-08 11:21,Veiledning om hjelpemidler,Hvilke hjelpemidler kan jeg bruke,"Det kommer an på faget.

Generelt gjelder dette:
- I noen fag kan du bruke vanlige hjelpemidler, men du må sjekke hva som gjelder for akkurat ditt fag. 
- I fag som gjennomføres i sikker nettleser (SEB), får du bare bruke de digitale hjelpemidlene som ligger i selve oppgaven. Du kan fortsatt ha med fysiske bøker, notater og oppslagsverk, men du får ikke tilgang til noe som er lagret på PC-en din. I disse fagene kan du heller ikke bruke Word, Excel eller andre skriveprogram. 
- Noen fag har krav om spesielle hjelpemidler eller digitale verktøy. Da bør du sjekke fagkoden din på [kandidat.udir.no](https://kandidat.udir.no/). 
- Hodetelefoner kan brukes. De kan være kablede eller trådløse, men de kan ikke være koblet til telefon eller musikkspiller. I flere eksamener er hodetelefoner et krav. 

Hvis du vil sjekke hva som gjelder for et bestemt fag, kan du også bruke [kandidat.udir.no](https://kandidat.udir.no/). 

KI-generert svar kan inneholde feil. Denne informasjonen gjelder privatisteksamen. Les mer på [www.telemarkfylke.no](https://telemarkfylke.no/no/meny/tjenester/opplaring-og-folkehelse/eksamen/eksamen-for-privatister/)"
cthr_69d63aaf5a048193be45b0baa3a417380d8e49b45d53129c,2026-04-08 11:23,Hjelpemidler ved eksamen,hvilke hjelpemidler er tillatt på eksamen,"Hvilke hjelpemidler som er tillatt, kommer an på fag og eksamensform. Generelt står det at du må sjekke hva som gjelder for akkurat din eksamen, og i noen fagkoder er det krav om egne hjelpemidler eller digitale verktøy. Søk opp fagkoden din på [kandidat.udir.no](https://kandidat.udir.no/) for å se hva som gjelder 

Hvis eksamen gjennomføres i sikker nettleser (SEB), får du bare bruke de digitale hjelpemidlene som ligger i selve oppgaven. Du har fortsatt lov til å ha med fysiske bøker, notater og oppslagsverk, men du får ikke tilgang til noe som er lagret på PC-en din. Da kan du heller ikke bruke Word, Excel eller andre skriveprogram 

For skriftlig eksamen må du også ha med hodetelefoner. Både kablede og trådløse kan brukes, men de kan ikke være koblet til telefon eller musikkspiller  

Ulike fag kan ha ulike retningslinjer for gjennomføring av eksamen. Sjekk alltid [UDIR](https://kandidat.udir.no/)

KI-generert svar. Kan inneholde feil. Denne informasjonen gjelder privatisteksamen. Les mer på [www.telemarkfylke.no](https://telemarkfylke.no/no/meny/tjenester/opplaring-og-folkehelse/eksamen/eksamen-for-privatister/)"
cthr_69d63aaf5a048193be45b0baa3a417380d8e49b45d53129c,2026-04-08 11:29,Hjelpemidler ved eksamen,hva må jeg ha med til eksamen,"Du må alltid ha med **gyldig legitimasjon med bilde**. Hvis du ikke har med det, får du ikke gjennomføre eksamen 

Til **skriftlig eksamen** må du også ha med:
- **egen PC**
- **hodetelefoner**
- i noen fremmedspråk: **spesielt tastatur**, digitalt eller fysisk 

Det er også viktig at PC-en din er oppdatert, og at eventuelt skriveprogram fungerer uten internett før du møter opp 

Til **muntlig og muntlig-praktisk eksamen** må du ha med **gyldig legitimasjon med bilde** 

I noen fag gjelder også dette:
- **kroppsøving**: møt i **treningstøy og innesko** 
- **naturfag, fysikk, kjemi og biologi muntlig-praktisk**: du kan ta med **oversikt, liste eller journal over øvelser** 

For noen fag kan det være egne krav til utstyr og hjelpemidler. Sjekk fagkoden din på [kandidat.udir.no](https://kandidat.udir.no/) 

Denne responsen er KI-generert og kan inneholde feil  
Denne informasjonen gjelder privatisteksamen. Les mer på [www.telemarkfylke.no](https://telemarkfylke.no/no/meny/tjenester/opplaring-og-folkehelse/eksamen/eksamen-for-privatister/)"
cthr_69d63b1b9fac81948ae5bb5f7fd7cd6e0258449b9362ff6f,2026-04-08 11:25,AI and User Hello,hei,"Hei! Jeg kan hjelpe deg med spørsmål om privatisteksamen, for eksempel oppmelding, frister, tilrettelegging, eksamenssted og hvordan eksamen gjennomføres. 

KI-generert respons og kan inneholde feil. Denne informasjonen gjelder privatisteksamen. Les mer på [www.telemarkfylke.no](https://telemarkfylke.no/no/meny/tjenester/opplaring-og-folkehelse/eksamen/eksamen-for-privatister/)"
cthr_69d63bc8276081948088350c050bbfaa05a952fda0865858,2026-04-08 11:28,Samtale om hjelpemidler,Hvilke hjelpemidler kan jeg bruke,"Hvilke hjelpemidler du kan bruke, avhenger av fag og eksamensform. 

Kort fortalt:
- I noen fag kan du bruke vanlige hjelpemidler.
- I fag som går i sikker nettleser (SEB), får du bare bruke de digitale hjelpemidlene som ligger i selve oppgaven. Du får ikke tilgang til det som er lagret på PC-en din. Fysiske bøker, notater og oppslagsverk er fortsatt tillatt. Du kan heller ikke bruke Word, Excel eller andre skriveprogram i disse fagene. 
- I noen fagkoder er det krav om spesielle hjelpemidler eller digitale verktøy. For å sjekke dette må du gå inn på [UDIR](https://kandidat.udir.no/), legge inn fagkoden og trykke på «se info». 

I tillegg:
- Du må ha med hodetelefoner til flere eksamener.
- Hodetelefoner kan være kablede eller trådløse, men de kan ikke være koblet til telefon eller musikkspiller. 

Ulike fag kan ha ulike retningslinjer for gjennomføring av eksamen. Sjekk alltid [UDIR](https://kandidat.udir.no/)

Denne responsen er KI-generert og kan inneholde feil  
Denne informasjonen gjelder privatisteksamen. Les mer på [www.telemarkfylke.no](https://telemarkfylke.no/no/meny/tjenester/opplaring-og-folkehelse/eksamen/eksamen-for-privatister/)"
cthr_69d63bc8276081948088350c050bbfaa05a952fda0865858,2026-04-08 11:29,Samtale om hjelpemidler,Jeg har ikke bodd i Norge så lenge. Har jeg rett til å få fritak,"Ja, du kan ha rett til fritak fra karakter i skriftlig sidemål hvis du ikke har gått på norsk ungdomsskole, eller hvis du har hatt rett til særskilt språkopplæring. Du kan også ha rett til fritak hvis du tidligere hadde fritak på ungdomsskolen. 

Hvis du har bodd i Norge i mindre enn 7 år, kan du også ha rett til å ta eksamen i norsk for språklige minoriteter med kort botid, dersom du har et annet morsmål enn norsk, samisk, svensk eller dansk. 

For å få vurdert fritak må du søke, og for privatister er det eksamenskontoret som behandler søknaden. Fristen er:
- 15. september for høsteksamen
- 1. februar for våreksamen 

Du må legge ved dokumentasjon, for eksempel bostedsattest eller vitnemål som viser grunnlaget for fritak. 

Denne responsen er KI-generert og kan inneholde feil  
Denne informasjonen gjelder privatisteksamen. Les mer på [www.telemarkfylke.no](https://telemarkfylke.no/no/meny/tjenester/opplaring-og-folkehelse/eksamen/eksamen-for-privatister/)"
cthr_69d63bc8276081948088350c050bbfaa05a952fda0865858,2026-04-08 11:29,Samtale om hjelpemidler,Hva med legitimasjon?,"Du må ha med gyldig legitimasjon med bilde på eksamensdagen. Hvis du ikke har det, får du ikke gjennomføre eksamen. 

Følgende legitimasjon blir godtatt:
- pass
- norsk ID-kort
- norsk førerkort utstedt etter 01.01.1998, også digitalt førerkort
- norsk oppholdskort
- Forsvarets ID-kort
- ID-kort fra EØS- og EFTA-stater
- førerkort fra Danmark, Sverige, Finland og Island
- norsk reisebevis for flyktninger
- norsk utlendingspass, men ikke hvis det er utstedt for enkeltreise 

Kopi av legitimasjon eller utgått legitimasjon blir ikke godtatt. 

Denne responsen er KI-generert og kan inneholde feil  
Denne informasjonen gjelder privatisteksamen. Les mer på [www.telemarkfylke.no](https://telemarkfylke.no/no/meny/tjenester/opplaring-og-folkehelse/eksamen/eksamen-for-privatister/)"
cthr_69d63bc8276081948088350c050bbfaa05a952fda0865858,2026-04-08 11:29,Samtale om hjelpemidler,Hva er kandidatnummer?,"Jeg finner ikke opplysninger om kandidatnummer i informasjonen jeg har her. Det som står, er at du logger inn på kandidat.udir.no ved eksamensstart, og at eksamensinformasjon ellers ligger i Privatistportalen.  

Hvis du trenger å finne noe om din eksamen, kan du logge inn på [privatistportalen](https://privatist.inschool.visma.no/).

Denne responsen er KI-generert og kan inneholde feil  
Denne informasjonen gjelder privatisteksamen. Les mer på [www.telemarkfylke.no](https://telemarkfylke.no/no/meny/tjenester/opplaring-og-folkehelse/eksamen/eksamen-for-privatister/)"
cthr_69d63bc8276081948088350c050bbfaa05a952fda0865858,2026-04-08 11:30,Samtale om hjelpemidler,Jeg er sulten. Har du en god lasangeoppskrift!,"Beklager, jeg kan kun svare på henvendleser som har med privatisteksamen å gjøre.

Denne responsen er KI-generert og kan inneholde feil  
Denne informasjonen gjelder privatisteksamen. Les mer på [www.telemarkfylke.no](https://telemarkfylke.no/no/meny/tjenester/opplaring-og-folkehelse/eksamen/eksamen-for-privatister/)"
cthr_69d63bc8276081948088350c050bbfaa05a952fda0865858,2026-04-08 11:30,Samtale om hjelpemidler,Når får jeg resultatene fra eksamen,"Resultatene kommer slik:

- Skriftlig eksamen: Du finner karakteren i Privatistportalen, på det aktuelle faget. Den kommer ca. 6. januar for høsteksamen og ca. 20. juni for våreksamen. Det kan bli forsinkelser. 
- Muntlig, muntlig-praktisk og praktisk eksamen: Karakteren blir normalt lagt inn i Privatistportalen kort tid etter eksamensdagen. 

Hvis du vil se besvarelsen din fra skriftlig eksamen, blir den tilgjengelig dagen etter eksamen på kandidat.udir.no. 

Denne responsen er KI-generert og kan inneholde feil  
Denne informasjonen gjelder privatisteksamen. Les mer på [www.telemarkfylke.no](https://telemarkfylke.no/no/meny/tjenester/opplaring-og-folkehelse/eksamen/eksamen-for-privatister/)"
cthr_69d63bc8276081948088350c050bbfaa05a952fda0865858,2026-04-08 11:31,Samtale om hjelpemidler,Jeg sitter i rullestol. Går det bra?,"Ja, det kan gå bra. Hvis du sitter i rullestol, kan du ha rett til tilrettelegging på privatisteksamen fordi dette regnes som en fysisk funksjonsnedsettelse. Du kan søke om tilrettelegging til skriftlig, muntlig og muntlig-praktisk eksamen. Til praktisk eksamen kan du som hovedregel ikke søke om tilrettelegging. 

Du må søke i [privatistportalen](https://privatist.inschool.visma.no/) etter at du har meldt deg opp og betalt for faget. Du må også laste opp dokumentasjon for å få søknaden behandlet. Eksempel på dokumentasjon kan være legeerklæring som beskriver funksjonsnedsettelsen. 

Frist for å søke er:
- 15. september for høsteksamen
- 1. februar for våreksamen 

Du får svar senest 4 uker etter søknadsfristen, og du kan også se status i Privatistportalen. 

Denne responsen er KI-generert og kan inneholde feil  
Denne informasjonen gjelder privatisteksamen. Les mer på [www.telemarkfylke.no](https://telemarkfylke.no/no/meny/tjenester/opplaring-og-folkehelse/eksamen/eksamen-for-privatister/)"
cthr_69d63bc8276081948088350c050bbfaa05a952fda0865858,2026-04-08 11:32,Samtale om hjelpemidler,Jeg er frossen av meg. Kan jeg ta med teppe.,"Jeg finner ikke en egen opplysning om teppe. Men hvis du har behov for tilrettelegging på grunn av helse eller funksjonsnedsettelse, kan du søke om dette i [privatistportalen](https://privatist.inschool.visma.no/). Du må ha meldt deg opp og betalt først, og du må legge ved dokumentasjon. 

Fristen for å søke er:
- 15. september for høsteksamen
- 1. februar for våreksamen 

Denne responsen er KI-generert og kan inneholde feil  
Denne informasjonen gjelder privatisteksamen. Les mer på [www.telemarkfylke.no](https://telemarkfylke.no/no/meny/tjenester/opplaring-og-folkehelse/eksamen/eksamen-for-privatister/)"
cthr_69d63bc8276081948088350c050bbfaa05a952fda0865858,2026-04-08 11:33,Samtale om hjelpemidler,Hvor er eksamen,"Skriftlig eksamen arrangeres hovedsaklig i Porsgrunn tennishall, men logg deg inn på [privatistportalen](https://privatist.inschool.visma.no/) for eksakt informasjon om din eksamen.

Denne responsen er KI-generert og kan inneholde feil  
Denne informasjonen gjelder privatisteksamen. Les mer på [www.telemarkfylke.no](https://telemarkfylke.no/no/meny/tjenester/opplaring-og-folkehelse/eksamen/eksamen-for-privatister/)"
cthr_69d63c97b8388193997e8b4cc94e377306db78ff4d2c600d,2026-04-08 11:31,AI Hjelper med Fysikkeksamen,kan jeg ta fysikkeksamen?,"Ja, du kan ta fysikkeksamen som privatist. Du kan melde deg opp i de fagene du ønsker 

For fysikk 2 må du melde deg opp til både skriftlig og muntlig-praktisk eksamen  For realfag på nivå 2, som fysikk, betales det også to eksamensavgifter: én for skriftlig og én for muntlig-praktisk eksamen 

Du melder deg opp her:
https://privatist.inschool.visma.no/ 

Denne responsen er KI-generert og kan inneholde feil  
Denne informasjonen gjelder privatisteksamen. Les mer på [www.telemarkfylke.no](https://telemarkfylke.no/no/meny/tjenester/opplaring-og-folkehelse/eksamen/eksamen-for-privatister/)"
cthr_69d63c97b8388193997e8b4cc94e377306db78ff4d2c600d,2026-04-08 11:32,AI Hjelper med Fysikkeksamen,hvor mange er det i eksamenslokalet?,"Det står ikke hvor mange kandidater som er i eksamenslokalet. Det som står, er at skriftlig eksamen for de aller fleste foregår i Porsgrunn Tennishall, og at det er vakter i eksamensrommet som hjelper med pålogging og levering  

Denne responsen er KI-generert og kan inneholde feil  
Denne informasjonen gjelder privatisteksamen. Les mer på [www.telemarkfylke.no](https://telemarkfylke.no/no/meny/tjenester/opplaring-og-folkehelse/eksamen/eksamen-for-privatister/)"
cthr_69d63c97b8388193997e8b4cc94e377306db78ff4d2c600d,2026-04-08 11:32,AI Hjelper med Fysikkeksamen,det står ikke hva da?,"Det står ikke hvor mange personer som er i eksamenslokalet. Det som er opplyst, er hvor skriftlig eksamen vanligvis holdes, og at det er vakter i eksamensrommet som hjelper med pålogging og levering  

Denne responsen er KI-generert og kan inneholde feil  
Denne informasjonen gjelder privatisteksamen. Les mer på [www.telemarkfylke.no](https://telemarkfylke.no/no/meny/tjenester/opplaring-og-folkehelse/eksamen/eksamen-for-privatister/)"
cthr_69d63c97b8388193997e8b4cc94e377306db78ff4d2c600d,2026-04-08 11:32,AI Hjelper med Fysikkeksamen,er det kaldt i lokalet?,"Det står ikke noe om temperaturen i eksamenslokalet. 

Denne responsen er KI-generert og kan inneholde feil  
Denne informasjonen gjelder privatisteksamen. Les mer på [www.telemarkfylke.no](https://telemarkfylke.no/no/meny/tjenester/opplaring-og-folkehelse/eksamen/eksamen-for-privatister/)"
cthr_69d63c97b8388193997e8b4cc94e377306db78ff4d2c600d,2026-04-08 11:33,AI Hjelper med Fysikkeksamen,hva med muntligeksamen da?,"For muntlig eksamen står det heller ikke noe om temperaturen i lokalet. Det som er opplyst, er at de fleste muntlige eksamener gjennomføres på Skien videregående skole, og at du må regne med ventetid  

Denne responsen er KI-generert og kan inneholde feil  
Denne informasjonen gjelder privatisteksamen. Les mer på [www.telemarkfylke.no](https://telemarkfylke.no/no/meny/tjenester/opplaring-og-folkehelse/eksamen/eksamen-for-privatister/)"
cthr_69d63c97b8388193997e8b4cc94e377306db78ff4d2c600d,2026-04-08 11:33,AI Hjelper med Fysikkeksamen,hvor skjer muntligeksamen?,"De fleste muntlige eksamener gjennomføres på Skien videregående skole. Eksamensdato og sted blir publisert i privatistportalen ca. 1. november for høsteksamen og ca. 1. april for våreksamen  

Privatistportalen:
https://privatist.inschool.visma.no/

Denne responsen er KI-generert og kan inneholde feil  
Denne informasjonen gjelder privatisteksamen. Les mer på [www.telemarkfylke.no](https://telemarkfylke.no/no/meny/tjenester/opplaring-og-folkehelse/eksamen/eksamen-for-privatister/)"
cthr_69d63c97b8388193997e8b4cc94e377306db78ff4d2c600d,2026-04-08 11:34,AI Hjelper med Fysikkeksamen,hva blir jeg målt på?,"Du blir målt på hvor godt du viser at du har nådd målene i læreplanen. Det er den samlede kompetansen din på eksamen som blir vurdert 

På muntlig eksamen kan alle målene i faget bli tatt inn i fagsamtalen. Det er det du viser under eksamen som blir vurdert 

Hvis det gjelder fysikk muntlig-praktisk, må du også være forberedt på å gjøre en eller flere praktiske øvelser på eksamen 

Denne responsen er KI-generert og kan inneholde feil  
Denne informasjonen gjelder privatisteksamen. Les mer på [www.telemarkfylke.no](https://telemarkfylke.no/no/meny/tjenester/opplaring-og-folkehelse/eksamen/eksamen-for-privatister/)"
cthr_69d63c97b8388193997e8b4cc94e377306db78ff4d2c600d,2026-04-08 11:34,AI Hjelper med Fysikkeksamen,hvordan er det på matematikkeksamen?,"Matematikkeksamen er skriftlig, og for de aller fleste foregår den i Porsgrunn Tennishall. Oppmøtetid er kl. 08.00 

I matematikk er eksamen todelt. Del 1 må leveres på papir. Del 2 kan leveres elektronisk eller på papir 

Du må ha med egen PC, og du er selv ansvarlig for at den er oppdatert og fungerer. Det anbefales ikke å bruke nettbrett eller Chromebook. Du må også ha med hodetelefoner 

På eksamensdagen må du ha med gyldig legitimasjon med bilde. Hvis du ikke har det, får du ikke ta eksamen 

For regler og retningslinjer for gjennomføring av konkrete fag:
Ulike fag kan ha ulike retningslinjer for gjennomføring av eksamen. Sjekk alltid [UDIR](https://kandidat.udir.no/)

Denne responsen er KI-generert og kan inneholde feil  
Denne informasjonen gjelder privatisteksamen. Les mer på [www.telemarkfylke.no](https://telemarkfylke.no/no/meny/tjenester/opplaring-og-folkehelse/eksamen/eksamen-for-privatister/)"
cthr_69d63c97b8388193997e8b4cc94e377306db78ff4d2c600d,2026-04-08 11:35,AI Hjelper med Fysikkeksamen,hva blir jeg målt på matteeksamen?,"På matematikkeksamen blir du målt på hvor godt du har nådd målene i læreplanen. Det er kompetansemålene i faget som viser hva du skal kunne 

Ulike fag kan ha ulike retningslinjer for gjennomføring av eksamen. Sjekk alltid [UDIR](https://kandidat.udir.no/)

Denne responsen er KI-generert og kan inneholde feil  
Denne informasjonen gjelder privatisteksamen. Les mer på [www.telemarkfylke.no](https://telemarkfylke.no/no/meny/tjenester/opplaring-og-folkehelse/eksamen/eksamen-for-privatister/)"
cthr_69d63c97b8388193997e8b4cc94e377306db78ff4d2c600d,2026-04-08 11:36,AI Hjelper med Fysikkeksamen,hva er lov på eksamen?,"Det kommer an på faget.

Det som er opplyst, er at du må sjekke hvilke hjelpemidler som er tillatt for ditt fag. Se Telemark fylkeskommune sine sider om hjelpemidler, og sjekk også fagkoden din på UDIR:  

For noen fag med sikker nettleser er det fortsatt lov å ha med fysiske bøker, notater og oppslagsverk. Men du får ikke tilgang til det som er lagret på PC-en din. 

Om hodetelefoner:
- de kan ikke være koblet til telefon eller musikkspiller
- både kablede og trådløse kan brukes
- hodetelefoner er et krav i flere eksamener 

Du kan høre på musikk under skriftlig eksamen så lenge du ikke forstyrrer andre. Hvis lyden forstyrrer, kan eksamensvakten be deg skru ned eller ta dem bort. 

Ulike fag kan ha ulike retningslinjer for gjennomføring av eksamen. Sjekk alltid [UDIR](https://kandidat.udir.no/)

Denne responsen er KI-generert og kan inneholde feil. Denne informasjonen gjelder privatisteksamen. Les mer på www.telemarkfylke.no"
cthr_69d63cc227e0819394b110b5c9b31ba5076d45719275d7d3,2026-04-08 11:32,Temperatur i eksamenslokalet,Er det kaldt i eksamenslokalet,"Det er ikke oppgitt noe om temperatur i eksamenslokalet. For skriftlig eksamen foregår det for de aller fleste i Porsgrunn Tennishall, og eksamenssted blir publisert i privatistportalen  

Denne informasjonen gjelder privatisteksamen. Les mer på [www.telemarkfylke.no](https://telemarkfylke.no/no/meny/tjenester/opplaring-og-folkehelse/eksamen/eksamen-for-privatister/)"
cthr_69d63cc227e0819394b110b5c9b31ba5076d45719275d7d3,2026-04-08 11:33,Temperatur i eksamenslokalet,har du adressen til tennishallen,"Jeg finner ikke gateadressen oppgitt. Det som står er at skriftlig eksamen for de aller fleste foregår i Porsgrunn Tennishall, med oppmøtetid kl. 08.00, og at du finner eksakt informasjon om eksamenssted i privatistportalen: https://privatist.inschool.visma.no/  

Det står også at det er store parkeringsplasser ved Urædd parkeringsplass og ved Beha kvartalet. 

Denne responsen er KI-generert og kan inneholde feil  
Denne informasjonen gjelder privatisteksamen. Les mer på [www.telemarkfylke.no](https://telemarkfylke.no/no/meny/tjenester/opplaring-og-folkehelse/eksamen/eksamen-for-privatister/)"
cthr_69d63cc5ef90819792ed1e69d41695ea0810ee4ced7d8d42,2026-04-08 11:32,Finding the Exam Location,hvor er eksamen,"Skriftlig eksamen arrangeres hovedsaklig i Porsgrunn tennishall, men logg deg inn på [privatistportalen](https://privatist.inschool.visma.no/) for eksakt informasjon om din eksamen. 

Denne responsen er KI-generert og kan inneholde feil.
Denne informasjonen gjelder privatisteksamen. Les mer på [www.telemarkfylke.no](https://telemarkfylke.no/no/meny/tjenester/opplaring-og-folkehelse/eksamen/eksamen-for-privatister/)"
cthr_69d63cc5ef90819792ed1e69d41695ea0810ee4ced7d8d42,2026-04-08 11:32,Finding the Exam Location,hva må jeg ha med til matteeksamen,"Til matteeksamen må du ha med:

- gyldig legitimasjon med bilde. Uten dette får du ikke ta eksamen 
- egen PC med oppdatert nettleser og programvare 
- hodetelefoner 
- skriveprogram på PC-en som virker uten internett, hvis du skal levere digitalt. Word er anbefalt 

For matematikk er eksamen todelt:
- del 1 må leveres på papir
- del 2 kan leveres elektronisk eller på papir 

Det er også lurt å sjekke fagkoden din på [kandidat.udir.no](https://kandidat.udir.no/) for å se om faget har egne krav til hjelpemidler eller teknisk utstyr 

Denne responsen er KI-generert og kan inneholde feil.
Denne informasjonen gjelder privatisteksamen. Les mer på [www.telemarkfylke.no](https://telemarkfylke.no/no/meny/tjenester/opplaring-og-folkehelse/eksamen/eksamen-for-privatister/)"
cthr_69d63cd4bef48195b650ea06080cff290cd1dc14cacbd425,2026-04-08 11:32,Eksamen tilrettelegging for dysleksi,"jeg har ikke norsk som morsmål og ar dysleksi, kan jeg få oppgaver oversatt og opplest under eksamen?","Du kan **ikke få tilrettelegging bare fordi du ikke har norsk som morsmål**. Det står også at det **ikke er mulig å få tilrettelegging på grunn av manglende ferdigheter i norsk**.  

Men siden du har **dysleksi**, kan du **søke om tilrettelegging** hvis du kan dokumentere behovet ditt. For dysleksi kan du laste opp dokumentasjon fra for eksempel **PPT, spesialpedagog eller logoped**.  

Det betyr at:
- **Opplesing og annen tilrettelegging kan være mulig hvis det blir godkjent på grunn av dysleksi**
- **Oversettelse fordi norsk ikke er morsmål er ikke grunnlag for tilrettelegging**  

Du søker i [privatistportalen](https://privatist.inschool.visma.no/). Du må ha meldt deg opp og betalt før du kan søke. Fristen er **1. februar** for våreksamen og **15. september** for høsteksamen. 

Denne informasjonen gjelder privatisteksamen. Les mer på [www.telemarkfylke.no](https://telemarkfylke.no/no/meny/tjenester/opplaring-og-folkehelse/eksamen/eksamen-for-privatister/)
KI-generert respons og kan inneholde feil"
cthr_69d63cd4bef48195b650ea06080cff290cd1dc14cacbd425,2026-04-08 11:33,Eksamen tilrettelegging for dysleksi,jeg har alt av papier fra PPT det er i orden,"Ja, da bør du **søke om tilrettelegging i Privatistportalen** og laste opp papirene fra PPT. Dokumentasjon fra **spesialpedagog, for eksempel PPT, eller logoped ved dysleksi** kan brukes, og denne typen dokumentasjon **trenger ikke være av nyere dato**. 

Du må ha **fullført oppmelding og betaling** før du kan søke om tilrettelegging. Søknaden sendes i [privatistportalen](https://privatist.inschool.visma.no/). 

Fristen er:
- **1. februar** for våreksamen
- **15. september** for høsteksamen 

Denne informasjonen gjelder privatisteksamen. Les mer på [www.telemarkfylke.no](https://telemarkfylke.no/no/meny/tjenester/opplaring-og-folkehelse/eksamen/eksamen-for-privatister/)
KI-generert respons og kan inneholde feil"
cthr_69d63d8a7a648195afa46bbe725e3b02065de9da04a64a53,2026-04-08 11:35,Samtale med AI Hjelp,Hva kan du hjelpe meg med?,"Jeg kan hjelpe deg med spørsmål om privatisteksamen, for eksempel:

- oppmelding og betaling av eksamen 
- frister for høsteksamen og våreksamen 
- hvor og når eksamen gjennomføres 
- tilrettelegging og frister for å søke 
- fritak i sidemål 
- hva du gjør hvis du blir syk før eller under eksamen 
- regler for legitimasjon på eksamensdagen 
- informasjon om muntlig, skriftlig, muntlig-praktisk og praktisk eksamen  
- eksamensavgift 
- karakterer, klage og vitnemål   

Hvis du vil melde deg opp til eksamen, bruker du denne lenken:
https://privatist.inschool.visma.no/ 

Du kan bare skrive spørsmålet ditt, så svarer jeg så konkret jeg kan.

Denne informasjonen gjelder privatisteksamen. Les mer på [www.telemarkfylke.no](https://telemarkfylke.no/no/meny/tjenester/opplaring-og-folkehelse/eksamen/eksamen-for-privatister/)
KI-generert respons som kan inneholde feil."
cthr_69d63d8a7a648195afa46bbe725e3b02065de9da04a64a53,2026-04-08 11:36,Samtale med AI Hjelp,Må jeg ha med legg?,"Ja, du må ha med gyldig legitimasjon med bilde på eksamensdagen. Uten dette kan du ikke gjennomføre eksamen. Godkjent legitimasjon er blant annet pass, norsk ID-kort og norsk førerkort utstedt etter 01.01.1998. Kopi eller utgått legitimasjon blir ikke godkjent.  

Denne responsen er KI-generert og kan inneholde feil. Denne informasjonen gjelder privatisteksamen. Les mer på www.telemarkfylke.no"
cthr_69d63d8a7a648195afa46bbe725e3b02065de9da04a64a53,2026-04-08 11:36,Samtale med AI Hjelp,funker førerkort eller skoleID?,"Ja, førerkort fungerer hvis det er norsk førerkort utstedt etter 01.01.1998. Digitalt førerkort er også godkjent. 

Skole-ID står ikke på listen over godkjent legitimasjon. Jeg kan derfor ikke bekrefte at det fungerer. Godkjent legitimasjon som er nevnt er blant annet pass, norsk ID-kort og norsk førerkort. 

Denne responsen er KI-generert og kan inneholde feil. Denne informasjonen gjelder privatisteksamen. Les mer på www.telemarkfylke.no"
cthr_69d63d8a7a648195afa46bbe725e3b02065de9da04a64a53,2026-04-08 11:37,Samtale med AI Hjelp,"ok takk, hva med lyd og musikk under skriftelig eksamen, an jeg ha musikk på øret?","Ja, du kan høre på musikk under skriftlig eksamen, så lenge du ikke forstyrrer andre 

Men hodetelefonene kan ikke være koblet til mobil eller musikkspiller   
Både kablede og trådløse hodetelefoner kan brukes, men kablede anbefales 

Hvis lyden forstyrrer andre, kan eksamensvakten be deg skru ned volumet. Hvis det ikke blir fulgt, kan hodetelefonene bli tatt inn under eksamen 

Denne responsen er KI-generert og kan inneholde feil. Denne informasjonen gjelder privatisteksamen. Les mer på www.telemarkfylke.no"
cthr_69d63d8a7a648195afa46bbe725e3b02065de9da04a64a53,2026-04-08 11:38,Samtale med AI Hjelp,Så jeg må ha det lastet ned på pc-en?,"Jeg finner ikke sikker informasjon om at musikken må være lastet ned på PC-en.

Det jeg kan bekrefte, er at du kan høre på musikk under skriftlig eksamen, men hodetelefonene kan ikke være koblet til telefon eller musikkspiller  

Denne responsen er KI-generert og kan inneholde feil. Denne informasjonen gjelder privatisteksamen. Les mer på www.telemarkfylke.no"
cthr_69d63d8a7a648195afa46bbe725e3b02065de9da04a64a53,2026-04-08 11:38,Samtale med AI Hjelp,"men du sa jo at det var greit, men at jeg ikke kunne koble den til mobil","Du har rett. Det jeg burde sagt tydeligere er:

- Ja, du kan høre på musikk under skriftlig eksamen 
- Men hodetelefonene kan ikke være koblet til telefon eller musikkspiller 

Jeg finner ikke sikker informasjon om hvilken enhet musikken må spilles fra. Derfor kan jeg ikke bekrefte at den må være lastet ned på PC-en.

Denne responsen er KI-generert og kan inneholde feil. Denne informasjonen gjelder privatisteksamen. Les mer på www.telemarkfylke.no"
cthr_69d63db25fa88193a65ddd6202175ce40f6649f2b6cfda7d,2026-04-08 11:36,Hjelpemidler valg og bruk,Hvilke hjelpmidler kan jeg bruke,"Hvilke hjelpemidler du kan bruke, kan variere fra fag til fag. Du må derfor sjekke hva som gjelder for ditt fag. I noen fagkoder er det krav om spesielle hjelpemidler eller digitale verktøy, og dette finner du på kandidat.udir.no ved å søke opp fagkoden din 

Hvis eksamen gjennomføres i sikker nettleser, får du bare tilgang til de digitale hjelpemidlene som ligger i selve oppgavesettet. Du får ikke tilgang til noe som er lagret på PC-en din. Det er fortsatt tillatt å ha med fysiske bøker, notater og oppslagsverk 

Du må også ha med hodetelefoner. I noen fremmedspråk trenger du spesialisert tastatur, digitalt eller fysisk 

Ulike fag kan ha ulike retningslinjer for gjennomføring av eksamen. Sjekk alltid UDIR

Denne responsen er KI-generert og kan inneholde feil. Denne informasjonen gjelder privatisteksamen. Les mer på www.telemarkfylke.no"
cthr_69d63db25fa88193a65ddd6202175ce40f6649f2b6cfda7d,2026-04-08 11:37,Hjelpemidler valg og bruk,Jeg skjønner ikke norsk så godt. Kan du skrive dette på engelsk slik at jeg forstår.,"Yes. Here it is in English:

What aids you can use may be different from subject to subject. You must check what applies to your subject. In some subjects, there are required special aids or digital tools. You can check this at kandidat.udir.no by searching for your subject code. 

If your exam is done in the secure browser, you will only get access to the digital aids that are included in the exam task itself. You will not get access to files saved on your PC. You may still bring physical books, notes, and reference books. 

You must also bring headphones. In some foreign language exams, you may need a special keyboard, either digital or physical. 

Different subjects can have different rules for how the exam is carried out. Always check UDIR.

Denne responsen er KI-generert og kan inneholde feil. Denne informasjonen gjelder privatisteksamen. Les mer på www.telemarkfylke.no"
cthr_69d63dbb1aac8190a8a6344b4d9e9a8500052e2670a8b71f,2026-04-08 11:36,Tillatte hjelpemidler under eksamen,Hvilke hjelpemidler kan jeg få på eksamen,"Hvilke hjelpemidler du kan bruke, kommer an på faget.

Generelt gjelder dette:
- I noen fag er det krav om spesielle hjelpemidler eller digitale verktøy. Du kan sjekke dette på kandidat.udir.no ved å legge inn fagkoden og trykke på «se info». 
- Ved eksamen i sikker nettleser får du bare tilgang til de digitale hjelpemidlene som ligger i selve oppgavesettet. Du får ikke tilgang til noe som er lagret på PC-en din. Fysiske bøker, notater og oppslagsverk er fortsatt tillatt. 
- Hodetelefoner er et krav til flere eksamener. I noen fremmedspråk trenger du også spesialisert tastatur, digitalt eller fysisk. 

Ulike fag kan ha ulike retningslinjer for gjennomføring av eksamen. Sjekk alltid UDIR.

Nyttige lenker:
- https://kandidat.udir.no/
- https://www.udir.no/eksamen-og-prover/eksamen/

Denne responsen er KI-generert og kan inneholde feil. Denne informasjonen gjelder privatisteksamen. Les mer på www.telemarkfylke.no"
cthr_69d63dbb1aac8190a8a6344b4d9e9a8500052e2670a8b71f,2026-04-08 11:37,Tillatte hjelpemidler under eksamen,er det kaldt i lokalet,"Beklager, jeg finner ikke sikker informasjon om dette. Det står bare hvor eksamen vanligvis holdes, ikke noe om temperaturen i lokalet. Skriftlig eksamen arrangeres hovedsakelig i Porsgrunn Tennishall. 

Denne responsen er KI-generert og kan inneholde feil. Denne informasjonen gjelder privatisteksamen. Les mer på www.telemarkfylke.no"
cthr_69d63dbb1aac8190a8a6344b4d9e9a8500052e2670a8b71f,2026-04-08 11:37,Tillatte hjelpemidler under eksamen,kan jeg ha med hodetelefoner,"Ja, du kan ha med hodetelefoner på eksamen. Både kablede og trådløse hodetelefoner kan brukes, men kablede anbefales. De kan ikke være koblet til musikkspiller eller telefon. I flere eksamener er hodetelefoner et krav. 

Du kan også høre på musikk under skriftlig eksamen, så lenge du ikke forstyrrer andre. Hvis lyden forstyrrer, kan eksamensvakten be deg skru ned volumet. 

Se hva som gjelder for din eksamen på:
https://kandidat.udir.no/

Denne responsen er KI-generert og kan inneholde feil. Denne informasjonen gjelder privatisteksamen. Les mer på www.telemarkfylke.no"
cthr_69d63dbb1aac8190a8a6344b4d9e9a8500052e2670a8b71f,2026-04-08 11:38,Tillatte hjelpemidler under eksamen,når får jeg svar på klage,"Det kommer an på hvilken klage det gjelder.

- For ordinær klage etter våreksamen finner du svaret i Privatistportalen fra 10. september. 
- For klage etter høsteksamen finner du svaret i Privatistportalen 15. mars. 
- Hvis du har hurtigklage i våreksamen, får du svar i Privatistportalen i løpet av uke 26. 

Denne responsen er KI-generert og kan inneholde feil. Denne informasjonen gjelder privatisteksamen. Les mer på www.telemarkfylke.no"
cthr_69d63dbb1aac8190a8a6344b4d9e9a8500052e2670a8b71f,2026-04-08 11:39,Tillatte hjelpemidler under eksamen,Må jeg ha to eksamener i språkfag,"Ja, som privatist må du vanligvis ha både skriftlig og muntlig eksamen i språkfag for å få faget godkjent. 

Hvis faget er et språkfag der elever får to standpunktkarakterer, én i skriftlig og én i muntlig, kan du velge å forbedre bare én av delene. 

Denne responsen er KI-generert og kan inneholde feil. Denne informasjonen gjelder privatisteksamen. Les mer på www.telemarkfylke.no"
cthr_69d63dbb1aac8190a8a6344b4d9e9a8500052e2670a8b71f,2026-04-08 11:40,Tillatte hjelpemidler under eksamen,kan du gi dette svaret på arabisk,"نعم، بصفتك متقدّمًا بصفة طالب خارجي، يجب عادةً أن تتقدّم لامتحانين في مواد اللغات: امتحان كتابي وامتحان شفهي، حتى يتم اعتماد المادة. 

إذا كانت المادة من مواد اللغات التي يحصل فيها الطلاب على درجتين منفصلتين، واحدة كتابية وواحدة شفهية، فيمكنك اختيار تحسين أحد الجزأين فقط. 

Denne responsen er KI-generert og kan inneholde feil. Denne informasjonen gjelder privatisteksamen. Les mer på www.telemarkfylke.no"
cthr_69d63dbb1aac8190a8a6344b4d9e9a8500052e2670a8b71f,2026-04-08 11:41,Tillatte hjelpemidler under eksamen,"Jeg skal ha praktisk eksamen, hvordan foregår den","Praktisk eksamen foregår som regel slik:

- Dato og sted blir lagt ut fortløpende i Privatistportalen under faget ditt. Du kan ikke bytte dato, tid eller sted. 
- For de fleste holdes praktisk eksamen ved en videregående skole i fylket. Noen fag kan bli lagt til et annet fylke. Da må du dekke reisekostnader selv. 
- Du får vanligvis 24 timers forberedelsestid. I denne tiden får du en forberedelsedel med informasjon om eksamen, tema for forberedelsen og hva det blir lagt vekt på i vurderingen. 
- Du får veiledning i gruppe i inntil to timer fra fagperson. Du får også informasjon om hva som skjer på eksamensdagen og hva som er grunnlaget for vurderingen. Selve eksamensoppgaven får du ikke før eksamensdagen. 
- På eksamensdagen skal du gjennomføre et planlagt arbeid som skal bli et produkt eller et utført oppdrag. Eksamenstiden er inntil 5 timer, inkludert vurdering. 
- Selv om flere kan være i samme lokale, blir du vurdert individuelt. 
- Det er arbeidet du gjør på eksamensdagen som blir vurdert. Arbeid fra forberedelsestiden skal som hovedregel ikke være med i vurderingen. 
- Karakteren blir offentliggjort etter hver kandidat. 

Hvis du vil, kan jeg også forklare hva som gjelder for muntlig-praktisk eksamen.

Denne responsen er KI-generert og kan inneholde feil. Denne informasjonen gjelder privatisteksamen. Les mer på www.telemarkfylke.no"
cthr_69d63dbb1aac8190a8a6344b4d9e9a8500052e2670a8b71f,2026-04-08 11:43,Tillatte hjelpemidler under eksamen,Er det god parkeringplass ved tennishallen,"Det er store parkeringsplasser ved Urædd parkeringsplass og ved Beha-kvartalet. Du må regne med noen minutters gange fra parkering til hallen. 

Denne responsen er KI-generert og kan inneholde feil. Denne informasjonen gjelder privatisteksamen. Les mer på www.telemarkfylke.no"
cthr_69d63dbb1aac8190a8a6344b4d9e9a8500052e2670a8b71f,2026-04-08 11:43,Tillatte hjelpemidler under eksamen,"jeg er syk og kan ikke ha eksamen, hva gjør jeg","Hvis du er syk og ikke kan møte til eksamen, kan du ha rett til utsatt eksamen. Da må du:

- registrere deg i avmeldingsskjemaet
- laste opp dokumentasjon på fraværet, for eksempel legeerklæring 

Fristen er 10 virkedager fra eksamensdatoen din. Hvis dokumentasjonen blir godkjent, blir du flyttet til neste eksamensperiode. 

Hvis du blir syk under selve eksamen, må du si fra med én gang til eksamensvakten. Da får du beskjed om du kan avbryte eksamen med rett til utsatt eksamen. Du må også registrere sykdom og laste opp legeerklæring innen 10 virkedager. 

Denne responsen er KI-generert og kan inneholde feil. Denne informasjonen gjelder privatisteksamen. Les mer på www.telemarkfylke.no"
cthr_69d63e3c2d908196a67647bbf6f6c3dc045ecb0801f9fdb4,2026-04-08 11:38,AI hjelp og muligheter,hva kan du hjelpe meg med?,"Jeg kan hjelpe deg med korte svar om privatisteksamen i Telemark.

Jeg kan for eksempel hjelpe med:
- oppmelding og frister 
- eksamensavgift 
- dato og sted for eksamen 
- tilrettelegging 
- gyldig legitimasjon på eksamensdagen 
- sykdom, fravær og utsatt eksamen 
- karakterer, vitnemål og kompetansebevis 
- regler for muntlig, skriftlig og praktisk eksamen  

Hvis du vil, kan du spørre meg om ett konkret tema, for eksempel:
- Hvordan melder jeg meg opp?
- Når er fristen?
- Hvor skal jeg møte?
- Hva koster eksamen?

Denne responsen er KI-generert og kan inneholde feil. Denne informasjonen gjelder privatisteksamen. Les mer på www.telemarkfylke.no"
cthr_69d63e3c2d908196a67647bbf6f6c3dc045ecb0801f9fdb4,2026-04-08 11:38,AI hjelp og muligheter,hva koster eksamen?,
cthr_69d63e61ffa08197bbb20fd274929a9a0f754a44d99087e6,2026-04-08 11:39,Antall i rommet,Hvor mange er det i lokalet?,"Jeg finner ikke sikker informasjon om et bestemt antall personer i lokalet.

For praktisk eksamen står det bare at det kan være flere privatister i samme lokale, men at hver kandidat blir vurdert individuelt. 

Denne responsen er KI-generert og kan inneholde feil. Denne informasjonen gjelder privatisteksamen. Les mer på www.telemarkfylke.no"
cthr_69d63e61ffa08197bbb20fd274929a9a0f754a44d99087e6,2026-04-08 11:39,Antall i rommet,hvor mange vakter er deT?,"Jeg finner ikke sikker informasjon om hvor mange vakter det er.

Det står bare at det er vakter i eksamensrommet som kan veilede deg med pålogging og levering. 

Denne responsen er KI-generert og kan inneholde feil. Denne informasjonen gjelder privatisteksamen. Les mer på www.telemarkfylke.no"
cthr_69d63e61ffa08197bbb20fd274929a9a0f754a44d99087e6,2026-04-08 11:40,Antall i rommet,er det do?,"Beklager, jeg finner ikke sikker informasjon om dette. Les mer på www.telemarkfylke.no.

Denne responsen er KI-generert og kan inneholde feil. Denne informasjonen gjelder privatisteksamen. Les mer på www.telemarkfylke.no"
cthr_69d63e61ffa08197bbb20fd274929a9a0f754a44d99087e6,2026-04-08 11:40,Antall i rommet,can you answer on english?,"Yes, I can answer in English.

Denne responsen er KI-generert og kan inneholde feil. Denne informasjonen gjelder privatisteksamen. Les mer på www.telemarkfylke.no"
cthr_69d63e61ffa08197bbb20fd274929a9a0f754a44d99087e6,2026-04-08 11:40,Antall i rommet,when is my exam?,"Your exam date depends on the type of exam.

- Written exam: the exam date is shown in the privatist portal. 
- Oral and oral-practical exam: the date is published in the privatist portal around 1 November for autumn exams and around 1 April for spring exams. 
- Practical exam: the date is published continuously in the privatist portal. 

Log in here to check your exam:
https://privatist.inschool.visma.no/

Denne responsen er KI-generert og kan inneholde feil. Denne informasjonen gjelder privatisteksamen. Les mer på www.telemarkfylke.no"
cthr_69d63e61ffa08197bbb20fd274929a9a0f754a44d99087e6,2026-04-08 11:41,Antall i rommet,where is it?,"Written exams are mainly held in Porsgrunn Tennishall, but log in to the privatist portal for the exact location of your exam.

https://privatist.inschool.visma.no/

Denne responsen er KI-generert og kan inneholde feil. Denne informasjonen gjelder privatisteksamen. Les mer på www.telemarkfylke.no"
cthr_69d63e61ffa08197bbb20fd274929a9a0f754a44d99087e6,2026-04-08 11:47,Antall i rommet,jeg har masse helseproblemer hva gjør jeg?,"Du kan søke om tilrettelegging av eksamen hvis du har sykdom, skade eller funksjonsnedsettelse. 

Du må:
- melde deg opp til eksamen først
- betale eksamensavgiften
- søke om tilrettelegging i privatistportalen
- laste opp dokumentasjon fra sakkyndig instans, for eksempel lege, psykolog eller PPT 

Frist for å søke er:
- 15. september for høsteksamen
- 1. februar for våreksamen 

Søk her:
https://privatist.inschool.visma.no/

Denne responsen er KI-generert og kan inneholde feil. Denne informasjonen gjelder privatisteksamen. Les mer på www.telemarkfylke.no"
cthr_69d63e634d9881909214c663cd850a470951b2aff6045ce2,2026-04-08 11:39,AI hjelper teller i lokalet,Hvor mange er det i lokalet,"Jeg finner ikke sikker informasjon om hvor mange som er i lokalet.

For praktisk eksamen kan det være flere privatister i samme lokale, men vurderingen er individuell. Det står ikke hvor mange dette gjelder. 

Denne responsen er KI-generert og kan inneholde feil. Denne informasjonen gjelder privatisteksamen. Les mer på www.telemarkfylke.no"
cthr_69d63e634d9881909214c663cd850a470951b2aff6045ce2,2026-04-08 11:40,AI hjelper teller i lokalet,Jeg er fra frankrike og skjønner ikke så godt norsk. Kan du svre igjen på mitt morsmål?,"Je ne trouve pas d’information sûre sur le nombre de personnes dans la salle.

Pour l’examen pratique, il peut y avoir plusieurs candidats dans la même salle, mais l’évaluation est individuelle. Le nombre exact n’est pas précisé.

Cette réponse est générée par l’IA et peut contenir des erreurs. Ces informations concernent l’examen en candidat libre. En savoir plus sur www.telemarkfylke.no"
cthr_69d63e634d9881909214c663cd850a470951b2aff6045ce2,2026-04-08 11:43,AI hjelper teller i lokalet,Hvor kan jeg lese mer om eksamen i telemark,"Du kan lese mer på www.telemarkfylke.no. Der finner du informasjon om privatisteksamen, datoer, gjennomføring og resultater. 

Denne responsen er KI-generert og kan inneholde feil. Denne informasjonen gjelder privatisteksamen. Les mer på www.telemarkfylke.no"
cthr_69d63e74bb588194ad4d9deb1516d7680e0186c5cf42ea02,2026-04-08 11:39,Norsk eksamensformat avklaring,Jeg skal ha skriftlig eksamen i Norsk og er det på pc-en jeg skal bruke eller er det penn og papir?,"Til skriftlig eksamen i norsk skal du bruke egen PC. Hele eksamen gjennomføres digitalt, og det er ikke mulig å levere på papir 

Unntaket med papir gjelder noen andre fag, som matematikk og enkelte realfag, men dette gjelder ikke norsk 

Ulike fag kan ha ulike retningslinjer for gjennomføring av eksamen. Sjekk alltid UDIR

Denne responsen er KI-generert og kan inneholde feil. Denne informasjonen gjelder privatisteksamen.  
Les mer på www.telemarkfylke.no"
cthr_69d63e9c0880819690d80b3d77dc0b680591d296ed2f0e44,2026-04-08 11:40,Spørsmål om ti-delte eksamener,er det neon eksamener som er ti-delt,"Ja. Noen skriftlige eksamener er 2-delt. Det gjelder matematikk, biologi 2, fysikk 2, kjemi 2 og samfunnsøkonomi 2. Del 1 må leveres på papir. Del 2 kan leveres elektronisk eller på papir. 

Ulike fag kan ha ulike retningslinjer for gjennomføring av eksamen. Sjekk alltid UDIR

Denne responsen er KI-generert og kan inneholde feil. Denne informasjonen gjelder privatisteksamen. Les mer på www.telemarkfylke.no"
cthr_69d63e9c0880819690d80b3d77dc0b680591d296ed2f0e44,2026-04-08 11:40,Spørsmål om ti-delte eksamener,kan du svare på itliensk,"Sì. Alcuni esami scritti sono divisi in 2 parti. Vale per matematica, biologia 2, fisica 2, chimica 2 e economia 2. La parte 1 deve essere consegnata su carta. La parte 2 può essere consegnata in formato digitale oppure su carta. 

Materie diverse possono avere regole diverse per lo svolgimento dell’esame. Controlla sempre UDIR

Denne responsen er KI-generert og kan inneholde feil. Denne informasjonen gjelder privatisteksamen. Les mer på www.telemarkfylke.no"
cthr_69d63e9c0880819690d80b3d77dc0b680591d296ed2f0e44,2026-04-08 11:41,Spørsmål om ti-delte eksamener,hvorfor må vi ha eksamen,"Eksamen er der for å vurdere kompetansen din i faget. Du blir vurdert etter hvor godt du har nådd kompetansemålene i læreplanen, og det er den samlede kompetansen din på eksamen som blir vurdert.  

Denne responsen er KI-generert og kan inneholde feil. Denne informasjonen gjelder privatisteksamen. Les mer på www.telemarkfylke.no"
cthr_69d63e9c0880819690d80b3d77dc0b680591d296ed2f0e44,2026-04-08 11:43,Spørsmål om ti-delte eksamener,om jeg blir syk hva må jeg gjøre,"Hvis du blir syk og ikke kan møte til eksamen, må du registrere deg i avmeldingsskjemaet og laste opp dokumentasjon på fraværet. Fristen er 10 virkedager fra eksamensdatoen din. Eksempel på dokumentasjon er legeerklæring. Hvis dette blir godkjent, blir du overført til neste eksamensperiode. 

Hvis du blir syk under selve eksamen, må du si fra med en gang til eksamensvakten. Deretter må du registrere sykdom og laste opp legeerklæring innen 10 virkedager. 

Denne responsen er KI-generert og kan inneholde feil. Denne informasjonen gjelder privatisteksamen. Les mer på www.telemarkfylke.no"
cthr_69d641a42c6081959f323d5705d0a2970fbb1a0078fc0df5,2026-04-08 11:53,Saving Your Questions,Lagrer du spørsmålene mine,"Beklager, jeg kan kun svare på henvendelser som gjelder privatisteksamen.

Denne responsen er KI-generert og kan inneholde feil. Denne informasjonen gjelder privatisteksamen. Les mer på www.telemarkfylke.no"
cthr_69d641a42c6081959f323d5705d0a2970fbb1a0078fc0df5,2026-04-08 11:54,Saving Your Questions,blir det eksamen om det er naturskade på bygget,"Beklager, jeg finner ikke sikker informasjon om hva som skjer hvis det er naturskade på eksamensbygget. Les mer på www.telemarkfylke.no.

Denne responsen er KI-generert og kan inneholde feil. Denne informasjonen gjelder privatisteksamen. Les mer på www.telemarkfylke.no"
cthr_69d641a42c6081959f323d5705d0a2970fbb1a0078fc0df5,2026-04-08 11:55,Saving Your Questions,Hva er grensen for feber under eksamen,"Det er ikke oppgitt noen egen febergrense under eksamen. Hvis du blir syk på eksamensdagen, kan du ha rett til utsatt eksamen hvis du registrerer fraværet og laster opp dokumentasjon innen 10 virkedager . Hvis du blir syk under selve eksamen, må du straks si fra til eksamensvakten .

Denne responsen er KI-generert og kan inneholde feil. Denne informasjonen gjelder privatisteksamen. Les mer på www.telemarkfylke.no"
cthr_69d641a42c6081959f323d5705d0a2970fbb1a0078fc0df5,2026-04-08 11:56,Saving Your Questions,hva om jeg er litt pjusk,"Det finnes ingen egen grense for å være «litt pjusk». Hvis du er syk og ikke kan møte på eksamensdagen, kan du ha rett til utsatt eksamen. Da må du registrere fraværet og laste opp dokumentasjon innen 10 virkedager etter eksamensdatoen 

Hvis du blir syk under selve eksamen, må du straks si fra til eksamensvakten 

Denne responsen er KI-generert og kan inneholde feil. Denne informasjonen gjelder privatisteksamen. Les mer på www.telemarkfylke.no"
cthr_69d641bc7d1081909117f28dc7bfd6b20ea861f9b36b59f7,2026-04-08 11:53,Syk på eksamensdagen,hva gjør jeg vis jeg er syk på eksamensdagen?,"Hvis du er syk på eksamensdagen, kan du ha rett til utsatt eksamen. Du må registrere deg i avmeldingsskjemaet og laste opp dokumentasjon på fraværet, for eksempel legeerklæring. Du trenger ikke oppgi hva du er syk av. Fristen er 10 virkedager fra eksamensdatoen din. Hvis dokumentasjonen blir godkjent, blir du overført til neste eksamensperiode. 

Denne responsen er KI-generert og kan inneholde feil. Denne informasjonen gjelder privatisteksamen. Les mer på www.telemarkfylke.no."
cthr_69d641bc7d1081909117f28dc7bfd6b20ea861f9b36b59f7,2026-04-08 11:55,Syk på eksamensdagen,"jeg er litt pysk og føler meg ikke bra, må jeg fortsatt ha eksamen?","Hvis du er syk og ikke kan møte på eksamensdagen, kan du ha rett til utsatt eksamen. Da må du registrere deg i avmeldingsskjemaet og laste opp dokumentasjon, for eksempel legeerklæring, innen 10 virkedager fra eksamensdatoen. Hvis dokumentasjonen blir godkjent, blir du overført til neste eksamensperiode. 

Jeg kan ikke vurdere om du bør møte når du føler deg litt dårlig. Hvis du er usikker, les mer på www.telemarkfylke.no.

Denne responsen er KI-generert og kan inneholde feil. Denne informasjonen gjelder privatisteksamen. Les mer på www.telemarkfylke.no."
cthr_69d641cb3af88195ac60e995450427a20de97bae8743d32d,2026-04-08 11:53,Eksamen ved brannfare,blir det eksamen hvis det brenner,"Beklager, jeg finner ikke sikker informasjon om hva som skjer med eksamen hvis det brenner.

Hvis noe skjer under selve eksamen, skal du straks melde fra til eksamensvakten . Forstyrrelser under eksamen kan også være en formell feil ved gjennomføringen .

Denne responsen er KI-generert og kan inneholde feil. Denne informasjonen gjelder privatisteksamen. Les mer på www.telemarkfylke.no"
cthr_69d641cb3af88195ac60e995450427a20de97bae8743d32d,2026-04-08 11:56,Eksamen ved brannfare,"jeg er blind, kan jeg ha eksamen","Ja. Du kan ha rett til tilrettelegging av privatisteksamen hvis du har funksjonsnedsettelse .

Du må søke om tilrettelegging i Privatistportalen etter at du har meldt deg opp og betalt for faget . Du må også laste opp dokumentasjon fra sakkyndig instans. Dokumentasjonen skal være av nyere dato og tydelig anbefale hvilken tilrettelegging du trenger .

Frist for å søke er:
- 15. september for høsteksamen
- 1. februar for våreksamen 

Privatistportalen: https://privatist.inschool.visma.no/

Denne responsen er KI-generert og kan inneholde feil. Denne informasjonen gjelder privatisteksamen. Les mer på www.telemarkfylke.no"
cthr_69d6422160c08196959b652c6f726d0e03b50385a082f5a0,2026-04-08 11:55,Sykdom og veiledning,Hva skjer om jeg er syk,"Hvis du er syk og ikke kan møte til eksamen, kan du ha rett til utsatt eksamen. Da må du registrere deg i avmeldingsskjemaet og laste opp dokumentasjon, for eksempel legeerklæring. Fristen er 10 virkedager fra eksamensdatoen din. Hvis dokumentasjonen blir godkjent, blir du overført til neste eksamensperiode. 

Hvis du blir syk under selve eksamen, må du si fra med en gang til eksamensvakten. Du får da beskjed om det er grunnlag for å avbryte eksamen med rett til utsatt eksamen. Du må også registrere sykdom og laste opp legeerklæring innen 10 virkedager. 

Denne responsen er KI-generert og kan inneholde feil. Denne informasjonen gjelder privatisteksamen. Les mer på www.telemarkfylke.no"
cthr_69d6422160c08196959b652c6f726d0e03b50385a082f5a0,2026-04-08 11:55,Sykdom og veiledning,Hvis jeg er pjusk da?,"Hvis du er så pjusk at du ikke kan møte på eksamensdagen, kan du ha rett til utsatt eksamen. Da må du registrere deg i avmeldingsskjemaet og laste opp dokumentasjon, for eksempel legeerklæring, innen 10 virkedager fra eksamensdatoen. Hvis dokumentasjonen blir godkjent, blir du overført til neste eksamensperiode. 

Hvis du kan møte, finner jeg ikke sikker informasjon om egne regler for å være bare litt syk. Les mer på www.telemarkfylke.no.

Denne responsen er KI-generert og kan inneholde feil. Denne informasjonen gjelder privatisteksamen. Les mer på www.telemarkfylke.no"
cthr_69d6422160c08196959b652c6f726d0e03b50385a082f5a0,2026-04-08 11:56,Sykdom og veiledning,Hva hvis jeg er hanglete,"Hvis du er hanglete og ikke kan møte på eksamensdagen, kan du ha rett til utsatt eksamen. Da må du registrere deg i avmeldingsskjemaet og laste opp dokumentasjon, for eksempel legeerklæring, innen 10 virkedager fra eksamensdatoen. Blir dette godkjent, blir du overført til neste eksamensperiode. 

Hvis du møter opp, finner jeg ikke sikker informasjon om egne regler for å være litt syk. Les mer på www.telemarkfylke.no.

Denne responsen er KI-generert og kan inneholde feil. Denne informasjonen gjelder privatisteksamen. Les mer på www.telemarkfylke.no"
cthr_69d6422160c08196959b652c6f726d0e03b50385a082f5a0,2026-04-08 11:56,Sykdom og veiledning,Hva med manflu?,"Hvis du er så syk at du ikke kan møte til eksamen, kan du ha rett til utsatt eksamen. Da må du registrere deg i avmeldingsskjemaet og laste opp dokumentasjon, for eksempel legeerklæring, innen 10 virkedager fra eksamensdatoen. Hvis dokumentasjonen blir godkjent, blir du overført til neste eksamensperiode. 

Hvis du møter opp, finner jeg ikke sikker informasjon om egne regler for «manflu». Les mer på www.telemarkfylke.no.

Denne responsen er KI-generert og kan inneholde feil. Denne informasjonen gjelder privatisteksamen. Les mer på www.telemarkfylke.no"
cthr_69d64253a9c88195a828883cb1723d1106d16fc39237dabd,2026-04-08 11:56,Eksamen mens jeg er syk,"jeg er pysk, må jeg ta eksamen og litt manflue","Hvis du er syk på eksamensdagen, kan du ha rett til utsatt eksamen. Du trenger da ikke møte, men du må registrere deg i avmeldingsskjema og laste opp dokumentasjon innen 10 virkedager etter eksamensdatoen. Legeerklæring er et eksempel på gyldig dokumentasjon. 

Hvis du blir syk under selve eksamen, må du si fra med en gang til eksamensvakten. Da får du beskjed om du kan avbryte med rett til utsatt eksamen. Du må også registrere sykdom og laste opp legeerklæring innen 10 virkedager. 

Denne responsen er KI-generert og kan inneholde feil. Denne informasjonen gjelder privatisteksamen. Les mer på www.telemarkfylke.no"
cthr_69d646571bec8197acd83166393e40210c4f9da84cfa7067,2026-04-08 12:13,Vårens eksamensdatoer,når er det eksamen om våren,"Våreksamen er i perioden april til juni. 

Muntlig og muntlig-praktisk eksamen går vanligvis fra april til juni. Datoen din blir publisert i privatistportalen rundt 1. april. 

Denne responsen er KI-generert og kan inneholde feil. Denne informasjonen gjelder privatisteksamen. Les mer på www.telemarkfylke.no"
cthr_69d646571bec8197acd83166393e40210c4f9da84cfa7067,2026-04-08 12:13,Vårens eksamensdatoer,og høsten,"Høsteksamen er i perioden november til desember 

For muntlig og muntlig-praktisk eksamen blir datoen vanligvis publisert i privatistportalen rundt 1. november 

Denne responsen er KI-generert og kan inneholde feil. Denne informasjonen gjelder privatisteksamen. Les mer på www.telemarkfylke.no"
cthr_69d646571bec8197acd83166393e40210c4f9da84cfa7067,2026-04-08 12:13,Vårens eksamensdatoer,kan jeg selv velge dato,"Nei, du kan ikke velge eksamensdato selv.

For muntlig, muntlig-praktisk og praktisk eksamen er det ikke anledning til å bytte oppsatt dato. 

For skriftlig eksamen er datoen oppgitt når du melder deg opp. 

Denne responsen er KI-generert og kan inneholde feil. Denne informasjonen gjelder privatisteksamen. Les mer på www.telemarkfylke.no"
cthr_69d646571bec8197acd83166393e40210c4f9da84cfa7067,2026-04-08 12:14,Vårens eksamensdatoer,men om jeg ikke får permisjo fra militæret,"Hvis du ikke får permisjon fra militæret og derfor ikke kan møte på eksamensdagen, kan du ha rett til utsatt eksamen. Du må da registrere deg i avmeldingsskjemaet og laste opp dokumentasjon på fraværet. Avslag på søknad om permisjon fra militæret er nevnt som gyldig dokumentasjon. Fristen er 10 virkedager fra eksamensdatoen din. 

Denne responsen er KI-generert og kan inneholde feil. Denne informasjonen gjelder privatisteksamen. Les mer på www.telemarkfylke.no"
cthr_69d646571bec8197acd83166393e40210c4f9da84cfa7067,2026-04-08 12:14,Vårens eksamensdatoer,tusen takk,"Bare hyggelig.

Denne responsen er KI-generert og kan inneholde feil. Denne informasjonen gjelder privatisteksamen. Les mer på www.telemarkfylke.no"
cthr_69d760f27fbc8190acf03890f27bbec208b69a6d101f682a,2026-04-09 08:18,Finn eksamensinformasjon,jeg er oppmeldt til eksamen men vet ikke når jeg skal møte,
cthr_69d760f27fbc8190acf03890f27bbec208b69a6d101f682a,2026-04-09 08:19,Finn eksamensinformasjon,Hvor finner jeg informasjon om min eksamen,"Du finner informasjon om din eksamen i Privatistportalen. Der ser du dato, og du finner også sted når dette er publisert. For praktisk eksamen finner du informasjonen ved å klikke på faget du er meldt opp i. 

Logg inn her:
https://privatist.inschool.visma.no/

Skriftlig eksamen arrangeres hovedsakelig i Porsgrunn tennishall, men logg deg inn på privatistportalen for eksakt informasjon om din eksamen. 

Denne responsen er KI-generert og kan inneholde feil. Denne informasjonen gjelder privatisteksamen. Les mer på www.telemarkfylke.no"
cthr_69d760f27fbc8190acf03890f27bbec208b69a6d101f682a,2026-04-09 08:21,Finn eksamensinformasjon,Hva er prisen på privatisteksamen,"Prisen er:

- 1 403 kroner per eksamen hvis du ikke har standpunkt og/eller eksamenskarakter i faget, eller hvis du ikke har bestått faget før 
- 2 804 kroner per eksamen hvis du allerede har bestått faget og vil forbedre karakteren 

For noen fag betaler du flere eksamensavgifter:
- Språkfag: to avgifter, skriftlig og muntlig 
- Norsk: tre avgifter, hovedmål, sidemål og muntlig 
- Realfag nivå 2: to avgifter, skriftlig og muntlig-praktisk 

Denne responsen er KI-generert og kan inneholde feil. Denne informasjonen gjelder privatisteksamen. Les mer på www.telemarkfylke.no"
cthr_69d760f27fbc8190acf03890f27bbec208b69a6d101f682a,2026-04-09 08:22,Finn eksamensinformasjon,jeg har dysleki kan jeg få tilrettelegging,"Ja, du kan søke om tilrettelegging hvis du har dysleksi, dersom du kan dokumentere behovet ditt 

Du må:
- melde deg opp og betale først
- søke i Privatistportalen
- laste opp dokumentasjon i portalen 

Ved dysleksi kan du bruke erklæring fra spesialpedagog, for eksempel PPT, eller logoped. Denne dokumentasjonen trenger ikke være av nyere dato 

Frist for å søke er:
- 15. september for høsteksamen
- 1. februar for våreksamen 

Søk her:
https://privatist.inschool.visma.no/

Denne responsen er KI-generert og kan inneholde feil. Denne informasjonen gjelder privatisteksamen. Les mer på www.telemarkfylke.no"
cthr_69d760f27fbc8190acf03890f27bbec208b69a6d101f682a,2026-04-09 08:22,Finn eksamensinformasjon,jeg tror ikke jeg orker å ta eksamen hva gjør jeg da,
cthr_69d760f27fbc8190acf03890f27bbec208b69a6d101f682a,2026-04-09 08:23,Finn eksamensinformasjon,jeg er syk og klarer ikke ta eksamen hva gjør jeg,"Hvis du er syk og ikke kan møte til eksamen, må du registrere deg i avmeldingsskjemaet og laste opp dokumentasjon på fraværet. Du trenger ikke oppgi hva du er syk av. Fristen er 10 virkedager fra eksamensdatoen din 

Eksempel på dokumentasjon er legeerklæring. Hvis dokumentasjonen blir godkjent, blir du overført til neste eksamensperiode 

Hvis du blir syk under selve eksamen, må du si fra med en gang til eksamensvakten. Da får du beskjed om du kan avbryte eksamen med rett til utsatt eksamen 

Denne responsen er KI-generert og kan inneholde feil. Denne informasjonen gjelder privatisteksamen. Les mer på www.telemarkfylke.no"
cthr_69d760f27fbc8190acf03890f27bbec208b69a6d101f682a,2026-04-09 08:24,Finn eksamensinformasjon,"har ombestemt meg og vil ikke ta eksamen, hva gjør jeg","Du kan melde deg av eksamen.

Hvis du melder deg av innen fristen for oppmelding, og du har betalt, får du eksamensavgiften tilbake. Da må du sende e-post til eksamenskontoret og si at du ønsker å melde deg av 

Hvis du melder deg av etter oppmeldingsfristen, får du ikke refundert eksamensavgiften. Du blir registrert som ikke møtt, men det har ingen praktisk betydning utover at du må melde deg opp og betale på nytt hvis du vil ta eksamen senere 

Denne responsen er KI-generert og kan inneholde feil. Denne informasjonen gjelder privatisteksamen. Les mer på www.telemarkfylke.no"
cthr_69d760f27fbc8190acf03890f27bbec208b69a6d101f682a,2026-04-09 08:24,Finn eksamensinformasjon,jeg tror ikke jeg orker å ta eksamen hva gjør jeg da,
cthr_69d760f27fbc8190acf03890f27bbec208b69a6d101f682a,2026-04-09 08:25,Finn eksamensinformasjon,hvordan fungerer privatisteksamen i fremmedspråk,"I fremmedspråk må du som privatist som hovedregel ha både skriftlig og muntlig eksamen for å få faget godkjent 

Det finnes ikke egne eksamensveiledninger i fremmedspråk 

I noen fremmedspråk kan muntlig eksamen bli gjennomført i et annet fylke 

Du kan forberede deg ved å bruke tidligere gitte eksamensoppgaver på UDIR. Passordet er «Eksamen» hvis du blir bedt om det 

Hvis du skal melde deg opp, gjør du det her:
https://privatist.inschool.visma.no/

Ulike fag kan ha ulike retningslinjer for gjennomføring av eksamen. Sjekk alltid UDIR

Denne responsen er KI-generert og kan inneholde feil. Denne informasjonen gjelder privatisteksamen. Les mer på www.telemarkfylke.no"
cthr_69d760f27fbc8190acf03890f27bbec208b69a6d101f682a,2026-04-09 08:26,Finn eksamensinformasjon,hvor finner jeg eksempler på eksamensoppgaver,
cthr_69d760f27fbc8190acf03890f27bbec208b69a6d101f682a,2026-04-09 08:27,Finn eksamensinformasjon,hvor finner jeg tidligere eksamensoppgaver,
cthr_69d782df534c81959f4e60b1be935ce707b2a51e83908bd5,2026-04-09 10:43,Søk etter eksamensveiledning,hvor finner jeg eksamensveiledninger,"Du finner eksamensveiledninger her: Eksamensveiledninger 

De viser hva det blir lagt vekt på for å få ulike karakterer. Det er ikke laget eksamensveiledninger i alle fag. I fremmedspråk finnes det ikke eksamensveiledninger 

Ulike fag kan ha ulike retningslinjer for gjennomføring av eksamen. Sjekk alltid UDIR

Denne responsen er KI-generert og kan inneholde feil. Denne informasjonen gjelder privatisteksamen. Les mer på www.telemarkfylke.no"
cthr_69d782df534c81959f4e60b1be935ce707b2a51e83908bd5,2026-04-09 10:44,Søk etter eksamensveiledning,har du en link til dette,"Beklager, jeg har ikke en sikker nettadresse til eksamensveiledningene her. Det jeg kan si sikkert, er at eksamensveiledninger finnes for noen fag, men ikke for alle. Det finnes ikke eksamensveiledninger i fremmedspråk 

Ulike fag kan ha ulike retningslinjer for gjennomføring av eksamen. Sjekk alltid UDIR

Denne responsen er KI-generert og kan inneholde feil. Denne informasjonen gjelder privatisteksamen. Les mer på www.telemarkfylke.no"
cthr_69d782df534c81959f4e60b1be935ce707b2a51e83908bd5,2026-04-09 10:44,Søk etter eksamensveiledning,er det krav til oppmelding i språkfag,"Ja. I språkfag må du som privatist som hovedregel melde deg opp til både skriftlig og muntlig eksamen for å få faget godkjent 

Hvis faget er et språkfag der elever får to standpunktkarakterer, én skriftlig og én muntlig, kan du velge å forbedre bare én av delene 

Du melder deg opp her:
https://privatist.inschool.visma.no/

Denne responsen er KI-generert og kan inneholde feil. Denne informasjonen gjelder privatisteksamen. Les mer på www.telemarkfylke.no"
cthr_69d782df534c81959f4e60b1be935ce707b2a51e83908bd5,2026-04-09 10:45,Søk etter eksamensveiledning,hvor finner jeg resultatet på min eksamen,"Du finner resultatet ditt i Privatistportalen. For skriftlig eksamen må du trykke på det aktuelle faget 

Skriftlig eksamen blir normalt publisert ca. 6. januar for høsteksamen og ca. 20. juni for våreksamen. For muntlig, muntlig-praktisk og praktisk eksamen kommer resultatet vanligvis kort tid etter eksamensdagen 

Hvis du vil se selve besvarelsen din, kan du logge inn på kandidat.udir.no. Den blir tilgjengelig dagen etter eksamen 

Denne responsen er KI-generert og kan inneholde feil. Denne informasjonen gjelder privatisteksamen. Les mer på www.telemarkfylke.no"
cthr_69d782df534c81959f4e60b1be935ce707b2a51e83908bd5,2026-04-09 10:46,Søk etter eksamensveiledning,jeg er ikke fornøyd med karakteren min hva kan jeg gjøre,"Hvis det er skriftlig eksamen, kan du klage på karakteren. Du gjør dette i Privatistportalen. Under karakteren din vil du se en «klage»-knapp i 10 kalenderdager 

Klage på skriftlig eksamen trenger ikke begrunnes. Vær oppmerksom på at karakteren kan gå opp, ned eller bli stående 

Hvis det er muntlig, muntlig-praktisk eller praktisk eksamen, kan du ikke klage på selve karakteren. Du kan bare klage på formelle feil i gjennomføringen. Fristen er 10 kalenderdager 

Denne responsen er KI-generert og kan inneholde feil. Denne informasjonen gjelder privatisteksamen. Les mer på www.telemarkfylke.no"
cthr_69d782df534c81959f4e60b1be935ce707b2a51e83908bd5,2026-04-09 10:47,Søk etter eksamensveiledning,sensor var ikke interessert i det jeg snakket om på muntlig eksamen kan jeg klage på det?,"Ja, det kan være grunnlag for å klage hvis sensor åpenbart ikke fulgte med. På muntlig eksamen kan du ikke klage på selve karakteren, men du kan klage på formelle feil i gjennomføringen 

Et eksempel på formell feil er sensor som åpenbart ikke følger med 

Klagefristen er 10 kalenderdager fra du fikk vite karakteren, eller kunne ha gjort deg kjent med den. Når du klager, må du få med opplysninger om det som skjedde under eksamen og som kan være relevant 

Denne responsen er KI-generert og kan inneholde feil. Denne informasjonen gjelder privatisteksamen. Les mer på www.telemarkfylke.no"
cthr_69d782df534c81959f4e60b1be935ce707b2a51e83908bd5,2026-04-09 10:47,Søk etter eksamensveiledning,Hva er SEB,"SEB er en sikker nettleser som noen fag bruker på eksamen. Da blir tilgangen på PC-en din stengt ned, og du får bare åpnet de digitale hjelpemidlene som er lagt inn i oppgavesettet 

Når du bruker SEB, kan du ikke bruke Word, Excel eller andre skriveprogram. I stedet svarer du direkte i en tekstboks i eksamen 

Du kan fortsatt ha med fysiske bøker, notater og oppslagsverk. Men du får ikke tilgang til noe som er lagret på PC-en din 

For å se om faget ditt bruker SEB, kan du sjekke kandidat.udir.no og søke på fagkoden din 

Denne responsen er KI-generert og kan inneholde feil. Denne informasjonen gjelder privatisteksamen. Les mer på www.telemarkfylke.no"
cthr_69d782df534c81959f4e60b1be935ce707b2a51e83908bd5,2026-04-09 10:48,Søk etter eksamensveiledning,hvilke hjelpemidler kan jeg bruke i SEB,"I SEB kan du bruke de digitale hjelpemidlene som ligger i selve oppgavesettet. Du får ikke tilgang til noe som er lagret på PC-en din 

Du kan fortsatt ha med fysiske bøker, notater og oppslagsverk 

Du kan ikke bruke Word, Excel eller andre skriveprogram i SEB. Du svarer direkte i en tekstboks i eksamen 

Hvis du vil se hva som gjelder for akkurat ditt fag, gå til kandidat.udir.no, legg inn fagkoden og trykk på «se info» 

Denne responsen er KI-generert og kan inneholde feil. Denne informasjonen gjelder privatisteksamen. Les mer på www.telemarkfylke.no"
cthr_69d782df534c81959f4e60b1be935ce707b2a51e83908bd5,2026-04-09 10:49,Søk etter eksamensveiledning,Jeg har dysleksi og bruker Lingdys kan denne brukes i SEB,"Beklager, jeg finner ikke sikker informasjon om Lingdys kan brukes i SEB.

Det jeg kan si sikkert, er:
I SEB får du bare tilgang til de digitale hjelpemidlene som ligger i selve oppgavesettet. Du får ikke tilgang til noe som er lagret på PC-en din, og du kan ikke bruke Word eller andre skriveprogram  

Hvis du har dysleksi, kan du søke om tilrettelegging i Privatistportalen. Du må laste opp dokumentasjon, for eksempel fra PPT eller logoped  

For å se hva som gjelder for ditt fag, kan du sjekke kandidat.udir.no og søke på fagkoden din. Der står det også hvilke hjelpemidler som er nødvendige i faget  

Du melder deg opp og søker her:
https://privatist.inschool.visma.no/

Denne responsen er KI-generert og kan inneholde feil. Denne informasjonen gjelder privatisteksamen. Les mer på www.telemarkfylke.no"
cthr_69d782df534c81959f4e60b1be935ce707b2a51e83908bd5,2026-04-09 10:50,Søk etter eksamensveiledning,er det eksamensoppgaver jeg kan se på,"Ja. Du kan se på tidligere gitte eksamensoppgaver. Du finner dem her: Tidligere gitte eksamensoppgaver 

I noen fag kan du bli bedt om passord. Da er passordet: Eksamen 

I skriftlige fremmedspråk ligger det også oppgaver du kan bruke til å forberede deg. Bruk fagkoden når du søker 

Denne responsen er KI-generert og kan inneholde feil. Denne informasjonen gjelder privatisteksamen. Les mer på www.telemarkfylke.no"
cthr_69dca840c9c481938e1afd083522a9a801a651b3c8f72e55,2026-04-13 08:24,Eksamensdato forespørsel,Når er eksamen,"Privatisteksamen arrangeres to ganger i året:

- Høsteksamen: november–desember 
- Våreksamen: april–juni 

Skriftlig eksamensdato ser du i privatistportalen når du melder deg opp. Muntlig eksamensdato publiseres i privatistportalen ca. 1. november for høst og ca. 1. april for vår. 

Privatistportalen: https://privatist.inschool.visma.no/

Denne responsen er KI-generert og kan inneholde feil. Denne informasjonen gjelder privatisteksamen. Les mer på www.telemarkfylke.no"
cthr_69dca844c71881949ae90938a5787f5f040b7827fcee9be0,2026-04-13 08:24,Finn eksamens tidspunkt,Når må jeg møte til eksamen,"For skriftlig eksamen er oppmøtetid kl. 08.00 

For muntlig og muntlig-praktisk eksamen er oppmøtetid lik for alle kandidater, men det kan bli ventetid. Eksakt tid finner du i privatistportalen   
https://privatist.inschool.visma.no/

Denne responsen er KI-generert og kan inneholde feil. Denne informasjonen gjelder privatisteksamen. Les mer på www.telemarkfylke.no"
cthr_69dcdf6c4ae4819486727ca89f015bf800cc14f2a481ce4b,2026-04-13 12:19,Samtale om eksamensoppgave,Har du et eksempel på eksamensoppgave,"Ja. Du kan finne tidligere gitte eksamensoppgaver på kandidat.udir.no. Søk med fagkoden din. Hvis du blir bedt om passord, er det: Eksamen. 

I noen skriftlige fremmedspråk finnes det også eksamensoppgaver du kan bruke til å forberede deg på samme måte. 

Denne responsen er KI-generert og kan inneholde feil. Denne informasjonen gjelder privatisteksamen. Les mer på www.telemarkfylke.no"
cthr_69dcdf6c4ae4819486727ca89f015bf800cc14f2a481ce4b,2026-04-13 12:20,Samtale om eksamensoppgave,Når er det høsteksamen,"Høsteksamen er i november–desember. 

Oppmelding til høsteksamen er fra 1. september til 15. september kl. 23:55. Du melder deg opp her: https://privatist.inschool.visma.no/ 

Denne responsen er KI-generert og kan inneholde feil. Denne informasjonen gjelder privatisteksamen. Les mer på www.telemarkfylke.no"
cthr_69dcdf6c4ae4819486727ca89f015bf800cc14f2a481ce4b,2026-04-13 12:21,Samtale om eksamensoppgave,kan jeg ta eksamen når som helst,"Nei. Privatisteksamen arrangeres to ganger i året: høsteksamen i november–desember og våreksamen i april–juni. 

Du kan heller ikke velge eksamensdato fritt eller bytte oppsatt dato. 

Oppmelding skjer i Privatistportalen:
https://privatist.inschool.visma.no/ 

Denne responsen er KI-generert og kan inneholde feil. Denne informasjonen gjelder privatisteksamen. Les mer på www.telemarkfylke.no"
cthr_69dcdf6c4ae4819486727ca89f015bf800cc14f2a481ce4b,2026-04-13 12:21,Samtale om eksamensoppgave,Hvor finner jeg der jeg melder meg opp til eksamen,"Du melder deg opp i Privatistportalen. Logg inn med ID-porten her: https://privatist.inschool.visma.no/ 

Der registrerer du fagene du vil ta og betaler eksamensavgiften. Oppmeldingen er ikke gyldig før du har betalt. 

Denne responsen er KI-generert og kan inneholde feil. Denne informasjonen gjelder privatisteksamen. Les mer på www.telemarkfylke.no"
cthr_69dcdf6c4ae4819486727ca89f015bf800cc14f2a481ce4b,2026-04-13 12:22,Samtale om eksamensoppgave,Tusen takk,"Bare hyggelig.

Denne responsen er KI-generert og kan inneholde feil. Denne informasjonen gjelder privatisteksamen. Les mer på www.telemarkfylke.no"
cthr_69dce0274f048194aeab2f3e29de18a70ad5192ff071a46d,2026-04-13 12:23,Lønn etter bestått eksamen,"Når jeg har tatt eksamen, får jeg da bedre lønn","Beklager, jeg finner ikke sikker informasjon om lønn etter at du har tatt privatisteksamen.

Informasjonen som finnes handler om eksamensresultat, overføring av karakterer og bestilling av vitnemål eller kompetansebevis    
Les mer på www.telemarkfylke.no.

Denne responsen er KI-generert og kan inneholde feil. Denne informasjonen gjelder privatisteksamen.  
Les mer på www.telemarkfylke.no"
cthr_69dce0274f048194aeab2f3e29de18a70ad5192ff071a46d,2026-04-13 12:23,Lønn etter bestått eksamen,Kan jeg ha med hodetelefoner,"Ja, du kan ha med hodetelefoner. Både kablede og trådløse hodetelefoner kan brukes, men det anbefales å bruke kablede 

Hodetelefonene kan ikke være koblet til musikkspiller eller telefon 

Du må også være oppmerksom på at hodetelefoner er et krav til flere eksamener. Sjekk hva som gjelder for ditt fag på kandidat.udir.no 

Denne responsen er KI-generert og kan inneholde feil. Denne informasjonen gjelder privatisteksamen.  
Les mer på www.telemarkfylke.no"
cthr_69dce0274f048194aeab2f3e29de18a70ad5192ff071a46d,2026-04-13 12:23,Lønn etter bestått eksamen,kan jeg høre på musikk,"Ja, under skriftlig eksamen kan du høre på musikk, så lenge du ikke forstyrrer andre 

Hvis lyden forstyrrer andre, kan eksamensvakten be deg skru ned volumet. Hvis du ikke gjør det, kan hodetelefonene bli tatt inn under eksamen 

Hodetelefonene kan ikke være koblet til musikkspiller eller telefon 

Denne responsen er KI-generert og kan inneholde feil. Denne informasjonen gjelder privatisteksamen.  
Les mer på www.telemarkfylke.no"
cthr_69dce0274f048194aeab2f3e29de18a70ad5192ff071a46d,2026-04-13 12:24,Lønn etter bestått eksamen,er det eksamnesveiledninger i fremmedspråk,"Nei, det finnes ikke eksamensveiledninger i fremmedspråk 

Du kan bruke tidligere gitte eksamensoppgaver for å forberede deg. Du finner dem på UDIR, og du må bruke fagkoden når du søker 

Denne responsen er KI-generert og kan inneholde feil. Denne informasjonen gjelder privatisteksamen.  
Les mer på www.telemarkfylke.no"
cthr_69dce0274f048194aeab2f3e29de18a70ad5192ff071a46d,2026-04-13 12:24,Lønn etter bestått eksamen,når får jeg karakter på muntlig eksamen,"Du får karakteren på muntlig eksamen etter hver kandidat 

Karakteren blir også lagt inn i Privatistportalen så fort den er registrert i karaktersystemet, normalt kort tid etter eksamensdagen 

Denne responsen er KI-generert og kan inneholde feil. Denne informasjonen gjelder privatisteksamen.  
Les mer på www.telemarkfylke.no"
cthr_69dce0274f048194aeab2f3e29de18a70ad5192ff071a46d,2026-04-13 12:25,Lønn etter bestått eksamen,og på skriftlig eksamen,"På skriftlig eksamen finner du karakteren i Privatistportalen 

Den kommer cirka 6. januar for høsteksamen og cirka 20. juni for våreksamen. Det kan bli forsinkelser 

Denne responsen er KI-generert og kan inneholde feil. Denne informasjonen gjelder privatisteksamen.  
Les mer på www.telemarkfylke.no"
cthr_69dde6297bf48194a2a972c97d6fc5f30d7da62de13b7ca9,2026-04-14 07:00,Samtale om eksamens sted,Hvor skal eksamen være?,"Skriftlig eksamen arrangeres hovedsakelig i Porsgrunn tennishall, men logg deg inn på privatistportalen for eksakt informasjon om din eksamen. 

Denne responsen er KI-generert og kan inneholde feil. Denne informasjonen gjelder privatisteksamen. Les mer på www.telemarkfylke.no"
cthr_69dde6297bf48194a2a972c97d6fc5f30d7da62de13b7ca9,2026-04-14 07:02,Samtale om eksamens sted,Hvilke hjelpemidler kan jeg ha på eksamen?,"Det varierer fra fag til fag. Du må sjekke hva som gjelder for ditt fag. Se kandidat.udir.no for fagkode og informasjon om hjelpemidler 

For skriftlig eksamen må du ha med egen PC og hodetelefoner. I noen fremmedspråk trenger du også spesialisert tastatur 

I fag med sikker nettleser får du bare bruke de digitale hjelpemidlene som ligger i oppgaven. Fysiske bøker, notater og oppslagsverk er fortsatt tillatt 

Denne responsen er KI-generert og kan inneholde feil. Denne informasjonen gjelder privatisteksamen. Les mer på www.telemarkfylke.no"
cthr_69dde6297bf48194a2a972c97d6fc5f30d7da62de13b7ca9,2026-04-14 07:04,Samtale om eksamens sted,Hvor finner jeg tidligere gitte eksamensoppgaver?,"Du finner tidligere gitte eksamensoppgaver på Utdanningsdirektoratets sider. Bruk fagkoden når du søker. Hvis du blir bedt om passord, er det: **Eksamen** 

Denne responsen er KI-generert og kan inneholde feil. Denne informasjonen gjelder privatisteksamen. Les mer på www.telemarkfylke.no"
cthr_69dde6297bf48194a2a972c97d6fc5f30d7da62de13b7ca9,2026-04-14 07:05,Samtale om eksamens sted,Når er fristen for å melde seg opp til eksamen?,"Fristen for oppmelding er:

- Høsteksamen: 1. september til 15. september kl. 23.55
- Våreksamen: 15. januar til 1. februar kl. 23.55 

Du må også betale eksamensavgiften innen fristen. Oppmeldingen er ikke gyldig før den er betalt. Meld deg opp her: https://privatist.inschool.visma.no/ 

Denne responsen er KI-generert og kan inneholde feil. Denne informasjonen gjelder privatisteksamen. Les mer på www.telemarkfylke.no"
cthr_69dde6297bf48194a2a972c97d6fc5f30d7da62de13b7ca9,2026-04-14 07:07,Samtale om eksamens sted,Hvor mye koster eksamen?,"Eksamensavgiften er:

- 1 403 kroner per eksamen hvis du ikke har standpunkt og/eller eksamenskarakter, eller hvis du ikke har bestått faget før 
- 2 804 kroner per eksamen hvis du allerede har bestått faget og vil forbedre karakteren 

For noen fag betaler du flere avgifter:
- språkfag: to eksamensavgifter
- norsk: tre eksamensavgifter
- realfag nivå 2: to eksamensavgifter 

Meld deg opp her: https://privatist.inschool.visma.no/

Denne responsen er KI-generert og kan inneholde feil. Denne informasjonen gjelder privatisteksamen. Les mer på www.telemarkfylke.no"
cthr_69dde6297bf48194a2a972c97d6fc5f30d7da62de13b7ca9,2026-04-14 07:09,Samtale om eksamens sted,Finnes det eksamensveiledninger?,"Ja, det finnes eksamensveiledninger i noen fag. De forklarer hva det legges vekt på for å få de ulike karakterene. Det er ikke laget eksamensveiledninger i alle fag, og det finnes ikke eksamensveiledninger i fremmedspråk. 

Denne responsen er KI-generert og kan inneholde feil. Denne informasjonen gjelder privatisteksamen. Les mer på www.telemarkfylke.no"
cthr_69dde62e684481958b417bd37ff9fb7e087d00fa2748d240,2026-04-14 07:01,Eksamen lokasjon spørsmål,hvor skal eksamen være?,"Skriftlig eksamen arrangeres hovedsakelig i Porsgrunn tennishall, men logg deg inn på privatistportalen for eksakt informasjon om din eksamen.

Denne responsen er KI-generert og kan inneholde feil. Denne informasjonen gjelder privatisteksamen. Les mer på www.telemarkfylke.no"
cthr_69dde62e684481958b417bd37ff9fb7e087d00fa2748d240,2026-04-14 07:02,Eksamen lokasjon spørsmål,hvilke hjelpemidler kan jeg ha på eksamen?,"Det kommer an på fag og eksamensform.

For noen eksamener er det egne regler for hjelpemidler. I fag med sikker nettleser får du bare tilgang til de digitale hjelpemidlene som ligger i selve oppgaven. Du kan fortsatt ha med fysiske bøker, notater og oppslagsverk, men du får ikke tilgang til noe som er lagret på PC-en din 

I noen fagkoder er det også krav om spesielle hjelpemidler eller digitale verktøy. Du kan sjekke dette på kandidat.udir.no ved å legge inn fagkoden din og velge «se info» 

Du må også ha med hodetelefoner. I noen fremmedspråk trenger du spesialisert tastatur 

Ulike fag kan ha ulike retningslinjer for gjennomføring av eksamen. Sjekk alltid UDIR: https://kandidat.udir.no/

Denne responsen er KI-generert og kan inneholde feil. Denne informasjonen gjelder privatisteksamen. Les mer på www.telemarkfylke.no"
cthr_69dde62e684481958b417bd37ff9fb7e087d00fa2748d240,2026-04-14 07:04,Eksamen lokasjon spørsmål,hvor finner jeg tidligere gitte eksamensoppgaver?,"Du finner tidligere gitte eksamensoppgaver på Utdanningsdirektoratet sine sider. Bruk fagkoden når du søker. Hvis du blir bedt om passord, er det **Eksamen** 

Denne responsen er KI-generert og kan inneholde feil. Denne informasjonen gjelder privatisteksamen. Les mer på www.telemarkfylke.no"
cthr_69dde62e684481958b417bd37ff9fb7e087d00fa2748d240,2026-04-14 07:05,Eksamen lokasjon spørsmål,når er fristen for å melde seg opp til eksamen?,"Fristen for oppmelding er:

- **Høsteksamen:** 1. september til 15. september kl. 23.55   
- **Våreksamen:** 15. januar til 1. februar kl. 23.55   

Du må også betale innen fristen for at oppmeldingen skal være gyldig 

Oppmelding gjør du her: https://privatist.inschool.visma.no/

Denne responsen er KI-generert og kan inneholde feil. Denne informasjonen gjelder privatisteksamen. Les mer på www.telemarkfylke.no"
cthr_69dde62e684481958b417bd37ff9fb7e087d00fa2748d240,2026-04-14 07:07,Eksamen lokasjon spørsmål,Hvor mye koster privatisteksamen?,"Privatisteksamen koster:

- **1 403 kroner per eksamen** hvis du ikke har standpunkt og/eller eksamenskarakter, eller hvis du ikke har bestått faget tidligere 
- **2 804 kroner per eksamen** hvis du allerede har bestått faget og vil forbedre karakteren 

For noen fag betaler du flere eksamensavgifter:
- **Språkfag:** skriftlig og muntlig 
- **Norsk:** hovedmål, sidemål og muntlig 
- **Realfag nivå 2:** skriftlig og muntlig-praktisk 

Denne responsen er KI-generert og kan inneholde feil. Denne informasjonen gjelder privatisteksamen. Les mer på www.telemarkfylke.no"
cthr_69dde62e684481958b417bd37ff9fb7e087d00fa2748d240,2026-04-14 07:09,Eksamen lokasjon spørsmål,finnes det noen eksamensveiledninger?,"Ja, det finnes eksamensveiledninger i noen fag. De viser hva det legges vekt på for å få de ulike karakterene. Det er ikke laget eksamensveiledninger i alle fag. I fremmedspråk finnes det ikke eksamensveiledninger 

Denne responsen er KI-generert og kan inneholde feil. Denne informasjonen gjelder privatisteksamen. Les mer på www.telemarkfylke.no"
cthr_69dde630e2a88190b5dee00dda4e0d3e0b413009e9e887af,2026-04-14 07:01,Eksamen lokasjon forespørsel,Hvor skal eksamen være,"Skriftlig eksamen arrangeres hovedsakelig i Porsgrunn tennishall, men logg deg inn på privatistportalen for eksakt informasjon om din eksamen.

Denne responsen er KI-generert og kan inneholde feil. Denne informasjonen gjelder privatisteksamen. Les mer på www.telemarkfylke.no"
cthr_69dde630e2a88190b5dee00dda4e0d3e0b413009e9e887af,2026-04-14 07:02,Eksamen lokasjon forespørsel,Hvilke hjelpemidler kan jeg ha på eksamen,"Hvilke hjelpemidler du kan bruke, kan variere fra fag til fag. For noen fagkoder er det også krav om spesielle hjelpemidler eller digitale verktøy. Sjekk fagkoden din på kandidat.udir.no. 

Hvis eksamen gjennomføres i sikker nettleser (SEB), får du bare tilgang til de digitale hjelpemidlene som ligger i selve oppgavesettet. Du kan fortsatt ha med fysiske bøker, notater og oppslagsverk, men du får ikke tilgang til noe som er lagret på PC-en din. 

Du må også ha med hodetelefoner. I noen fremmedspråk trenger du spesialisert tastatur. 

Ulike fag kan ha ulike retningslinjer for gjennomføring av eksamen. Sjekk alltid UDIR.

Denne responsen er KI-generert og kan inneholde feil. Denne informasjonen gjelder privatisteksamen. Les mer på www.telemarkfylke.no"
cthr_69dde630e2a88190b5dee00dda4e0d3e0b413009e9e887af,2026-04-14 07:04,Eksamen lokasjon forespørsel,Hvor finner jeg tidligere gitte eksamensoppgaver,"Tidligere gitte eksamensoppgaver finner du på Utdanningsdirektoratet sine sider. Du kan søke med fagkode. Hvis du blir bedt om passord, er det: **Eksamen**. 

Denne responsen er KI-generert og kan inneholde feil. Denne informasjonen gjelder privatisteksamen. Les mer på www.telemarkfylke.no"
cthr_69dde630e2a88190b5dee00dda4e0d3e0b413009e9e887af,2026-04-14 07:05,Eksamen lokasjon forespørsel,Når er fristen for å melde seg opp til eksamen,"Fristen er:

- **Høsteksamen:** 15. september kl. 23:55
- **Våreksamen:** 1. februar kl. 23:55 

Oppmelding skjer her: https://privatist.inschool.visma.no/

Denne responsen er KI-generert og kan inneholde feil. Denne informasjonen gjelder privatisteksamen. Les mer på www.telemarkfylke.no"
cthr_69dde630e2a88190b5dee00dda4e0d3e0b413009e9e887af,2026-04-14 07:07,Eksamen lokasjon forespørsel,hva koster det å ta eksamen,"Det koster:

- **1 403 kroner per eksamen** hvis du ikke har standpunkt og/eller eksamenskarakter, eller hvis du ikke har bestått faget tidligere 
- **2 804 kroner per eksamen** hvis du allerede har bestått faget og ønsker å forbedre karakteren 

Prisen gjelder per eksamen. I noen fag må du betale for flere eksamener, for eksempel i språkfag, norsk og noen realfag på nivå 2. 

Denne responsen er KI-generert og kan inneholde feil. Denne informasjonen gjelder privatisteksamen. Les mer på www.telemarkfylke.no"
cthr_69dde630e2a88190b5dee00dda4e0d3e0b413009e9e887af,2026-04-14 07:09,Eksamen lokasjon forespørsel,Finnes det eksamensveiledninger,"Ja, det finnes eksamensveiledninger i noen fag. De forklarer hva det blir lagt vekt på for å få de ulike karakterene. Det er ikke laget eksamensveiledninger i alle fag, og det finnes ikke eksamensveiledninger i fremmedspråk. 

Denne responsen er KI-generert og kan inneholde feil. Denne informasjonen gjelder privatisteksamen. Les mer på www.telemarkfylke.no"
cthr_69dde630e2a88190b5dee00dda4e0d3e0b413009e9e887af,2026-04-14 07:10,Eksamen lokasjon forespørsel,hva slags tilrettelegging kan jeg få,"Du kan søke om tilrettelegging hvis du har fysisk eller psykisk sykdom, skade eller funksjonsnedsettelse. Dette gjelder skriftlig, muntlig og muntlig-praktisk eksamen. Til praktisk eksamen kan du som hovedregel ikke søke om tilrettelegging. 

Jeg finner ikke sikker informasjon om hvilke konkrete typer tilrettelegging du kan få. Du må søke i Privatistportalen, og laste opp dokumentasjon som tydelig anbefaler tilretteleggingen du trenger. 

Du søker her: https://privatist.inschool.visma.no/

Denne responsen er KI-generert og kan inneholde feil. Denne informasjonen gjelder privatisteksamen. Les mer på www.telemarkfylke.no"
cthr_69dde8bf17fc8197bb58214c20aadc260dc34f565eaa34d8,2026-04-14 07:11,Tilrettelegging ved eksamen,Hva slags tilrettelegging man jeg få på eksamen?,"Du kan ha rett til tilrettelegging hvis du har fysisk eller psykisk sykdom, skade eller funksjonsnedsettelse. Dette gjelder skriftlig, muntlig og muntlig-praktisk eksamen. Til praktisk eksamen kan du som hovedregel ikke søke om tilrettelegging. 

Tilrettelegging skal gjøre det mulig for deg å vise kompetansen din i faget, men den skal ikke gi deg en fordel sammenlignet med andre kandidater. Det er ikke mulig å få tilrettelegging på grunn av manglende ferdigheter i norsk. 

Du må søke selv i Privatistportalen, etter at du har meldt deg opp og betalt for faget: https://privatist.inschool.visma.no/ 

Du må også laste opp dokumentasjon fra fagperson, for eksempel lege, psykolog, PPT eller logoped. 

Denne responsen er KI-generert og kan inneholde feil. Denne informasjonen gjelder privatisteksamen. Les mer på www.telemarkfylke.no"
cthr_69dde8bf17fc8197bb58214c20aadc260dc34f565eaa34d8,2026-04-14 07:14,Tilrettelegging ved eksamen,Kan jeg få fritak i nynorsk på eksamen?,"Ja, du kan få fritak i skriftlig sidemål, for eksempel nynorsk, hvis du oppfyller vilkårene. Det kan gjelde hvis du for eksempel: har hatt fritak på ungdomsskolen, har dokumentert sykdom eller vansker med å lære begge målformer, ikke har gått i norsk grunnskole på ungdomstrinnet, eller har hatt rett til særskilt språkopplæring 

Hvis du allerede har fritak i skriftlig sidemål på Vg3, trenger du ikke søke på nytt 

Fristen for å søke er:
- 15. september for høsteksamen
- 1. februar for våreksamen 

Du må laste opp gyldig dokumentasjon sammen med søknaden. Fritak i skriftlig sidemål betyr ikke fritak fra å lese og forstå tekster på sidemålet i hovedmålseksamen 

Denne responsen er KI-generert og kan inneholde feil. Denne informasjonen gjelder privatisteksamen. Les mer på www.telemarkfylke.no"
cthr_69dde8bf17fc8197bb58214c20aadc260dc34f565eaa34d8,2026-04-14 07:16,Tilrettelegging ved eksamen,Kan jeg få fritak i sudemål på eksamen?,"Ja, du kan få fritak i skriftlig sidemål på eksamen hvis du oppfyller vilkårene. Det kan gjelde hvis du for eksempel:

- har hatt fritak i bokmål eller nynorsk på ungdomsskolen
- har dokumentert sykdom, skade eller vansker med å lære begge målformer
- ikke har gått i norsk grunnskole på ungdomstrinnet
- har hatt rett til særskilt språkopplæring
- har gått på internasjonal eller utenlandsk skole i Norge med slik ordning 

Hvis du allerede har fritak i skriftlig sidemål på Vg3, trenger du ikke søke på nytt. Søknadsfristen er 15. september for høsteksamen og 1. februar for våreksamen. Du må sende inn gyldig dokumentasjon sammen med søknaden. 

Fritak i skriftlig sidemål betyr ikke fritak fra å lese og forstå tekster på sidemålet i hovedmålseksamen. 

Denne responsen er KI-generert og kan inneholde feil. Denne informasjonen gjelder privatisteksamen. Les mer på www.telemarkfylke.no"
cthr_69dde8bf17fc8197bb58214c20aadc260dc34f565eaa34d8,2026-04-14 07:16,Tilrettelegging ved eksamen,Kan jeg få fritak i sidemål på eksamen?,"Ja, du kan få fritak i skriftlig sidemål på eksamen hvis du oppfyller vilkårene. Det kan gjelde hvis du for eksempel:

- har hatt fritak i bokmål eller nynorsk på ungdomsskolen
- har dokumentert sykdom, skade eller vansker med å lære begge målformer
- ikke har gått i norsk grunnskole på ungdomstrinnet
- har hatt rett til særskilt språkopplæring
- har gått på internasjonal eller utenlandsk skole i Norge med slik ordning 

Hvis du allerede har fritak i skriftlig sidemål på Vg3, trenger du ikke søke på nytt. Fristen er 15. september for høsteksamen og 1. februar for våreksamen. Du må sende inn gyldig dokumentasjon sammen med søknaden. 

Fritak i skriftlig sidemål betyr ikke fritak fra å lese og forstå tekster på sidemålet i hovedmålseksamen. 

Denne responsen er KI-generert og kan inneholde feil. Denne informasjonen gjelder privatisteksamen. Les mer på www.telemarkfylke.no"
cthr_69dde8bf17fc8197bb58214c20aadc260dc34f565eaa34d8,2026-04-14 07:18,Tilrettelegging ved eksamen,Kan man bruke hodetelefoner på eksamen?,"Ja, du kan bruke hodetelefoner på eksamen. Både kablede og trådløse hodetelefoner kan brukes, men det anbefales å bruke kablede. De kan ikke være koblet til musikkspiller eller telefon. 

I flere eksamener er hodetelefoner et krav. Du må også ha med deg hodetelefoner til skriftlig eksamen. Se hva som gjelder for ditt fag på kandidat.udir.no. 

Du kan høre på musikk under skriftlig eksamen så lenge du ikke forstyrrer andre. Hvis lyden forstyrrer, kan eksamensvakten be deg skru ned eller ta hodetelefonene. 

Denne responsen er KI-generert og kan inneholde feil. Denne informasjonen gjelder privatisteksamen. Les mer på www.telemarkfylke.no"
cthr_69dde8bf17fc8197bb58214c20aadc260dc34f565eaa34d8,2026-04-14 07:19,Tilrettelegging ved eksamen,Kan man bruke headset på eksamen?,"Ja, du kan bruke headset på eksamen. Både kablet og trådløst headset kan brukes, men det anbefales å bruke kablet. Headset kan ikke være koblet til telefon eller musikkspiller. 

I flere eksamener er hodetelefoner eller headset et krav. På skriftlig eksamen må du ha det med deg. Sjekk kandidat.udir.no for hva som gjelder i faget ditt.  

Denne responsen er KI-generert og kan inneholde feil. Denne informasjonen gjelder privatisteksamen. Les mer på www.telemarkfylke.no"
cthr_69dde8c0458c81908eeec619d0954f8a07e995c3010e3c14,2026-04-14 07:12,Tilrettelegging for deg,hva slags tilrettelegging kan jeg få?,"Du kan ha rett til særskilt tilrettelegging hvis du har fysisk eller psykisk sykdom, skade eller funksjonsnedsettelse. Dette kan gjelde skriftlig, muntlig og muntlig-praktisk eksamen. Til praktisk eksamen kan du som hovedregel ikke søke om tilrettelegging. 

Tilretteleggingen skal gjøre det mulig for deg å vise kompetansen din, men den kan ikke gi deg en fordel sammenlignet med andre. Det er ikke mulig å få tilrettelegging på grunn av manglende ferdigheter i norsk. 

Jeg finner ikke en full liste over nøyaktig hvilke typer tilrettelegging du kan få. Du må søke i Privatistportalen etter at du har meldt deg opp og betalt, og laste opp dokumentasjon. https://privatist.inschool.visma.no/ 

Denne responsen er KI-generert og kan inneholde feil. Denne informasjonen gjelder privatisteksamen. Les mer på www.telemarkfylke.no"
cthr_69dde8c0458c81908eeec619d0954f8a07e995c3010e3c14,2026-04-14 07:14,Tilrettelegging for deg,kan jeg få fritak i nynorsk på eksamen?,"Ja, du kan ha rett til fritak i nynorsk hvis nynorsk er sidemålet ditt. Det gjelder for eksempel hvis du:  
- hadde fritak i samme sidemål på ungdomsskolen  
- har dokumentert sykdom, skade eller dysfunksjon som gjør det vanskelig å lære begge målformer  
- ikke har gått på norsk grunnskole på ungdomstrinnet  
- har hatt rett til særskilt språkopplæring  
- har gått på internasjonal eller utenlandsk skole i Norge med godkjent fritak fra sidemål 

Hvis du allerede har fritak i skriftlig sidemål på Vg3, trenger du ikke søke på nytt. 

Fristen for å søke er:  
- 15. september for høsteksamen  
- 1. februar for våreksamen 

Du må legge ved gyldig dokumentasjon. Fritak i skriftlig sidemål betyr ikke fritak fra å lese og forstå tekster på sidemålet i hovedmålseksamen. 

Denne responsen er KI-generert og kan inneholde feil. Denne informasjonen gjelder privatisteksamen. Les mer på www.telemarkfylke.no"
cthr_69dde8c0458c81908eeec619d0954f8a07e995c3010e3c14,2026-04-14 07:16,Tilrettelegging for deg,kan jeg få fritak i sidemål på eksamen?,"Ja, du kan ha rett til fritak i skriftlig sidemål hvis du oppfyller ett av disse vilkårene:

- du hadde fritak i bokmål eller nynorsk på ungdomsskolen  
- du har dokumentert sykdom, skade eller dysfunksjon som gjør det vanskelig å lære begge målformer  
- du ikke har gått på norsk grunnskole på ungdomstrinnet  
- du har hatt rett til særskilt språkopplæring  
- du har gått på internasjonal eller utenlandsk skole i Norge med godkjent fritak fra sidemål 

Hvis du allerede har fritak i skriftlig sidemål på Vg3, trenger du ikke søke på nytt. Fristen er 15. september for høsteksamen og 1. februar for våreksamen. Du må sende inn gyldig dokumentasjon.  

Fritak i skriftlig sidemål betyr ikke fritak fra å lese og forstå tekster på sidemålet i hovedmålseksamen. 

Denne responsen er KI-generert og kan inneholde feil. Denne informasjonen gjelder privatisteksamen. Les mer på www.telemarkfylke.no"
cthr_69dde8c0458c81908eeec619d0954f8a07e995c3010e3c14,2026-04-14 07:18,Tilrettelegging for deg,Kan jeg har hodetelefoner på eksamen?,"Ja, du kan ha hodetelefoner på eksamen. Både kablede og trådløse hodetelefoner kan brukes, men det anbefales å bruke kablede. De kan ikke være koblet til musikkspiller eller telefon. 

I flere eksamener er hodetelefoner et krav. Du må også ha med deg hodetelefoner til skriftlig eksamen. Sjekk hva som gjelder for ditt fag på kandidat.udir.no.  

Du kan høre på musikk under skriftlig eksamen så lenge du ikke forstyrrer andre. Hvis lyden forstyrrer andre, kan eksamensvakten be deg skru ned. Hvis det ikke blir fulgt, kan hodetelefonene bli tatt inn under eksamen. 

Denne responsen er KI-generert og kan inneholde feil. Denne informasjonen gjelder privatisteksamen. Les mer på www.telemarkfylke.no"
cthr_69dde8c0458c81908eeec619d0954f8a07e995c3010e3c14,2026-04-14 07:20,Tilrettelegging for deg,Kan jeg ha med headset på eksamen?,"Ja, du kan ha med headset på eksamen. Både kablede og trådløse kan brukes, men det anbefales å bruke kablede. De kan ikke være koblet til mobil eller musikkspiller. 

I flere fag er hodetelefoner et krav. På skriftlig eksamen må du ha med hodetelefoner. Sjekk hva som gjelder for faget ditt på kandidat.udir.no. 

Denne responsen er KI-generert og kan inneholde feil. Denne informasjonen gjelder privatisteksamen. Les mer på www.telemarkfylke.no"
cthr_69dde96a76788194a2e1e3a41c81f139089af61c7a89cf60,2026-04-14 07:14,Nynorsk fritak samtale,kan jeg få fritak i nynorsk,"Ja, du kan ha rett til fritak i nynorsk som privatist, men det gjelder bare i noen tilfeller. 

Du kan ha rett til fritak hvis du for eksempel:
- hadde fritak på ungdomsskolen
- ikke har gått på norsk grunnskole på ungdomstrinnet
- har hatt rett til særskilt språkopplæring
- har dokumentert sykdom, skade eller vansker som gjør det vanskelig å lære begge målformer 

For privatister er det eksamenskontoret som behandler søknaden. Hvis du allerede har fritak i skriftlig sidemål på Vg3, trenger du ikke søke på nytt.  

Frist for å søke er:
- 15. september for høsteksamen
- 1. februar for våreksamen 

Du må sende inn gyldig dokumentasjon sammen med søknaden. 

Denne responsen er KI-generert og kan inneholde feil. Denne informasjonen gjelder privatisteksamen. Les mer på www.telemarkfylke.no"
cthr_69dde96a76788194a2e1e3a41c81f139089af61c7a89cf60,2026-04-14 07:16,Nynorsk fritak samtale,kan jeg få fritak i sidemål,"Ja, du kan ha rett til fritak i sidemål som privatist i noen tilfeller. 

Dette kan gjelde hvis du for eksempel:
- hadde fritak på ungdomsskolen
- ikke har gått på norsk grunnskole på ungdomstrinnet
- har hatt rett til særskilt språkopplæring
- har dokumentert sykdom, skade eller vansker som gjør det vanskelig å lære begge målformer 

For privatister er det eksamenskontoret som behandler søknaden om fritak. Hvis du allerede har fritak i skriftlig sidemål på Vg3, trenger du ikke søke på nytt. 

Frist for å søke er:
- 15. september for høsteksamen
- 1. februar for våreksamen 

Fritak i skriftlig sidemål betyr ikke fritak fra å lese og forstå tekster på sidemålet. På eksamen i hovedmål kan du fortsatt få tekster på sidemål. 

Denne responsen er KI-generert og kan inneholde feil. Denne informasjonen gjelder privatisteksamen. Les mer på www.telemarkfylke.no"
cthr_69dde96a76788194a2e1e3a41c81f139089af61c7a89cf60,2026-04-14 07:18,Nynorsk fritak samtale,Kan vi bruke hodetelefoner på eksamen,"Ja, du kan bruke hodetelefoner på eksamen. De kan være både kablede og trådløse, men det anbefales å bruke kablede. De kan ikke være koblet til mobil eller musikkspiller. 

I flere eksamener er hodetelefoner faktisk et krav, og du må ha dem med deg. Du kan sjekke hva som gjelder for ditt fag på kandidat.udir.no. 

På skriftlig eksamen kan du høre på musikk, så lenge du ikke forstyrrer andre. Hvis lyden forstyrrer, kan eksamensvakten be deg skru ned eller ta fra deg hodetelefonene. 

Denne responsen er KI-generert og kan inneholde feil. Denne informasjonen gjelder privatisteksamen. Les mer på www.telemarkfylke.no"
cthr_69dde96a76788194a2e1e3a41c81f139089af61c7a89cf60,2026-04-14 07:19,Nynorsk fritak samtale,Kan jeg bruke headsett,"Ja, du kan bruke headset på eksamen. Både kablede og trådløse hodetelefoner kan brukes, men de kan ikke være koblet til mobil eller musikkspiller. Kablede anbefales. 

I flere eksamener er hodetelefoner også et krav. Du må sjekke hva som gjelder for ditt fag på kandidat.udir.no. 

Denne responsen er KI-generert og kan inneholde feil. Denne informasjonen gjelder privatisteksamen. Les mer på www.telemarkfylke.no"
cthr_69dde96a76788194a2e1e3a41c81f139089af61c7a89cf60,2026-04-14 07:21,Nynorsk fritak samtale,kan jeg klage på muntlig eksamen,"Ja, men du kan bare klage på formelle feil ved muntlig eksamen. Du kan ikke klage på selve karakteren. 

Klagefristen er 10 kalenderdager fra du fikk vite karakteren, eller fra du kunne ha gjort deg kjent med den. 

Hvis det har skjedd en formell feil som kan ha påvirket resultatet, mister du karakteren og får tilbud om ny eksamen. 

Eksempler på formelle feil kan være:
- at du ikke fikk den tiden du hadde krav på
- at du ble forstyrret under eksamen
- at oppgaven ikke var innenfor læreplanen
- trakasserende opptreden fra sensorene
- at sensor var inhabil 

Denne responsen er KI-generert og kan inneholde feil. Denne informasjonen gjelder privatisteksamen. Les mer på www.telemarkfylke.no"
cthr_69ddeb5184308195bdaf6f835d914d460d964ea5a05edc17,2026-04-14 07:22,Klagerett ved muntlig eksamen,Kan jeg klage på karakteren på muntlig eksamen?,"Nei. Du kan ikke klage på selve karakteren på muntlig eksamen. Du kan bare klage på formelle feil som kan ha påvirket resultatet, og fristen er 10 kalenderdager fra du fikk vite karakteren 

Eksempler på formelle feil kan være at du ikke fikk tiden du hadde krav på, at du ble forstyrret, eller at oppgaven ikke var innenfor læreplanen 

Denne responsen er KI-generert og kan inneholde feil. Denne informasjonen gjelder privatisteksamen. Les mer på www.telemarkfylke.no"
cthr_69ddeb5184308195bdaf6f835d914d460d964ea5a05edc17,2026-04-14 07:24,Klagerett ved muntlig eksamen,Når får jeg svar på klagen?,"Beklager, jeg finner ikke sikker informasjon om når du får svar på klage på muntlig eksamen. Les mer på www.telemarkfylke.no.

Denne responsen er KI-generert og kan inneholde feil. Denne informasjonen gjelder privatisteksamen. Les mer på www.telemarkfylke.no"
cthr_69ddeb5184308195bdaf6f835d914d460d964ea5a05edc17,2026-04-14 07:26,Klagerett ved muntlig eksamen,Når får jeg eksamenskarakteren?,"Det kommer an på eksamenstypen.

Skriftlig eksamen finner du i Privatistportalen:
- ca. 6. januar for høsteksamen
- ca. 20. juni for våreksamen 

Muntlig, muntlig-praktisk og praktisk eksamen finner du i Privatistportalen så fort karakteren er registrert, normalt kort tid etter eksamensdagen. For muntlig og muntlig-praktisk blir karakteren også offentliggjort etter hver kandidat.  

Denne responsen er KI-generert og kan inneholde feil. Denne informasjonen gjelder privatisteksamen. Les mer på www.telemarkfylke.no"
cthr_69ddeb56a2048193a604bab14f37d85209aa153e56812da2,2026-04-14 07:23,Klage på muntlig eksamen,Kan jeg klage på muntlig eksamen?,"Ja, men på muntlig eksamen kan du bare klage på formelle feil som kan ha påvirket resultatet. Du kan ikke klage på selve karakteren. Klagefristen er 10 kalenderdager fra du fikk vite karakteren. Hvis du får medhold, mister du karakteren og får tilbud om ny eksamen. 

Denne responsen er KI-generert og kan inneholde feil. Denne informasjonen gjelder privatisteksamen. Les mer på www.telemarkfylke.no"
cthr_69ddeb56a2048193a604bab14f37d85209aa153e56812da2,2026-04-14 07:24,Klage på muntlig eksamen,Når får jeg svar på klagen,"Beklager, jeg finner ikke sikker informasjon om når du får svar på klage på muntlig eksamen. Det står at du kan klage innen 10 kalenderdager, men ikke et eget tidspunkt for når svaret kommer på denne typen klage. 

Denne responsen er KI-generert og kan inneholde feil. Denne informasjonen gjelder privatisteksamen. Les mer på www.telemarkfylke.no"
cthr_69ddeb56a2048193a604bab14f37d85209aa153e56812da2,2026-04-14 07:26,Klage på muntlig eksamen,Når får jeg karakter på eksamen,"Det kommer an på eksamenstype:

- Skriftlig eksamen: ca. 6. januar for høsteksamen og ca. 20. juni for våreksamen. Du finner karakteren i Privatistportalen. 
- Muntlig, muntlig-praktisk og praktisk eksamen: normalt kort tid etter eksamensdagen i Privatistportalen. For muntlig og muntlig-praktisk blir karakteren også offentliggjort etter hver kandidat.  

Denne responsen er KI-generert og kan inneholde feil. Denne informasjonen gjelder privatisteksamen. Les mer på www.telemarkfylke.no"
cthr_69ddebbc2f0081969c035c176eb43e8800af0aee6fb224a9,2026-04-14 07:24,Ventetid for klagebesvarelse,når får jeg svar på klagen,"Det kommer an på hvilken klage du har sendt inn:

- Hurtigklage etter våreksamen: Du finner svar i Privatistportalen i løpet av uke 26. 
- Ordinær klage etter våreksamen: Du finner svar i Privatistportalen fra 10. september. 
- Klage etter høsteksamen: Du finner svar i Privatistportalen 15. mars. 

Denne responsen er KI-generert og kan inneholde feil. Denne informasjonen gjelder privatisteksamen. Les mer på www.telemarkfylke.no"
cthr_69ddebbc2f0081969c035c176eb43e8800af0aee6fb224a9,2026-04-14 07:26,Ventetid for klagebesvarelse,Når får jeg karakter på eksamen,"Du finner karakteren i Privatistportalen.

- Skriftlig eksamen: ca. 6. januar for høsteksamen og ca. 20. juni for våreksamen. Forsinkelser kan forekomme. 
- Muntlig, muntlig-praktisk og praktisk eksamen: normalt kort tid etter eksamensdagen. 

Denne responsen er KI-generert og kan inneholde feil. Denne informasjonen gjelder privatisteksamen. Les mer på www.telemarkfylke.no"
cthr_69e0d0ac67108193ae15a6729a7b7c7b09b6345208cc01f3,2026-04-16 12:06,Gibberish User Prompt,hjkhkj,"Beklager, jeg forstår ikke spørsmålet ditt. Skriv gjerne hva du lurer på om privatisteksamen, så skal jeg hjelpe deg.

Denne responsen er KI-generert og kan inneholde feil. Denne informasjonen gjelder privatisteksamen. Les mer på www.telemarkfylke.no"
cthr_69e8c2589fc48194aebc8f2c2e9e5fd308edf29eb10e6085,2026-04-22 12:43,Eksamen forberedelsessamtale,Trenger jeg legg på eksamen,"Ja. Du må ha med gyldig legitimasjon med bilde på eksamensdagen. Hvis du ikke har det med, får du ikke gjennomføre eksamen. Godkjent legitimasjon er for eksempel pass, norsk ID-kort og norsk førerkort 

Denne responsen er KI-generert og kan inneholde feil. Denne informasjonen gjelder privatisteksamen. Les mer på www.telemarkfylke.no"
cthr_69e8c2589fc48194aebc8f2c2e9e5fd308edf29eb10e6085,2026-04-22 12:43,Eksamen forberedelsessamtale,Jeg har dysleksi kan jeg bruke hjelpmidler på eksamen,"Ja, du kan ha rett til tilrettelegging på eksamen hvis du har dysleksi og kan dokumentere behovet ditt 

Du må søke om tilrettelegging i Privatistportalen etter at du har meldt deg opp og betalt for faget. Du må også laste opp dokumentasjon. Ved dysleksi kan dokumentasjon være fra for eksempel PPT eller logoped 

Frist for å søke er:
- 15. september for høsteksamen
- 1. februar for våreksamen 

For hvilke hjelpemidler som er tillatt i ditt fag, se også informasjon om hjelpemidler. Noen fag har egne regler 

Privatistportalen: https://privatist.inschool.visma.no/

Denne responsen er KI-generert og kan inneholde feil. Denne informasjonen gjelder privatisteksamen. Les mer på www.telemarkfylke.no"
cthr_69e8c2c9dd408190905ecaf2d8600d5e022062f1afc97720,2026-04-22 12:44,English Exam Prep Tips,"Jeg er ikke så god i norsk, kan du skrive på engelsk hva jeg må huske på før eksamen min","Of course. Here is a short checklist in English:

Before your exam, remember to:

- Bring valid photo ID. If you do not bring valid ID, you cannot take the exam. Accepted ID includes passport, Norwegian ID card, and some other official IDs. Copies and expired ID are not accepted. 
- Check the exact date and place for your exam in the private candidate portal. 
- For written exams, be there at 08:00. Written exams are mainly held in Porsgrunn Tennishall. 
- Bring your own PC. The exam is mainly digital. 
- Make sure your PC is updated and works properly before the exam. You are responsible for your software and browser. 
- Have a writing program that works without internet. Word is recommended. Some answers must be saved and uploaded as Word or PDF. 
- Bring headphones. This is required for some exams. 
- In some foreign language exams, you may also need a special keyboard. 
- If your subject has a preparation part, it is published at 09:00 on the preparation day at kandidat.udir.no. 
- Read the exam rules for your subject carefully. Different subjects may have different rules. Sjekk alltid UDIR.

If you want, I can also make this into:
- very simple English
- a checklist
- or translate it to your language

Denne responsen er KI-generert og kan inneholde feil. Denne informasjonen gjelder privatisteksamen. Les mer på www.telemarkfylke.no"
cthr_69f34558379c81979df0800950ddd5f7005fc119ee04cd97,2026-04-30 12:04,Søker svar sammen,Jeg vet ikke,"Det går helt fint.

Du kan skrive hva du lurer på om privatisteksamen. For eksempel:
- oppmelding og betaling 
- dato og sted for eksamen 
- tilrettelegging 
- karakterer og resultat 

Denne responsen er KI-generert og kan inneholde feil. Denne informasjonen gjelder privatisteksamen. Les mer på www.telemarkfylke.no"
cthr_69f34c4817508195ab01830830495e6500be259e009ac800,2026-04-30 12:34,Hello From AI Assistant,hei,"Hei! Hvordan kan jeg hjelpe deg med privatisteksamen?

Denne responsen er KI-generert og kan inneholde feil. Denne informasjonen gjelder privatisteksamen. Les mer på www.telemarkfylke.no"
cthr_69f34cb33b048196b7ef1486a260df8f03f39d33749c379b,2026-04-30 12:36,Samtale med AI om medbringelse,Må jeg ha med legg?,"Ja. Du må ha med gyldig legitimasjon med bilde på eksamensdagen. Uten dette får du ikke starte eller gjennomføre eksamen. 

Godkjent legitimasjon er blant annet pass, norsk ID-kort og norsk førerkort utstedt etter 01.01.1998. Kopi eller utgått legitimasjon blir ikke godtatt. 

Denne responsen er KI-generert og kan inneholde feil. Denne informasjonen gjelder privatisteksamen. Les mer på www.telemarkfylke.no"
cthr_69f34cbabda08194a6266835f7093b490b3c1cec1469b7b4,2026-04-30 12:36,AI and User Greeting,Hei,"Hei! Hva lurer du på om privatisteksamen?

Denne responsen er KI-generert og kan inneholde feil. Denne informasjonen gjelder privatisteksamen. Les mer på www.telemarkfylke.no"
cthr_69f34eb7bcd88197a199a0184184a3620161021f7b2503ad,2026-04-30 12:44,Iron and AI Chat,fe,"Beklager, jeg forstår ikke helt spørsmålet ditt. Kan du skrive litt mer om hva du lurer på om privatisteksamen?

Denne responsen er KI-generert og kan inneholde feil. Denne informasjonen gjelder privatisteksamen. Les mer på www.telemarkfylke.no"
cthr_69f3584b8dd081938e9f82a4569785a201566db93f0ea5b8,2026-04-30 13:25,Planlegg eksamenstid sammen,når er ejksamen,"Privatisteksamen arrangeres to ganger i året:

- Høsteksamen: november–desember 
- Våreksamen: april–juni 

Skriftlige datoer ser du i privatistportalen når du melder deg opp. Muntlig dato blir publisert der ca. 1. november for høst og ca. 1. april for vår. 

Privatistportalen: https://privatist.inschool.visma.no/

Denne responsen er KI-generert og kan inneholde feil. Denne informasjonen gjelder privatisteksamen. Les mer på www.telemarkfylke.no"
cthr_69f35995292881958022491c333aed6402445d4d69240e9f,2026-04-30 13:31,Eksamen dato forespørsel,Når er eksamen,"Privatisteksamen arrangeres to ganger i året:

- Høstek­samen: november–desember   
- Våreksamen: april–juni   

For skriftlig eksamen ser du eksakt dato i privatistportalen når du melder deg opp. For muntlig eksamen blir dato publisert i privatistportalen ca. 1. november for høst og ca. 1. april for vår. 

Privatistportalen: https://privatist.inschool.visma.no/

Denne responsen er KI-generert og kan inneholde feil. Denne informasjonen gjelder privatisteksamen. Les mer på www.telemarkfylke.no"
cthr_69f853d251908195a466700cce1676970e629c53ec08228b,2026-05-04 08:07,Samtale mellom AI og Jens,jeg heter jens,"Hei, Jens! Hva lurer du på om privatisteksamen?

Denne responsen er KI-generert og kan inneholde feil. Denne informasjonen gjelder privatisteksamen. Les mer på www.telemarkfylke.no"
cthr_69f8c21a4ce88194811e05bc7022fd0a017f7c57b4072f92,2026-05-04 15:58,Råd om eksamens indsendelse,skal jeg levere eksamenbesvarelsen som PDF dokument?,"Det kommer an på faget og hvordan oppgaven skal besvares.

Hvis du skal laste opp en fil, kan du lagre besvarelsen som Word eller PDF før du leverer .  
I noen fag med sikker nettleser svarer du direkte i en tekstboks, og da bruker du ikke PDF .

Denne responsen er KI-generert og kan inneholde feil. Denne informasjonen gjelder privatisteksamen. Les mer på www.telemarkfylke.no"
cthr_69f8c21a4ce88194811e05bc7022fd0a017f7c57b4072f92,2026-05-04 15:59,Råd om eksamens indsendelse,"Norsk skriftlig hovedmåls-eksamen i Skien videregående skole, våren 2026. Altså: bokmålseksamenen.","For norsk skriftlig hovedmål kan du levere digitalt. Hvis oppgaven skal lastes opp som fil, kan du lagre besvarelsen som Word eller PDF før du leverer 

Jeg finner ikke sikker informasjon om at det må være bare PDF for akkurat bokmålseksamen våren 2026. I noen fag og løsninger kan du også svare direkte i systemet 

Ulike fag kan ha ulike retningslinjer for gjennomføring av eksamen. Sjekk alltid UDIR

Denne responsen er KI-generert og kan inneholde feil. Denne informasjonen gjelder privatisteksamen. Les mer på www.telemarkfylke.no"
cthr_69f8c21a4ce88194811e05bc7022fd0a017f7c57b4072f92,2026-05-04 16:00,Råd om eksamens indsendelse,Så jeg kan levere som PDF?,"Ja, hvis du skal laste opp besvarelsen som fil, kan du levere som PDF. Du kan også lagre som Word før opplasting og levering 

Denne responsen er KI-generert og kan inneholde feil. Denne informasjonen gjelder privatisteksamen. Les mer på www.telemarkfylke.no"
cthr_69f8c21a4ce88194811e05bc7022fd0a017f7c57b4072f92,2026-05-04 16:00,Råd om eksamens indsendelse,Helt sikker?,"Jeg kan ikke si helt sikkert for akkurat din eksamen.

Det jeg kan si, er at når besvarelsen skal lastes opp som fil, kan den lagres som Word eller PDF før levering . Samtidig finnes det fag og løsninger der du svarer direkte i systemet i stedet for å laste opp en fil .

Ulike fag kan ha ulike retningslinjer for gjennomføring av eksamen. Sjekk alltid UDIR

Denne responsen er KI-generert og kan inneholde feil. Denne informasjonen gjelder privatisteksamen. Les mer på www.telemarkfylke.no"
cthr_69f8f0887e888195835a9f80124394a2062e94742aa53158,2026-05-04 19:16,Matematikkeksamen Mal Samtale,"mal besvar, matematikkeksaen","Beklager, jeg finner ikke sikker informasjon om en egen malbesvarelse for matematikkeksamen.

Det jeg kan si, er at matematikkeksamen er 2-delt. Del 1 må leveres på papir. Del 2 kan leveres elektronisk eller på papir. 

Du kan også finne tidligere gitte eksamensoppgaver og eksamensveiledninger.  

Ulike fag kan ha ulike retningslinjer for gjennomføring av eksamen. Sjekk alltid UDIR

Denne responsen er KI-generert og kan inneholde feil. Denne informasjonen gjelder privatisteksamen. Les mer på www.telemarkfylke.no"
cthr_69f901e592e081909686a426f86664b1093f73d802f6e707,2026-05-04 20:30,Er PocketID gyldig eksamenslegitimasjon,Jeg har kun PocketID er det gyldig for legitimasjon for eksamen?,"Nei, jeg finner ikke PocketID i listen over gyldig legitimasjon til eksamen. Du må vise gyldig legitimasjon med bilde, for eksempel pass, norsk ID-kort eller norsk førerkort utstedt etter 01.01.1998. Digitalt førerkort er også godkjent. Kopi eller utgått legitimasjon blir ikke godtatt. Har du ikke gyldig legitimasjon, får du ikke gjennomføre eksamen. 

Denne responsen er KI-generert og kan inneholde feil. Denne informasjonen gjelder privatisteksamen. Les mer på www.telemarkfylke.no"
cthr_69f9aaa5a798819386ff484f34d1d8120c7a8beda94ca978,2026-05-05 08:30,AI svarer på spørsmål,Hva kan du svare på,"Jeg kan svare på spørsmål om privatisteksamen i Telemark. For eksempel: oppmelding, frister, eksamensavgift, dato og sted for eksamen, tilrettelegging, sykdom/fravær, karakterer, klage, læreplaner og gjennomføring av muntlig, skriftlig og praktisk eksamen.   

Jeg kan også svare kort om enkelte fag, som språkfag, norsk, realfag og fremmedspråk, når det gjelder regler for privatisteksamen.  

Hvis du vil, kan du spørre for eksempel:
- Hvordan melder jeg meg opp?
- Når er fristen?
- Hvor skal jeg møte?
- Hva koster eksamen?
- Hva gjør jeg hvis jeg blir syk?
- Når kommer karakterene?

Denne responsen er KI-generert og kan inneholde feil. Denne informasjonen gjelder privatisteksamen. Les mer på www.telemarkfylke.no"
cthr_69f9c4b75ac48193a140d702d6266e1a05daf1ed71942918,2026-05-05 10:21,Eksamen og navn i oppgaven,stryker jeg på eksamen i norsk hvis jeg har skrevet navnet mitt i oppgaven,"Beklager, jeg finner ikke sikker informasjon om at du automatisk stryker hvis du har skrevet navnet ditt i oppgaven. Det finnes generelle retningslinjer og eksamensreglement for gjennomføring av eksamen 

Ulike fag kan ha ulike retningslinjer for gjennomføring av eksamen. Sjekk alltid UDIR.

Denne responsen er KI-generert og kan inneholde feil. Denne informasjonen gjelder privatisteksamen. Les mer på www.telemarkfylke.no"
cthr_69fa38d3fc648197b14b47b0e09e5615054a84cce5008bfb,2026-05-05 18:37,Ventetid for klagebesvarelse,hvor lang tid tar det før jeg får svar på klagen?,"Det kommer an på hvilken klage du har sendt inn.

For skriftlig eksamen:
- Hurtigklage våren: svar i Privatistportalen i løpet av uke 26 
- Ordinær klage etter våreksamen: svar i Privatistportalen fra 10. september 
- Klage etter høsteksamen: svar i Privatistportalen 15. mars 

Hvis du vil sjekke status, kan du logge inn her:
https://privatist.inschool.visma.no/

Denne responsen er KI-generert og kan inneholde feil. Denne informasjonen gjelder privatisteksamen. Les mer på www.telemarkfylke.no"
cthr_69fa38d3fc648197b14b47b0e09e5615054a84cce5008bfb,2026-05-05 18:38,Ventetid for klagebesvarelse,hvor lang tid tar det før jeg får svar på klagen på praktisk eksamen,"Beklager, jeg finner ikke sikker informasjon om hvor lang tid det tar å få svar på klage på praktisk eksamen. For praktisk eksamen kan du bare klage på formelle feil, og fristen er 10 kalenderdager fra du fikk vite karakteren 

Les mer på www.telemarkfylke.no.

Denne responsen er KI-generert og kan inneholde feil. Denne informasjonen gjelder privatisteksamen. Les mer på www.telemarkfylke.no"
cthr_69fa611caf7c81959838257bfeb3810a0df2ee834e2bddf8,2026-05-05 21:29,Fravær fra eksamen konsekvenser,Hva skjer vis jeg ikke møter opp til eksamen,"Hvis du ikke møter opp, blir du registrert som **ikke møtt**. Det har ingen praktisk betydning utover at du må **melde deg opp og betale på nytt** hvis du vil ta eksamen senere. Eksamensavgiften blir ikke refundert etter oppmeldingsfristen. 

Hvis du er syk eller har en annen gyldig grunn på selve eksamensdagen, kan du ha rett til **utsatt eksamen**. Da må du registrere fraværet og laste opp dokumentasjon innen **10 virkedager** etter eksamensdatoen. 

Denne responsen er KI-generert og kan inneholde feil. Denne informasjonen gjelder privatisteksamen. Les mer på www.telemarkfylke.no"
cthr_69fa611caf7c81959838257bfeb3810a0df2ee834e2bddf8,2026-05-05 21:29,Fravær fra eksamen konsekvenser,Må jeg betale uansett vis jeg ikke har tatt den,"Ja. Hvis du ikke møter opp etter oppmeldingsfristen, blir eksamensavgiften **ikke refundert**. Du blir registrert som **ikke møtt**. Hvis du vil ta eksamen senere, må du **melde deg opp og betale på nytt**. 

Denne responsen er KI-generert og kan inneholde feil. Denne informasjonen gjelder privatisteksamen. Les mer på www.telemarkfylke.no"
cthr_69fa611caf7c81959838257bfeb3810a0df2ee834e2bddf8,2026-05-05 21:30,Fravær fra eksamen konsekvenser,Men hvordan betaler jeg,"Du betaler **med kort** i Privatistportalen.  
Slik gjør du det:

1. Logg inn via ID-porten  
2. Registrer fagene du vil melde deg opp i  
3. Betal eksamensavgiften direkte i betalingsløsningen i portalen 

Oppmeldingen er **ikke gyldig før du har betalt**, og betaling må skje innen fristen for oppmelding. 

Privatistportalen: https://privatist.inschool.visma.no/

Denne responsen er KI-generert og kan inneholde feil. Denne informasjonen gjelder privatisteksamen. Les mer på www.telemarkfylke.no"
cthr_69fa611caf7c81959838257bfeb3810a0df2ee834e2bddf8,2026-05-05 21:30,Fravær fra eksamen konsekvenser,Men hvordan kan jeg bli satt dato på eksamen vis jeg ikke har betalt enda,"Du kan se eksamensdato i Privatistportalen når du melder deg opp. For skriftlig eksamen er eksamensdato oppgitt der. Samtidig er oppmeldingen **ikke gyldig før du har betalt** eksamensavgiften.  

Det betyr at du kan få vist en dato i portalen før betaling, men du er ikke gyldig meldt opp før betalingen er registrert. 

Privatistportalen: https://privatist.inschool.visma.no/

Denne responsen er KI-generert og kan inneholde feil. Denne informasjonen gjelder privatisteksamen. Les mer på www.telemarkfylke.no"
cthr_69fa611caf7c81959838257bfeb3810a0df2ee834e2bddf8,2026-05-05 21:31,Fravær fra eksamen konsekvenser,Så vis jeg ikke har betalt for eksamen men fått date men ikke dykket opp så trenger jeg ikke å betale,"Hvis du **ikke har betalt**, er oppmeldingen **ikke gyldig**. Betaling må være registrert innen fristen for oppmelding.  

Jeg kan derfor bare si sikkert dette:  
Du er **ikke gyldig meldt opp før du har betalt**. At du har sett en dato i portalen betyr ikke i seg selv at oppmeldingen er gyldig. 

Privatistportalen: https://privatist.inschool.visma.no/

Denne responsen er KI-generert og kan inneholde feil. Denne informasjonen gjelder privatisteksamen. Les mer på www.telemarkfylke.no"
cthr_69faed5c7ac4819481295c9293e29de304fae0b51483d685,2026-05-06 07:27,Sykdomsveiledning med AI,hva gjør jeg om jeg blir syk?,"Hvis du blir syk på eksamensdagen og ikke kan møte, kan du ha rett til utsatt eksamen. Du må registrere deg i avmeldingsskjema og laste opp dokumentasjon, for eksempel legeerklæring. Fristen er 10 virkedager fra eksamensdatoen din. Hvis dokumentasjonen blir godkjent, blir du overført til neste eksamensperiode. 

Blir du syk under selve eksamen, må du si fra med en gang til eksamensvakten. Da får du beskjed om det er grunnlag for å avbryte eksamen med rett til utsatt eksamen. Du må også registrere sykdom og laste opp legeerklæring innen 10 virkedager. 

https://privatist.inschool.visma.no/

Denne responsen er KI-generert og kan inneholde feil. Denne informasjonen gjelder privatisteksamen. Les mer på www.telemarkfylke.no"
cthr_69faee3bfff881909e939e4f96996d380b5639fc020aff9e,2026-05-06 07:31,First Hello Conversation,hei,"Hei! Hvordan kan jeg hjelpe deg med privatisteksamen?

Denne responsen er KI-generert og kan inneholde feil. Denne informasjonen gjelder privatisteksamen. Les mer på www.telemarkfylke.no"
cthr_69faee6641748190bac75e87003e9642005c2267b09e3cf7,2026-05-06 07:31,Hjelpemidler under eksamen,Eksamen hes2007 ytelsesnivået i helseservicefag. Er det lov med hjelpemidler på hele eksamen?,"Det kan jeg ikke svare sikkert ja eller nei på for HES2007.

Ulike fag kan ha ulike retningslinjer for gjennomføring av eksamen. Sjekk alltid UDIR. For noen fag er det egne regler for hjelpemidler, og i enkelte fag brukes sikker nettleser. Da får du bare tilgang til de digitale hjelpemidlene som er åpnet i eksamen, men fysiske bøker, notater og oppslagsverk kan fortsatt være tillatt 

For å sjekke akkurat HES2007:
Gå til kandidat.udir.no, legg inn fagkoden HES2007, og trykk på «se info». Der står det hvilke hjelpemidler som gjelder for faget 

Denne responsen er KI-generert og kan inneholde feil. Denne informasjonen gjelder privatisteksamen. Les mer på www.telemarkfylke.no"
cthr_69faee88fcf08195b79636a53013b8e70a3f69f47b1370f5,2026-05-06 07:32,Samtale Med AI Begynner,Hei,"Hei! Hva lurer du på om privatisteksamen?

Denne responsen er KI-generert og kan inneholde feil. Denne informasjonen gjelder privatisteksamen. Les mer på www.telemarkfylke.no"
cthr_69faf20b03bc81968ae3a5e933a148d006150a6b0fa9d1eb,2026-05-06 07:47,Første AI Samtale,Hei,"Hei! Hvordan kan jeg hjelpe deg med privatisteksamen?

Denne responsen er KI-generert og kan inneholde feil. Denne informasjonen gjelder privatisteksamen. Les mer på www.telemarkfylke.no"
cthr_69fafd5775f8819590531f57961d1b790f8283d08ca01edc,2026-05-06 08:35,Eksamensforberedelser med AI,Hva må jeg huske på før eksamen,"Før eksamen bør du huske dette:

- Sett deg inn i reglene for eksamen og læreplanen i faget  
- Ta med gyldig legitimasjon med bilde. Uten gyldig legitimasjon får du ikke gjennomføre eksamen 
- Sjekk dato, tid og sted i privatistportalen. Skriftlig eksamen arrangeres hovedsakelig i Porsgrunn tennishall, men logg deg inn på privatistportalen for eksakt informasjon om din eksamen.  
- Til skriftlig eksamen må du bruke egen PC. Den må være oppdatert og fungere som den skal 
- Test på forhånd at du har et skriveprogram som virker uten internett. Du må også ha med hodetelefoner 
- Hvis faget har forberedelsesdel, ligger den ute på kandidat.udir.no fra kl. 09.00 på forberedelsesdagen 
- Ulike fag kan ha ulike retningslinjer for gjennomføring av eksamen. Sjekk alltid UDIR.

Denne responsen er KI-generert og kan inneholde feil. Denne informasjonen gjelder privatisteksamen. Les mer på www.telemarkfylke.no"
cthr_69fb00cd083481978efb31c9dafe876f0bdc3209ac0abe0c,2026-05-06 08:50,Eksamensdatoer og planlegging,når skal jeg ha eksamen,"Privatisteksamen arrangeres to ganger i året:

- Våreksamen: april til juni 
- Høsteksamen: november til desember 

Når du skal ha eksamen, ser du i Privatistportalen.  
For skriftlig eksamen står datoen der når du melder deg opp.   
For muntlig og muntlig-praktisk eksamen publiseres dato og sted cirka 1. april for vår og cirka 1. november for høst. 

Privatistportalen: https://privatist.inschool.visma.no/

Denne responsen er KI-generert og kan inneholde feil. Denne informasjonen gjelder privatisteksamen. Les mer på www.telemarkfylke.no"
cthr_69fb27b472208197bc0fac1a7736ef2e08439ffe706e507a,2026-05-06 11:36,Privat PC veiledning,jeg har min privat pc,"Ja, du skal bruke egen PC på skriftlig eksamen. Du er selv ansvarlig for at PC-en har oppdatert programvare og nettleser, og at den virker som den skal. 

Du bør også ha et skriveprogram som fungerer uten internett. Word er anbefalt. Du må også ha med hodetelefoner. 

Denne responsen er KI-generert og kan inneholde feil. Denne informasjonen gjelder privatisteksamen. Les mer på www.telemarkfylke.no"
cthr_69fb27b472208197bc0fac1a7736ef2e08439ffe706e507a,2026-05-06 11:42,Privat PC veiledning,trenge jeg ikke noen passwort,"Hvis du blir bedt om passord til tidligere gitte eksamensoppgaver, er passordet **Eksamen**. 

På eksamensdagen skal du logge inn på **kandidat.udir.no** ved eksamensstart. 

Denne responsen er KI-generert og kan inneholde feil. Denne informasjonen gjelder privatisteksamen. Les mer på www.telemarkfylke.no"
cthr_69fb2b6d91dc8196b72eae5d26ffe6b5069d4a6edd440874,2026-05-06 11:52,Greeting to an AI Assistant,hei,"Hei! Hvordan kan jeg hjelpe deg med privatisteksamen?

Denne responsen er KI-generert og kan inneholde feil. Denne informasjonen gjelder privatisteksamen. Les mer på www.telemarkfylke.no"
cthr_69fc4965f4f48195b47d37eec082dcd8080eba6bb991ce82,2026-05-07 08:12,Privatist Eksamenshjelp,"Hvor er min eksamen, jeg er privatist","Skriftlig eksamen arrangeres hovedsakelig i Porsgrunn tennishall, men logg deg inn på privatistportalen for eksakt informasjon om din eksamen. 

For muntlig og muntlig-praktisk eksamen er stedet hovedsakelig Skien videregående skole. Praktisk eksamen blir som regel holdt ved en videregående skole i fylket. Du finner eksakt sted i Privatistportalen.  

Privatistportalen: https://privatist.inschool.visma.no/

Denne responsen er KI-generert og kan inneholde feil. Denne informasjonen gjelder privatisteksamen. Les mer på www.telemarkfylke.no"
cthr_69fc4965f4f48195b47d37eec082dcd8080eba6bb991ce82,2026-05-07 08:12,Privatist Eksamenshjelp,Kan jeg benytte meg av lingdys?,"Beklager, jeg finner ikke sikker informasjon om Lingdys spesielt.

Det står at noen hjelpemidler kan være tillatt, og at dette kan variere fra fag til fag. Du kan sjekke hva som gjelder for faget ditt på kandidat.udir.no ved å søke opp fagkoden  

Hvis du trenger dette som tilrettelegging, må du søke i Privatistportalen etter at du har meldt deg opp og betalt. Du må også laste opp dokumentasjon 

Privatistportalen: https://privatist.inschool.visma.no/

Denne responsen er KI-generert og kan inneholde feil. Denne informasjonen gjelder privatisteksamen. Les mer på www.telemarkfylke.no"
cthr_69fc4965f4f48195b47d37eec082dcd8080eba6bb991ce82,2026-05-07 08:13,Privatist Eksamenshjelp,"Jeg har dysleksi, kan jeg bruke andre hjelpemidler+","Ja, du kan søke om tilrettelegging hvis du har dysleksi.

Du må søke i Privatistportalen etter at du har meldt deg opp og betalt for faget. Du må laste opp dokumentasjon, for eksempel fra PPT, logoped eller annen sakkyndig instans    

Hvilke hjelpemidler du kan bruke, avhenger av faget og eksamensformen. Sjekk alltid kandidat.udir.no med fagkoden din for å se hva som er tillatt på din eksamen  

Privatistportalen: https://privatist.inschool.visma.no/

Denne responsen er KI-generert og kan inneholde feil. Denne informasjonen gjelder privatisteksamen. Les mer på www.telemarkfylke.no"
cthr_69fc4965f4f48195b47d37eec082dcd8080eba6bb991ce82,2026-05-07 08:13,Privatist Eksamenshjelp,"Okay, så jeg må søke?","Ja, hvis du trenger tilrettelegging, må du søke selv.

Du søker i Privatistportalen etter at du har meldt deg opp og betalt for faget. Du må også laste opp dokumentasjon  

Privatistportalen: https://privatist.inschool.visma.no/

Denne responsen er KI-generert og kan inneholde feil. Denne informasjonen gjelder privatisteksamen. Les mer på www.telemarkfylke.no"
cthr_69fc4965f4f48195b47d37eec082dcd8080eba6bb991ce82,2026-05-07 08:13,Privatist Eksamenshjelp,Men trenger jeg å søke? Jeg trodde lingdys var lov uansett,"Beklager, jeg finner ikke sikker informasjon om at Lingdys er lov uten søknad.

Det som står, er at hvilke hjelpemidler som er tillatt kan variere fra fag til fag. Du må sjekke hva som gjelder for faget ditt på kandidat.udir.no med fagkoden din.

Hvis du trenger Lingdys som tilrettelegging på grunn av dysleksi, må du søke om tilrettelegging i Privatistportalen etter at du har meldt deg opp og betalt.

Privatistportalen: https://privatist.inschool.visma.no/

Denne responsen er KI-generert og kan inneholde feil. Denne informasjonen gjelder privatisteksamen. Les mer på www.telemarkfylke.no"
cthr_69fc4965f4f48195b47d37eec082dcd8080eba6bb991ce82,2026-05-07 08:15,Privatist Eksamenshjelp,"Du skriver hvis du trenger lingdys som tilrettelegging på grunn av dysleksi må du søke om tilrettelegging, det må jeg ikke.","Du har rett i at jeg var uklar. Beklager.

Jeg kan ikke bekrefte at du må søke spesielt for Lingdys. Jeg finner bare sikker informasjon om dette:

- Tillatte hjelpemidler kan variere fra fag til fag. Du må sjekke hva som gjelder for faget ditt på kandidat.udir.no med fagkoden din. 
- Hvis du trenger tilrettelegging på grunn av dysleksi, må du søke om tilrettelegging i Privatistportalen og laste opp dokumentasjon. 

Privatistportalen: https://privatist.inschool.visma.no/

Denne responsen er KI-generert og kan inneholde feil. Denne informasjonen gjelder privatisteksamen. Les mer på www.telemarkfylke.no"
cthr_69fc4965f4f48195b47d37eec082dcd8080eba6bb991ce82,2026-05-07 08:15,Privatist Eksamenshjelp,Du trenger kun å søke om du skal gjennomføre i SEB,"Jeg kan ikke bekrefte at du kun må søke hvis eksamen går i SEB.

Det jeg kan bekrefte, er dette:
- Ved eksamen i SEB får du ikke tilgang til noe som er lagret på PC-en din. Bare hjelpemidler som er åpnet i selve oppgavesettet er tilgjengelige 
- Hvis du har behov for tilrettelegging, må du søke i Privatistportalen etter at du har meldt deg opp og betalt 
- Hvilke hjelpemidler som er tillatt kan variere fra fag til fag. Sjekk fagkoden din på kandidat.udir.no 

Privatistportalen: https://privatist.inschool.visma.no/

Denne responsen er KI-generert og kan inneholde feil. Denne informasjonen gjelder privatisteksamen. Les mer på www.telemarkfylke.no"
cthr_69fc4965f4f48195b47d37eec082dcd8080eba6bb991ce82,2026-05-07 08:15,Privatist Eksamenshjelp,hva slags hjelpemidler har jeg tilgjengelig i SEB?,"I SEB får du bare tilgang til de digitale hjelpemidlene som er lagt inn i selve oppgavesettet. Du får ikke tilgang til noe som er lagret på PC-en din 

Dette gjelder også:
- Word, Excel og andre skriveprogram kan ikke brukes i SEB 
- Du svarer direkte i en tekstboks i eksamen 
- Du kan fortsatt ha med fysiske bøker, notater og oppslagsverk 

Hvilke hjelpemidler du faktisk får i SEB, avhenger av fagkoden. Sjekk dette på kandidat.udir.no ved å legge inn fagkoden og trykke på «se info» 

Denne responsen er KI-generert og kan inneholde feil. Denne informasjonen gjelder privatisteksamen. Les mer på www.telemarkfylke.no"
cthr_69fc4965f4f48195b47d37eec082dcd8080eba6bb991ce82,2026-05-07 08:16,Privatist Eksamenshjelp,Må jeg installere seb selv eller kan de hjelpe meg med det når jeg ankommer,"Du må regne med å ordne PC-en selv på forhånd.

Det står at du selv er ansvarlig for at programvaren du skal bruke er oppdatert og fungerer som den skal . Det står også at eksamensvaktene kan veilede deg med pålogging og levering når du er på plass .

Jeg finner ikke sikker informasjon om de kan hjelpe deg med selve installeringen av SEB når du kommer.

Denne responsen er KI-generert og kan inneholde feil. Denne informasjonen gjelder privatisteksamen. Les mer på www.telemarkfylke.no"
cthr_69fc4965f4f48195b47d37eec082dcd8080eba6bb991ce82,2026-05-07 08:17,Privatist Eksamenshjelp,Kan jeg ta med ipad eller chromebook?,"Ja, du kan ta med iPad eller Chromebook, men det anbefales ikke.

Du må bruke egen PC ved eksamen. Hvis du velger nettbrett eller Chromebook, kan du ikke regne med å få support hvis noe ikke virker 

Det er derfor tryggest å bruke vanlig PC.

Denne responsen er KI-generert og kan inneholde feil. Denne informasjonen gjelder privatisteksamen. Les mer på www.telemarkfylke.no"
cthr_69fc5c9765b88197881740031c46f0d7071950e6aeb12236,2026-05-07 09:34,Krav til riktig PC,er det noen krav til hva slags pc jeg trenger?,"Ja. Du må bruke egen PC på eksamen. Den må ha oppdatert programvare og nettleser, og du er selv ansvarlig for at alt fungerer som det skal 

Det er også viktig at:
- du har et skriveprogram som virker uten internett, gjerne Word 
- du kan lagre og levere som Word- eller PDF-fil når faget krever det 
- du har med hodetelefoner 
- du ikke regner med å få hjelp hvis du bruker nettbrett eller Chromebook 

I noen fag brukes sikker nettleser. Da kan du ikke bruke Word eller andre tekstprogrammer under eksamen 

Les mer om tekniske krav her: kandidat.udir.no

Denne responsen er KI-generert og kan inneholde feil. Denne informasjonen gjelder privatisteksamen.  
Les mer på www.telemarkfylke.no"
cthr_69fc5c9765b88197881740031c46f0d7071950e6aeb12236,2026-05-07 09:34,Krav til riktig PC,kan jeg bruke cromebook?,"Du kan bruke Chromebook, men det anbefales ikke. Hvis du velger Chromebook, kan du ikke regne med å få teknisk hjelp under eksamen 

Du må også selv passe på at utstyr og programvare fungerer som det skal før eksamen 

Se mer om tekniske krav her: kandidat.udir.no

Denne responsen er KI-generert og kan inneholde feil. Denne informasjonen gjelder privatisteksamen.  
Les mer på www.telemarkfylke.no"
cthr_69fc666e5ca481968bfd4e2f57a03f530e4c965a1dce8c81,2026-05-07 10:16,Bruke Lovdata i eksamen,jeg lurer på om jeg kan benytte lovdata på eksamen,"Det kan variere fra fag til fag. Ulike fag kan ha ulike retningslinjer for gjennomføring av eksamen. Sjekk alltid UDIR. Ved eksamen i sikker nettleser får du bare tilgang til de digitale hjelpemidlene som ligger i selve oppgavesettet, mens fysiske bøker, notater og oppslagsverk fortsatt er tillatt 

Denne responsen er KI-generert og kan inneholde feil. Denne informasjonen gjelder privatisteksamen. Les mer på www.telemarkfylke.no"
cthr_69fc666e5ca481968bfd4e2f57a03f530e4c965a1dce8c81,2026-05-07 10:16,Bruke Lovdata i eksamen,kan siden www.lovdata.no benyttes,"Beklager, jeg finner ikke sikker informasjon om at www.lovdata.no kan brukes på eksamen.

Det kan variere fra fag til fag. Ulike fag kan ha ulike retningslinjer for gjennomføring av eksamen. Sjekk alltid UDIR. Ved eksamen i sikker nettleser får du bare tilgang til de digitale hjelpemidlene som ligger i oppgavesettet 

Denne responsen er KI-generert og kan inneholde feil. Denne informasjonen gjelder privatisteksamen. Les mer på www.telemarkfylke.no"
cthr_69fc6cd76c58819096a9b2df189c04bc0494c4fedfcf62f0,2026-05-07 10:43,Eksamen matpakke tips,hva bør jeg ha med av mat på eksamen,"Beklager, jeg finner ikke sikker informasjon om mat på eksamen. Du kan lese mer på www.telemarkfylke.no. 

Denne responsen er KI-generert og kan inneholde feil. Denne informasjonen gjelder privatisteksamen. Les mer på www.telemarkfylke.no"
cthr_69fc6cd76c58819096a9b2df189c04bc0494c4fedfcf62f0,2026-05-07 10:43,Eksamen matpakke tips,Kan jeg spise potetgull på ekamen,"Beklager, jeg finner ikke sikker informasjon om du kan spise potetgull på eksamen. Det finnes et eksamensreglement og retningslinjer for eksamen, så du kan lese mer på www.telemarkfylke.no. 

Denne responsen er KI-generert og kan inneholde feil. Denne informasjonen gjelder privatisteksamen. Les mer på www.telemarkfylke.no"
cthr_69fc6cd76c58819096a9b2df189c04bc0494c4fedfcf62f0,2026-05-07 10:44,Eksamen matpakke tips,Kan jeg bruke en oversettelse penn på eksamen,"Beklager, jeg finner ikke sikker informasjon om du kan bruke oversettelsespenn på eksamen. Hjelpemidler kan variere fra fag til fag, og du må sjekke hva som gjelder for ditt fag på kandidat.udir.no med fagkoden din. Det finnes også informasjon om tillatte hjelpemidler der.  

Denne responsen er KI-generert og kan inneholde feil. Denne informasjonen gjelder privatisteksamen. Les mer på www.telemarkfylke.no"
cthr_69fced8732a481958ea5eddfdde378f902b5c60360bc3158,2026-05-07 19:52,Friendly Greeting Exchange,Hei,"Hei! Hvordan kan jeg hjelpe deg med privatisteksamen?

Denne responsen er KI-generert og kan inneholde feil. Denne informasjonen gjelder privatisteksamen. Les mer på www.telemarkfylke.no"
cthr_69fced8732a481958ea5eddfdde378f902b5c60360bc3158,2026-05-07 19:52,Friendly Greeting Exchange,Hva syntes du om Vestfold fylkeskommune?,"Beklager, jeg kan kun svare på henvendelser som gjelder privatisteksamen.

Denne responsen er KI-generert og kan inneholde feil. Denne informasjonen gjelder privatisteksamen. Les mer på www.telemarkfylke.no"
cthr_69fced8732a481958ea5eddfdde378f902b5c60360bc3158,2026-05-07 19:53,Friendly Greeting Exchange,Kan du hjelpe meg?,"Ja, gjerne. Hva lurer du på om privatisteksamen?

Denne responsen er KI-generert og kan inneholde feil. Denne informasjonen gjelder privatisteksamen. Les mer på www.telemarkfylke.no"
cthr_69fdb8c517688194852763ce6aa070f00326e50e224d2178,2026-05-08 10:19,Påmelding til eksamen veiledning,hvordan melder jeg meg opp til eksamen jeg ikke har møtt til,"Hvis du ikke møtte til eksamen, må du melde deg opp på nytt og betale på nytt. Det har ellers ingen praktisk betydning for deg 

Du melder deg opp slik:
- Logg inn i privatistportalen med ID-porten
- Registrer faget du vil ta
- Betal eksamensavgiften innen fristen

Oppmelding gjør du her: https://privatist.inschool.visma.no/ 

Hvis du ikke møtte fordi du var syk eller hadde en annen gyldig hindring på eksamensdagen, kan du ha rett til utsatt eksamen. Da må du registrere fraværet og laste opp dokumentasjon senest 10 virkedager etter eksamensdatoen 

Denne responsen er KI-generert og kan inneholde feil. Denne informasjonen gjelder privatisteksamen.
Les mer på www.telemarkfylke.no"
cthr_6a004ed11a308193ab3b65c5f335345d005b429eac588f8e,2026-05-10 09:24,Begrunnelse for eksamenskarakter,Be om begrunnelse på eksamenskarakter,"For skriftlig eksamen kan du ikke kreve begrunnelse for karakteren som er satt. 

Hvis du mener karakteren er feil, kan du i stedet klage på skriftlig eksamen. Klagen registreres i Privatistportalen. Under karakteren ser du en «klage»-knapp i 10 kalenderdager. 

Privatistportalen: https://privatist.inschool.visma.no/

Denne responsen er KI-generert og kan inneholde feil. Denne informasjonen gjelder privatisteksamen. Les mer på www.telemarkfylke.no"
cthr_6a004ed11a308193ab3b65c5f335345d005b429eac588f8e,2026-05-10 09:31,Begrunnelse for eksamenskarakter,Visma for tekniske fagskole elektronikk,"Beklager, jeg kan kun svare på henvendelser som gjelder privatisteksamen.

Denne responsen er KI-generert og kan inneholde feil. Denne informasjonen gjelder privatisteksamen. Les mer på www.telemarkfylke.no."
cthr_6a00627ee31081949ffad782fb7b9ae10d0a276e5c146655,2026-05-10 10:48,Eksamen plassering avklaring,Hvor er eksamen? Er det i Porsgrunnn?,"Ja. Skriftlig eksamen arrangeres hovedsakelig i Porsgrunn tennishall . Logg deg inn på privatistportalen for eksakt informasjon om din eksamen: https://privatist.inschool.visma.no/ 

Denne responsen er KI-generert og kan inneholde feil. Denne informasjonen gjelder privatisteksamen. Les mer på www.telemarkfylke.no"
cthr_6a00627ee31081949ffad782fb7b9ae10d0a276e5c146655,2026-05-10 10:48,Eksamen plassering avklaring,Hva med muntlig eksamen?,"Muntlig og muntlig-praktisk eksamen arrangeres hovedsakelig på Skien videregående skole 

Eksamensdato og sted finner du i privatistportalen: https://privatist.inschool.visma.no/ 

Denne responsen er KI-generert og kan inneholde feil. Denne informasjonen gjelder privatisteksamen. Les mer på www.telemarkfylke.no"
cthr_6a0096a666c88196aa4e0ba3a292b3d40c9ffe9ce42fdfc9,2026-05-10 14:31,Eksamen placering forespørgsel,hvor holdes eksamen?,"Skriftlig eksamen arrangeres hovedsakelig i Porsgrunn tennishall, men logg deg inn på privatistportalen for eksakt informasjon om din eksamen. 

Denne responsen er KI-generert og kan inneholde feil. Denne informasjonen gjelder privatisteksamen. Les mer på www.telemarkfylke.no"
cthr_6a017c2f44dc81958a6162500d1ec1c10bc524c373c20a3b,2026-05-11 06:50,AI Assistant Greeting,Hei,"Hei! Hva lurer du på om privatisteksamen?

Denne responsen er KI-generert og kan inneholde feil. Denne informasjonen gjelder privatisteksamen. Les mer på www.telemarkfylke.no"
cthr_6a017c2f44dc81958a6162500d1ec1c10bc524c373c20a3b,2026-05-11 06:50,AI Assistant Greeting,Hei,"Hei! Hva lurer du på om privatisteksamen?

Denne responsen er KI-generert og kan inneholde feil. Denne informasjonen gjelder privatisteksamen. Les mer på www.telemarkfylke.no"
cthr_6a017c2f44dc81958a6162500d1ec1c10bc524c373c20a3b,2026-05-11 06:50,AI Assistant Greeting,Hei,"Hei! Hva lurer du på om privatisteksamen?

Denne responsen er KI-generert og kan inneholde feil. Denne informasjonen gjelder privatisteksamen. Les mer på www.telemarkfylke.no"
cthr_6a018fb7ae9881968461581eea1c6d180fcb29ec3e0ccf79,2026-05-11 08:13,Lagre svarmal som PDF,Kan jeg lagre svarmalen i PDF med Open Office?,"Ja, så lenge du kan samle svarene i én fil og lagre den som Word eller PDF før opplasting. Word er anbefalt. Du må også ha et skriveprogram som fungerer uten internett, og teste dette før eksamen. 

Denne responsen er KI-generert og kan inneholde feil. Denne informasjonen gjelder privatisteksamen. Les mer på www.telemarkfylke.no"
cthr_6a01bcf18f20819492160540a715bef803a25d0d9bbeed44,2026-05-11 11:26,Forespørsel om eksamensadresse,hva er adressen der tverrfaglig eksamen HEA3103 skal gjennomføres?,"Skriftlig eksamen arrangeres hovedsakelig i Porsgrunn tennishall, men logg deg inn på privatistportalen for eksakt informasjon om din eksamen.  

Privatistportalen: https://privatist.inschool.visma.no/

Denne responsen er KI-generert og kan inneholde feil. Denne informasjonen gjelder privatisteksamen. Les mer på www.telemarkfylke.no"
cthr_6a01bd2a01dc8193abc01fee073d6d3409d0b3fc4a89705b,2026-05-11 11:27,Søknad om fritak vurdering,Hvor søker jeg om fritak vurdering med karakter?,"Hvis du er privatist, er det eksamenskontoret som behandler søknad om fritak fra vurdering med karakter i sidemål. Du sender inn dokumentasjon via eDialog som sikker digital post, og merker saken med «Eksamenskontoret».  

Hvis du allerede har fritak i skriftlig sidemål på Vg3, trenger du ikke søke på nytt. 

Denne responsen er KI-generert og kan inneholde feil. Denne informasjonen gjelder privatisteksamen. Les mer på www.telemarkfylke.no"
cthr_6a01bd2a01dc8193abc01fee073d6d3409d0b3fc4a89705b,2026-05-11 11:29,Søknad om fritak vurdering,"Er det et eget skjema, eller sender man bare en formell søknad, med vedlegg fra sakkyndige?","Det går ikke tydelig fram om det er et eget skjema. Det som er oppgitt, er at du sender søknad om fritak og laster opp gyldig dokumentasjon via eDialog, merket «Eksamenskontoret» 

Du må legge ved dokumentasjon som passer din situasjon. Det kan være sakkyndig vurdering fra lege, PPT eller psykiatri, bostedsattest, eller vitnemål fra grunnskolen som viser tidligere fritak 

Fristen er 15. september for høsteksamen og 1. februar for våreksamen 

Denne responsen er KI-generert og kan inneholde feil. Denne informasjonen gjelder privatisteksamen. Les mer på www.telemarkfylke.no"
cthr_6a01bd2a01dc8193abc01fee073d6d3409d0b3fc4a89705b,2026-05-11 11:30,Søknad om fritak vurdering,Kan en tidligere lærer også legge ved en vurdering?,"Det står bare at du må legge ved sakkyndig vurdering fra lege, PPT eller psykiatri hvis du søker fritak på dette grunnlaget 

Jeg finner ikke sikker informasjon om at en tidligere lærer sin vurdering alene er nok. For fritak bør du derfor legge ved dokumentasjon fra de instansene som er nevnt 

Denne responsen er KI-generert og kan inneholde feil. Denne informasjonen gjelder privatisteksamen. Les mer på www.telemarkfylke.no"
cthr_6a01d02d82b88190bb06dd8ffb9a316f03796681bae9ef9e,2026-05-11 12:48,Forberedelser til matteeksamen,hva kan jeg ta med til matte eksamen,"Jeg finner ikke en sikker, full liste over hjelpemidler for matematikk her.

Det jeg kan si er:
- Matematikk har 2-delt eksamen. Del 1 må leveres på papir. Del 2 kan leveres elektronisk eller på papir. 
- Du må bruke egen PC på eksamen. 
- Du må ha med hodetelefoner. 
- Du må ha med gyldig legitimasjon med bilde. Hvis ikke får du ikke ta eksamen. 

Ulike fag kan ha ulike retningslinjer for gjennomføring av eksamen. Sjekk alltid UDIR. Du kan også søke opp fagkoden din på kandidat.udir.no for å se hva som gjelder for akkurat din eksamen. 

Denne responsen er KI-generert og kan inneholde feil. Denne informasjonen gjelder privatisteksamen. Les mer på www.telemarkfylke.no"
cthr_6a02592631d08190957ca99bf694d697000a7f7bd0ab0cf7,2026-05-11 22:33,Privatist matte 1T 2026,Når er privatist eksamen i 1T matte høsten 2026?,"Jeg finner ikke en sikker eksakt dato for 1T høsten 2026.

For skriftlig privatisteksamen blir datoen oppgitt i Privatistportalen når du melder deg opp. Høsteksamen arrangeres i november–desember . Du kan logge inn her: https://privatist.inschool.visma.no/

Denne responsen er KI-generert og kan inneholde feil. Denne informasjonen gjelder privatisteksamen. Les mer på www.telemarkfylke.no"
cthr_6a03648bf6b4819793d9cb3a24a13faf010b586dd0b517ca,2026-05-12 17:34,Forberedelse til privatisteksamen,jeg skal ha muntlig privatisteksamen i samfunnskunnskap og lurer på hvordan dette foregår og hva slags temaer som er aktuelle?,"Muntlig privatisteksamen foregår slik:

- Du får et tema eller en problemstilling 30 minutter før eksamen starter. 
- Selve eksamen varer i inntil 30 minutter. 
- Du kan velge å starte med en kort presentasjon, eller gå rett til fagsamtale. Hvis du har presentasjon, kan den være maks 1/3 av tiden. 
- I samtalen får du spørsmål om temaet du har fått. Alle kompetansemål i faget kan bli brukt i samtalen. 
- Det viktigste er å vise kompetansen din i så stor del av faget som mulig. 

Når det gjelder temaer i samfunnskunnskap, er det ikke oppgitt en fast liste. Oppgaven skal ta utgangspunkt i sentrale kompetansemål i faget, og du kan bli spurt fra hele læreplanen. Derfor bør du kunne både bredde og fordypning i faget.  

Ulike fag kan ha ulike retningslinjer for gjennomføring av eksamen. Sjekk alltid UDIR

Muntlig eksamen arrangeres vanligvis på Skien videregående skole, og du må møte med gyldig legitimasjon med bilde. Hvis du kommer for sent eller mangler legitimasjon, kan du ikke gjennomføre eksamen. 

Denne responsen er KI-generert og kan inneholde feil. Denne informasjonen gjelder privatisteksamen. Les mer på www.telemarkfylke.no"
cthr_6a0434d3297481959739773a076de4390791597f4cff471b,2026-05-13 08:22,Veiledning for privatist i kroppsøving,hvordan vil det funke å ta kroppsøving som privatist,"Kroppsøving som privatist gjennomføres som muntlig-praktisk eksamen. Du får 45 minutter forberedelsestid før eksamen starter, og selve eksamen varer i inntil 45 minutter. Eksamen skal inneholde en eller flere praktiske øvelser. 

Du må møte ferdig skiftet med treningstøy og innesko. Under eksamen kan sensorene stille deg spørsmål om teorien som henger sammen med det du gjør praktisk. 

Du blir vurdert ut fra hvor godt du viser kompetansen din i læreplanen. Det er den samlede kompetansen du viser på eksamen som blir vurdert. 

De fleste muntlig-praktiske eksamener gjennomføres på Skien videregående skole. Du må ta med gyldig legitimasjon med bilde. Hvis du kommer for sent eller mangler legitimasjon, får du ikke gjennomføre eksamen. 

Ulike fag kan ha ulike retningslinjer for gjennomføring av eksamen. Sjekk alltid UDIR.

Denne responsen er KI-generert og kan inneholde feil. Denne informasjonen gjelder privatisteksamen. Les mer på www.telemarkfylke.no"
cthr_6a046b8cd3d8819588b213e505e764c60c9e8cbeddec3fea,2026-05-13 12:16,Tilrettelegging av eksamenstid,utvidet tid på skriftlig eksamen ?,"Du kan søke om tilrettelegging på skriftlig eksamen hvis du har dokumentert behov på grunn av sykdom, skade eller funksjonsnedsettelse. 

Det står ikke spesifikt her at dette alltid gir utvidet tid. Du må søke i Privatistportalen og laste opp dokumentasjon. 

Det er ikke mulig å få tilrettelegging på grunn av manglende ferdigheter i norsk. 

Søk her: https://privatist.inschool.visma.no/

Denne responsen er KI-generert og kan inneholde feil. Denne informasjonen gjelder privatisteksamen. Les mer på www.telemarkfylke.no"
cthr_6a046b8cd3d8819588b213e505e764c60c9e8cbeddec3fea,2026-05-13 12:16,Tilrettelegging av eksamenstid,utvidet tid på praktisk eksamen ?,"Som hovedregel nei. Du kan som hovedregel ikke søke om tilrettelegging til praktisk eksamen 

Praktisk eksamen har inntil 5 timer eksamenstid, inkludert vurdering 

Denne responsen er KI-generert og kan inneholde feil. Denne informasjonen gjelder privatisteksamen. Les mer på www.telemarkfylke.no"
cthr_6a048d712ad88196b4d052fb6ecef10d08e6488d053c4986,2026-05-13 14:40,Prisspørsmål og svar,hvor mye koster det,"Det koster:

- 1 403 kroner per eksamen hvis du ikke har karakter i faget fra før, eller hvis du har strøket 
- 2 804 kroner per eksamen hvis du allerede har bestått og vil forbedre karakteren 

Noen fag koster mer totalt fordi du må betale for flere delprøver. I språkfag betaler du for både skriftlig og muntlig. I norsk betaler du for tre eksamener. I noen realfag på nivå 2 betaler du for både skriftlig og muntlig-praktisk eksamen 

Ved oppmelding bruker du: https://privatist.inschool.visma.no/

Denne responsen er KI-generert og kan inneholde feil. Denne informasjonen gjelder privatisteksamen. Les mer på www.telemarkfylke.no"
cthr_6a0610314e3081968eedcd092404e3d105d5220bb665372a,2026-05-14 18:10,R2 Eksamensresultater Forventes,når kommer eksamens resultater R2,"For skriftlig eksamen i R2 kommer karakteren vanligvis ca. 20. juni for våreksamen og ca. 6. januar for høsteksamen. Resultatet finner du i Privatistportalen. Forsinkelser kan forekomme. 

Privatistportalen: https://privatist.inschool.visma.no/

Denne responsen er KI-generert og kan inneholde feil. Denne informasjonen gjelder privatisteksamen. Les mer på www.telemarkfylke.no"
cthr_6a0617dce44c819780b67a5bf65f0efa05f9c51f7f3d8cb4,2026-05-14 18:43,Avklaring av tilknytning,hjelp til clarify tilknyttning,"Jeg er usikker på hva du mener med «tilknytning».

Hvis du mener:
- oppmelding til eksamen, bruker du Privatistportalen: https://privatist.inschool.visma.no/ 
- eksamenssted, arrangeres skriftlig eksamen hovedsakelig i Porsgrunn tennishall, men logg deg inn på privatistportalen for eksakt informasjon om din eksamen 
- tilrettelegging, søker du om dette i Privatistportalen etter at du har meldt deg opp og betalt 

Skriv gjerne hva du mener med «tilknytning», så kan jeg svare mer presist.

Denne responsen er KI-generert og kan inneholde feil. Denne informasjonen gjelder privatisteksamen. Les mer på www.telemarkfylke.no"
cthr_6a0617dce44c819780b67a5bf65f0efa05f9c51f7f3d8cb4,2026-05-14 18:47,Avklaring av tilknytning,trenger kode til clarify for bruke den på eksamen,"Beklager, jeg finner ikke sikker informasjon om egen kode til Clarify på eksamen.

Det jeg kan si, er:
- I noen fagkoder er det krav om spesielle digitale hjelpemidler. Du kan sjekke dette på kandidat.udir.no ved å legge inn fagkoden og trykke «se info» 
- I enkelte fag brukes sikker nettleser. Da får du bare tilgang til de digitale hjelpemidlene som er åpnet for den eksamenen 

Hvis spørsmålet gjelder hjelpemidler i et bestemt fag, gjelder dette:
Ulike fag kan ha ulike retningslinjer for gjennomføring av eksamen. Sjekk alltid UDIR

Denne responsen er KI-generert og kan inneholde feil. Denne informasjonen gjelder privatisteksamen. Les mer på www.telemarkfylke.no"
cthr_6a0617dce44c819780b67a5bf65f0efa05f9c51f7f3d8cb4,2026-05-14 18:48,Avklaring av tilknytning,jeg skal ha eksamen og trenger ordbok fra arabisk til norsk,"Beklager, jeg finner ikke sikker informasjon om at du kan bruke arabisk–norsk ordbok på eksamen.

Det du bør gjøre er dette:
- Gå til kandidat.udir.no
- Legg inn fagkoden din
- Trykk på «se info»
- Sjekk hvilke hjelpemidler som er tillatt i ditt fag 

Det er også viktig å vite at noen fag bruker sikker nettleser. Da får du bare tilgang til de digitale hjelpemidlene som er åpnet i selve eksamenen. Fysiske bøker, notater og oppslagsverk kan fortsatt være tillatt 

I noen fremmedspråk trenger du også spesialisert tastatur, digitalt eller fysisk 

Ulike fag kan ha ulike retningslinjer for gjennomføring av eksamen. Sjekk alltid UDIR

Denne responsen er KI-generert og kan inneholde feil. Denne informasjonen gjelder privatisteksamen. Les mer på www.telemarkfylke.no"
cthr_6a06d222c04c8196ab7e1ea139ec16610ae33b32e4a49579,2026-05-15 07:58,Kandidatnummer tildelingsinformasjon,når får jeg tildelt kandidatnummer,"Beklager, jeg finner ikke sikker informasjon om når du får tildelt kandidatnummer. Les mer på www.telemarkfylke.no.

Denne responsen er KI-generert og kan inneholde feil. Denne informasjonen gjelder privatisteksamen. Les mer på www.telemarkfylke.no"
cthr_6a06d222c04c8196ab7e1ea139ec16610ae33b32e4a49579,2026-05-15 07:59,Kandidatnummer tildelingsinformasjon,hva er mitt kandidatnummer,"Beklager, jeg kan ikke se ditt kandidatnummer, og jeg finner ikke sikker informasjon om dette her.

Denne responsen er KI-generert og kan inneholde feil. Denne informasjonen gjelder privatisteksamen. Les mer på www.telemarkfylke.no"
cthr_6a09e67c55d881959695ff40e5af8a1204c98d2a152bdab9,2026-05-17 16:02,Eksamens sted planlægning,eksamen sted,"Skriftlig eksamen arrangeres hovedsakelig i Porsgrunn tennishall. Logg deg inn på privatistportalen for eksakt informasjon om din eksamen: https://privatist.inschool.visma.no/ 

Denne responsen er KI-generert og kan inneholde feil. Denne informasjonen gjelder privatisteksamen. Les mer på www.telemarkfylke.no"
cthr_6a09e67c55d881959695ff40e5af8a1204c98d2a152bdab9,2026-05-17 16:02,Eksamens sted planlægning,hvor mange poeng må jeg få får å bestå 2py eksamen,"Beklager, jeg finner ikke sikker informasjon om hvor mange poeng du må ha for å bestå 2P-Y eksamen. Til eksamen blir du vurdert ut fra kompetansemålene i læreplanen 

Ulike fag kan ha ulike retningslinjer for gjennomføring av eksamen. Sjekk alltid UDIR.

Denne responsen er KI-generert og kan inneholde feil. Denne informasjonen gjelder privatisteksamen. Les mer på www.telemarkfylke.no"
cthr_6a09e67c55d881959695ff40e5af8a1204c98d2a152bdab9,2026-05-17 16:02,Eksamens sted planlægning,si sånn sirka,"Beklager, jeg kan ikke si sånn cirka når jeg ikke har sikker informasjon om dette. Til eksamen blir du vurdert ut fra kompetansemålene i læreplanen 

Ulike fag kan ha ulike retningslinjer for gjennomføring av eksamen. Sjekk alltid UDIR.

Denne responsen er KI-generert og kan inneholde feil. Denne informasjonen gjelder privatisteksamen. Les mer på www.telemarkfylke.no"
cthr_6a0a2eec70708194b1e37e4b75f8c67b0d5032669cfedff8,2026-05-17 21:11,Hvordan finne privatist eksamenskarakter,jeg har tatt eksamen i salg og service faget som privatist å lurer på hvor jeg kan finne eksamens karakteren min?,"Du finner eksamenskarakteren din i Privatistportalen. Trykk på faget du har tatt for å se resultatet. 

Logg inn her:
https://privatist.inschool.visma.no/

Hvis det var skriftlig eksamen, kommer karakteren vanligvis ca. 6. januar for høsteksamen og ca. 20. juni for våreksamen. Hvis det var muntlig, muntlig-praktisk eller praktisk eksamen, blir karakteren normalt lagt ut kort tid etter eksamensdagen. 

Denne responsen er KI-generert og kan inneholde feil. Denne informasjonen gjelder privatisteksamen. Les mer på www.telemarkfylke.no."
cthr_6a0ab80964f081938ca5c7da94a3a7af0dc1db85540e80be,2026-05-18 06:56,Privatisteksamen matte 1p oppmøte,Hei. Jeg lurer på hvor oppmøte til privatisteksamen i matte 1p er 19 mai?,"Skriftlig eksamen arrangeres hovedsakelig i Porsgrunn tennishall, men logg deg inn på privatistportalen for eksakt informasjon om din eksamen. Oppmøtetid for skriftlig eksamen er kl. 08.00. 

Privatistportalen: https://privatist.inschool.visma.no/

Denne responsen er KI-generert og kan inneholde feil. Denne informasjonen gjelder privatisteksamen. Les mer på www.telemarkfylke.no"
cthr_6a0ab80964f081938ca5c7da94a3a7af0dc1db85540e80be,2026-05-18 06:58,Privatisteksamen matte 1p oppmøte,Ja på visma står det at jeg skal ha den på telemark fylkeskommune privatisteksamen på tennishallen sal 1.,"Da skal du møte i Porsgrunn tennishall, sal 1.

Oppmøtetid for skriftlig eksamen er kl. 08.00. Husk gyldig legitimasjon med bilde. 

Denne responsen er KI-generert og kan inneholde feil. Denne informasjonen gjelder privatisteksamen. Les mer på www.telemarkfylke.no"
cthr_6a0accc5c3f881908b80c78e2f9a2a63029df494406666ba,2026-05-18 08:24,Eksamen veiledning for SOA3103,"Hei.
Skal opp til eksamen til onsdag.vi I admenistrasjonen og service faget(SOA3103)skriver eksamen svar rett inn i oppgaven,vi trenger ikke Words?","Hei. Jeg kan ikke bekrefte sikkert akkurat for SOA3103.

Det som gjelder generelt er:
- Hvis eksamen går i sikker nettleser, kan du ikke bruke Word. Da svarer du direkte i en tekstboks i oppgaven 
- I noen andre eksamener må deler av eller hele svaret skrives i et skriveprogram, og da anbefales Word. Svaret lagres og lastes opp som Word eller PDF 

Ulike fag kan ha ulike retningslinjer for gjennomføring av eksamen. Sjekk alltid UDIR.

Se også kandidat.udir.no for informasjon om ditt fag og gjennomføring.

Denne responsen er KI-generert og kan inneholde feil. Denne informasjonen gjelder privatisteksamen. Les mer på www.telemarkfylke.no"
cthr_6a0ad9ca4f3c81938603d297e9aafe3a04a0536cecefa48d,2026-05-18 09:20,Tilgang til gamle eksamensresultater,Hvor finner jeg gamle eksamensresultater?,"Du finner eksamenskarakterer i Privatistportalen under det aktuelle faget. 

Hvis du trenger eldre dokumentasjon på eksamensresultater, kan du bestille dokumentasjon digitalt. Har du fullført norsk videregående skole i år 2000 eller senere, kan du også ha et elektronisk vitnemål. 

Privatistportalen: https://privatist.inschool.visma.no/

Denne responsen er KI-generert og kan inneholde feil. Denne informasjonen gjelder privatisteksamen. Les mer på www.telemarkfylke.no"
cthr_6a0ad9ca4f3c81938603d297e9aafe3a04a0536cecefa48d,2026-05-18 09:20,Tilgang til gamle eksamensresultater,Hvor finner jeg aktuelle fag?,"Du finner aktuelle fag i Privatistportalen når du logger inn og melder deg opp. Der registrerer du fagene du ønsker å ta. Du må selv passe på at du velger riktig fagkode.  

Privatistportalen: https://privatist.inschool.visma.no/

Denne responsen er KI-generert og kan inneholde feil. Denne informasjonen gjelder privatisteksamen. Les mer på www.telemarkfylke.no"
cthr_6a0aef274f6c8195a82eb5b4810c6f290027e6961a0d5a53,2026-05-18 10:51,Vitnemål veiledning for opplasting,"Jeg har ingen vitnemål lagret i  vitnemålportalen, som jeg trenger for å søke autorisasjon.. hvor får jeg tak i vitnemål, og hvordan legges de inn der?","Hvis du trenger vitnemål for autorisasjon, kan du bestille dette i et digitalt skjema. For helsepersonell lager eksamenskontoret vitnemål og søker om autorisasjon for deg dersom du har fullført yrkesfaglig utdanningsprogram uten opplæring i bedrift. Ordinær behandlingstid er inntil 3 uker. 

Hvis du har fullført norsk videregående skole i år 2000 eller senere, skal du også ha et elektronisk vitnemål lagret i en nasjonal vitnemålsdatabase. 

Hvis du allerede har et vitnemål og trenger å få privatistkarakterer ført på det, må du bestille nytt vitnemål. Da blir det sendt til skolen du går eller har gått på, og skolen overfører det elektronisk. 

Hvis bestillingen gjelder autorisasjon som helsepersonell, må du etter bestillingen også sende inn dokumentasjon på arbeidspraksis, eller at kravene til yrkesfaglig fordypning er oppfylt, via eDialog. Merk tittelfeltet med «Eksamenskontoret». 

Beklager, jeg finner ikke sikker informasjon her om hvordan du selv legger vitnemål inn i Vitnemålsportalen. Les mer på www.telemarkfylke.no.

Denne responsen er KI-generert og kan inneholde feil. Denne informasjonen gjelder privatisteksamen. Les mer på www.telemarkfylke.no"
cthr_6a0b02bb994c8194a0e28c94fcf5bd2f0578561019afe6cb,2026-05-18 12:14,Planlegge møteplass sammen,hvor skal jeg møte opp,"Skriftlig eksamen arrangeres hovedsakelig i Porsgrunn tennishall. Logg deg inn på privatistportalen for eksakt informasjon om din eksamen. Oppmøtetid for skriftlig eksamen er kl. 08.00. 

Denne responsen er KI-generert og kan inneholde feil. Denne informasjonen gjelder privatisteksamen. Les mer på www.telemarkfylke.no"
cthr_6a0b02bb994c8194a0e28c94fcf5bd2f0578561019afe6cb,2026-05-18 12:16,Planlegge møteplass sammen,betaler jeg når jeg kommer dit,"Nei. Du betaler eksamensavgiften i Privatistportalen når du melder deg opp. Oppmeldingen er ikke gyldig før du har betalt, og betaling må skje innen fristen for oppmelding.  

Privatistportalen: https://privatist.inschool.visma.no/

Denne responsen er KI-generert og kan inneholde feil. Denne informasjonen gjelder privatisteksamen. Les mer på www.telemarkfylke.no"
cthr_6a0b1125af8c8196824f3dbd5eda74000fbf37595d165c1c,2026-05-18 13:16,Indsætte fra Word på pc,kan man klilppe inn fra et word dokument på egen pc,"Det kommer an på faget.

Hvis eksamen gjennomføres i sikker nettleser (SEB), får du ikke tilgang til noe som er lagret på PC-en din. Da kan du ikke klippe inn fra et Word-dokument på egen PC. Da svarer du direkte i en tekstboks 

I andre skriftlige eksamener kan noen oppgaver besvares i et skriveprogram som Word, og du laster opp filen etterpå. Det står også at du må ha et skriveprogram som virker uten internett  Men jeg finner ikke sikker informasjon om det er lov å lime inn tekst fra et dokument du allerede har lagret på PC-en.

Ulike fag kan ha ulike retningslinjer for gjennomføring av eksamen. Sjekk alltid UDIR

Denne responsen er KI-generert og kan inneholde feil. Denne informasjonen gjelder privatisteksamen. Les mer på www.telemarkfylke.no"
cthr_6a0b1125af8c8196824f3dbd5eda74000fbf37595d165c1c,2026-05-18 13:17,Indsætte fra Word på pc,ELE3103,"Jeg finner ikke sikker informasjon om akkurat ELE3103 i grunnlaget.

For denne fagkoden må du sjekke informasjonen på kandidat.udir.no. Der kan du legge inn fagkoden og se hvilke hjelpemidler og hvilken gjennomføring som gjelder 

Generelt gjelder dette:
- Hvis faget går i sikker nettleser, får du ikke tilgang til noe som er lagret på PC-en din, og du kan ikke bruke Word 
- I noen andre skriftlige fag kan deler av besvarelsen skrives i Word og lastes opp som fil 

Ulike fag kan ha ulike retningslinjer for gjennomføring av eksamen. Sjekk alltid UDIR

Denne responsen er KI-generert og kan inneholde feil. Denne informasjonen gjelder privatisteksamen. Les mer på www.telemarkfylke.no"
cthr_6a0b19c187bc8194a6bd71be17be3005086f28e379edf23c,2026-05-18 13:53,Avklaring av eksamensdato,dato for eksamensavvikling,"Privatisteksamen arrangeres to ganger i året:

- Høsteksamen: november–desember 
- Våreksamen: april–juni 

For skriftlig eksamen ser du eksamensdato når du melder deg opp i privatistportalen.   
For muntlig og muntlig-praktisk eksamen publiseres dato ca. 1. november for høsteksamen og ca. 1. april for våreksamen. 

https://privatist.inschool.visma.no/

Denne responsen er KI-generert og kan inneholde feil. Denne informasjonen gjelder privatisteksamen. Les mer på www.telemarkfylke.no"
cthr_6a0b1d19b5a48196ba493c38cb9fcdad0d87af2e23778478,2026-05-18 14:07,Matteeksamen i Porsgrunn,"det står at jeg har 1t matte eksamen som jeg meldte meg selv på. det står at jeg har den imorgen i tennishallen i porsgrunn. hvor er det, hvilken adresse er det","Jeg finner ikke sikker informasjon om selve gateadressen. Skriftlig eksamen arrangeres hovedsakelig i Porsgrunn tennishall, men logg deg inn på privatistportalen for eksakt informasjon om din eksamen. Oppmøtetid for skriftlig eksamen er kl. 08.00, og det er parkering ved Urædd parkeringsplass og ved Beha-kvartalet. 

Privatistportalen: https://privatist.inschool.visma.no/

Denne responsen er KI-generert og kan inneholde feil. Denne informasjonen gjelder privatisteksamen. Les mer på www.telemarkfylke.no"
cthr_6a0b1d19b5a48196ba493c38cb9fcdad0d87af2e23778478,2026-05-18 14:08,Matteeksamen i Porsgrunn,der står det tennishall SAL 1(tennishallen),"Ja, da ser det ut som eksamen din er i Tennishallen, sal 1.

Jeg finner ikke sikker informasjon om gateadressen. Skriftlig eksamen arrangeres hovedsakelig i Porsgrunn tennishall, men logg deg inn på privatistportalen for eksakt informasjon om din eksamen.

Privatistportalen: https://privatist.inschool.visma.no/

Denne responsen er KI-generert og kan inneholde feil. Denne informasjonen gjelder privatisteksamen. Les mer på www.telemarkfylke.no"
cthr_6a0b1d19b5a48196ba493c38cb9fcdad0d87af2e23778478,2026-05-18 14:08,Matteeksamen i Porsgrunn,kan du kontakte de som vet,"Jeg kan ikke kontakte dem for deg.

Du kan kontakte eksamenskontoret:
eksamen@telemarkfylke.no
Tlf: 35 91 70 50

Denne responsen er KI-generert og kan inneholde feil. Denne informasjonen gjelder privatisteksamen. Les mer på www.telemarkfylke.no"
cthr_6a0b1d19b5a48196ba493c38cb9fcdad0d87af2e23778478,2026-05-18 14:09,Matteeksamen i Porsgrunn,hvis jeg ringer nå svarer de,"Det kommer an på når du ringer.

Åpningstidene er:
Mandag, tirsdag og torsdag: kl. 11:00–14:00
I perioder med skriftlig eksamen: alle dager kl. 08:00–15:00 

Tlf: 35 91 70 50 

Denne responsen er KI-generert og kan inneholde feil. Denne informasjonen gjelder privatisteksamen. Les mer på www.telemarkfylke.no"
cthr_6a0b241a93008197a05cf4eab19016ef005b9b577746d257,2026-05-18 14:37,Eksamen og iPad tillatelse,kan jeg ha med ipad på eksamen?,"Ja, du kan bruke iPad eller annet nettbrett, men det anbefales ikke. Du må normalt bruke egen PC på eksamen, og hvis du velger nettbrett eller Chromebook, kan du ikke regne med å få teknisk hjelp hvis noe ikke virker.  

Ulike fag kan ha ulike retningslinjer for gjennomføring av eksamen. Sjekk alltid UDIR

Denne responsen er KI-generert og kan inneholde feil. Denne informasjonen gjelder privatisteksamen. Les mer på www.telemarkfylke.no"
cthr_6a0b241a93008197a05cf4eab19016ef005b9b577746d257,2026-05-18 14:37,Eksamen og iPad tillatelse,Kan jeg ha med ipad i tillegg til PC,"Beklager, jeg finner ikke sikker informasjon om du kan ha med iPad i tillegg til PC.

Det som er oppgitt, er at du må bruke egen PC ved eksamen, og at nettbrett ikke anbefales. Ulike fag kan ha ulike retningslinjer for gjennomføring av eksamen. Sjekk alltid UDIR.

Denne responsen er KI-generert og kan inneholde feil. Denne informasjonen gjelder privatisteksamen. Les mer på www.telemarkfylke.no"
cthr_6a0b4dfe8fa08193b6e2ab3a1a75849f0dfd57f8dc53330f,2026-05-18 17:35,Valg av eksamensprogram,hva slags program skal eksamen gjennomføres i,"Skriftlig eksamen gjennomføres digitalt. Du logger inn på kandidat.udir.no ved eksamensstart, og du blir sendt videre til riktig gjennomføringssystem. 

I noen fag brukes sikker nettleser, Safe Exam Browser (SEB). Da gjennomføres eksamen i den nettleseren. 

I noen oppgaver må du bruke et skriveprogram. Det anbefales å bruke Word. 

Denne responsen er KI-generert og kan inneholde feil. Denne informasjonen gjelder privatisteksamen. Les mer på www.telemarkfylke.no"
cthr_6a0b4dfe8fa08193b6e2ab3a1a75849f0dfd57f8dc53330f,2026-05-18 17:36,Valg av eksamensprogram,kan jeg få link til seb,"Jeg finner ikke en direkte lenke til nedlasting av SEB.

Du kan se hva som gjelder for ditt fag på kandidat.udir.no. Der finner du informasjon om tekniske krav og hvilke fag som bruker sikker nettleser.  

Denne responsen er KI-generert og kan inneholde feil. Denne informasjonen gjelder privatisteksamen. Les mer på www.telemarkfylke.no"
cthr_6a0b6938a3888194aa0fd878cccac3a30757fa121dbc3e63,2026-05-18 19:32,Tidspunkt for oppmøte,når skal jeg møte opp,"Hvis du skal ha skriftlig eksamen, er oppmøtetid kl. 08.00. 

Skriftlig eksamen arrangeres hovedsakelig i Porsgrunn tennishall, men logg deg inn på privatistportalen for eksakt informasjon om din eksamen.

Denne responsen er KI-generert og kan inneholde feil. Denne informasjonen gjelder privatisteksamen. Les mer på www.telemarkfylke.no"
cthr_6a0b6affb17081909d5cc8d91add280f0886531a6ec907c7,2026-05-18 19:39,Finn karakterene fra privatist 2017,"hei! jeg tok privatisteksamen i 2017, hvor kan jeg finne karakterene mine?","Hei! Hvis du tok privatisteksamen i 2017, kan du finne karakterene dine slik:

- Hvis du fullførte norsk videregående skole i 2000 eller senere, kan du ha et elektronisk vitnemål. 
- Hvis du trenger dokumentasjon på fag du tok som privatist, kan du bestille kompetansebevis. 
- Hvis du allerede har et vitnemål og vil ha privatistkarakterene ført inn, kan du bestille nytt vitnemål. 

Alle har rett til å få dokumentert eksamensresultater fra privatisteksamen i Telemark. 

Denne responsen er KI-generert og kan inneholde feil. Denne informasjonen gjelder privatisteksamen. Les mer på www.telemarkfylke.no"
cthr_6a0bf37ab2808196b212734a6dcd154007d7561291d052f0,2026-05-19 05:22,Music for Exams,musikk i eksamen,"Ja, du kan høre på musikk under skriftlig eksamen, så lenge du ikke forstyrrer andre. Hvis lyden forstyrrer andre, kan eksamensvakten be deg skru ned volumet. Hvis du ikke følger dette, kan hodetelefonene bli tatt fra deg under eksamen. Hodetelefoner kan ikke være koblet til musikkspiller eller telefon. Både kablede og trådløse hodetelefoner kan brukes. 

Denne responsen er KI-generert og kan inneholde feil. Denne informasjonen gjelder privatisteksamen. Les mer på www.telemarkfylke.no"
cthr_6a0c15e9cac08190b9922472d1b068950c905706e8e6eed8,2026-05-19 07:48,Hjelpemidler til kunsteksamen,hvilke hjelpemidler kan man ha i en praktisk eksamen i kunst og visuelle virkemidler,"For praktisk eksamen får du informasjon om tillatte hjelpemidler i forberedelsesdelen. Den deles som hovedregel ut 24 timer før eksamen, og skal inneholde blant annet hvilke hjelpemidler som er tillatt 

Ulike fag kan ha ulike retningslinjer for gjennomføring av eksamen. Sjekk alltid UDIR. Du kan også sjekke fagkoden din på kandidat.udir.no hvis faget har krav om spesielle hjelpemidler eller digitale verktøy 

Denne responsen er KI-generert og kan inneholde feil. Denne informasjonen gjelder privatisteksamen. Les mer på www.telemarkfylke.no"
cthr_6a0c1e28a6ac819090866481acc0e52b02fecd9581baf6b8,2026-05-19 08:24,Eksamen nettsider veiledning,hvem nettsider kan jeg bruke på eksamen?,"Det kommer an på faget.

I noen fag brukes sikker nettleser. Da får du bare tilgang til de digitale hjelpemidlene som ligger i selve oppgavesettet, og du får ikke tilgang til det som er lagret på PC-en din. 

For andre fag kan hjelpemidler og nettsider variere. Sjekk fagkoden din på kandidat.udir.no for å se hva som gjelder for akkurat din eksamen. 

Ulike fag kan ha ulike retningslinjer for gjennomføring av eksamen. Sjekk alltid UDIR

Denne responsen er KI-generert og kan inneholde feil. Denne informasjonen gjelder privatisteksamen.  
Les mer på www.telemarkfylke.no"
cthr_6a0c1e28a6ac819090866481acc0e52b02fecd9581baf6b8,2026-05-19 08:24,Eksamen nettsider veiledning,det er eksamen i Automatisering,"For Automatisering kan jeg ikke se en egen liste her over hvilke nettsider du kan bruke.

Det som gjelder er:
- Noen fag har egne krav til hjelpemidler og digitale verktøy. Da må du gå til kandidat.udir.no, legge inn fagkoden og trykke på «se info». Der finner du hva som er nødvendig og tillatt i faget ditt. 
- Hvis eksamen gjennomføres i sikker nettleser, får du bare tilgang til de digitale hjelpemidlene som er åpnet i selve oppgavesettet. Du får ikke tilgang til det som er lagret på PC-en din. 
- Ved praktisk eksamen får du informasjon om tillatte hjelpemidler i forberedelsesdelen. 

Ulike fag kan ha ulike retningslinjer for gjennomføring av eksamen. Sjekk alltid UDIR

Denne responsen er KI-generert og kan inneholde feil. Denne informasjonen gjelder privatisteksamen.  
Les mer på www.telemarkfylke.no"
cthr_6a0c32c49e888193b4e42656929489350d2f42225cede7a4,2026-05-19 09:52,Eksamenssted for ventilsjonsteknikk,jeg skal ta eksamen i ventilsjonsteknikk kode ven 3103 i mogen 20.05.26 og lurer på hvor den skal gjennomføres?,"Skriftlig eksamen arrangeres hovedsakelig i Porsgrunn tennishall, men logg deg inn på privatistportalen for eksakt informasjon om din eksamen. 

Hvis dette er en praktisk eksamen, blir eksamenssted publisert i Privatistportalen, og for de fleste er det ved en av de videregående skolene i fylket. 

Privatistportalen: https://privatist.inschool.visma.no/

Denne responsen er KI-generert og kan inneholde feil. Denne informasjonen gjelder privatisteksamen. Les mer på www.telemarkfylke.no"
cthr_6a0c68bc464881939273f969b79f53560a14b15692b88dfd,2026-05-19 13:42,Tillatte hjelpemidler til tysk eksamen,hvilke hjelpemidler er tillatt for tysk 2 skriftlig eksamen med de nye reglene,"Jeg finner ikke sikker informasjon om akkurat Tysk 2 skriftlig i grunnlaget.

For fag som gjennomføres i sikker nettleser, er det bare de digitale hjelpemidlene som ligger i selve oppgavesettet som er tilgjengelige. Fysiske bøker, notater og oppslagsverk er fortsatt tillatt. Du får ikke tilgang til noe som er lagret på PC-en din. 

I noen fremmedspråk kan du også trenge spesialisert tastatur, og du må ha med hodetelefoner. 

Ulike fag kan ha ulike retningslinjer for gjennomføring av eksamen. Sjekk alltid UDIR: kandidat.udir.no

Denne responsen er KI-generert og kan inneholde feil. Denne informasjonen gjelder privatisteksamen. Les mer på www.telemarkfylke.no"
cthr_6a0c7279175881938635fe2c96ea22f00c3b5570e161d20a,2026-05-19 14:23,Forberedelse til arabisk eksamen,Jeg må ta arabisk eksamen,"Du kan ta arabisk som privatisteksamen. 

I språkfag må du som privatist normalt ta både skriftlig og muntlig eksamen. For å få faget godkjent, må du ha karakter i begge deler.  

I noen fremmedspråk kan muntlig eksamen bli gjennomført i et annet fylke. 

Du melder deg opp her:
https://privatist.inschool.visma.no/ 

Ulike fag kan ha ulike retningslinjer for gjennomføring av eksamen. Sjekk alltid UDIR. 

Denne responsen er KI-generert og kan inneholde feil. Denne informasjonen gjelder privatisteksamen. Les mer på www.telemarkfylke.no"
cthr_6a0c88af1bfc819696a36bcfa37abe5a09fcfac2bc2bafd6,2026-05-19 15:58,Eksamenshjelpemidler veiledning EMO3103,"hva slags hjelpemidler har jeg tillatelse til å bruke under eksamen EMO3103
20.5.2026","Jeg kan ikke bekrefte nøyaktig hvilke hjelpemidler som gjelder for EMO3103 her.

For dette faget må du sjekke fagkoden på UDIR:
1. Gå til kandidat.udir.no
2. Skriv inn fagkoden EMO3103
3. Trykk på «se info»

Der finner du informasjon om faget og hvilke hjelpemidler som er tillatt eller nødvendige. I noen fagkoder er det også krav om spesielle hjelpemidler eller digitale verktøy. 

Ulike fag kan ha ulike retningslinjer for gjennomføring av eksamen. Sjekk alltid UDIR.

Denne responsen er KI-generert og kan inneholde feil. Denne informasjonen gjelder privatisteksamen. Les mer på www.telemarkfylke.no"
cthr_6a0ca2c67194819695985fb5eb581a1909ce10610800d21c,2026-05-19 17:49,Første semester eksamener,Hvor mange eksamen er det ved første semester for å bli helsesekretær,"Beklager, jeg finner ikke sikker informasjon om hvor mange eksamener du må ta i første semester for å bli helsesekretær.

Det jeg kan si, er at du som privatist melder deg opp i de fagene du ønsker . Hvis du går opp som praksiskandidat, må du selv melde deg opp til skriftlig tverrfaglig eksamen .

For oppmelding kan du bruke: https://privatist.inschool.visma.no/

Denne responsen er KI-generert og kan inneholde feil. Denne informasjonen gjelder privatisteksamen. Les mer på www.telemarkfylke.no"
cthr_6a0ca2c67194819695985fb5eb581a1909ce10610800d21c,2026-05-19 17:50,Første semester eksamener,Hvor mange eksamen er det ved helse og oppvekst fag,"Det er ikke ett fast antall eksamener for helse- og oppvekstfag.

Hvor mange du må ta, kommer an på:
- hvilket fag du skal ha
- om du er privatist i enkeltfag
- om du er praksiskandidat

Som privatist melder du deg opp i de fagene du ønsker å ta. Hvis du er praksiskandidat, må du selv melde deg opp til skriftlig tverrfaglig eksamen.

Ulike fag kan ha ulike retningslinjer for gjennomføring av eksamen. Sjekk alltid UDIR

Denne responsen er KI-generert og kan inneholde feil. Denne informasjonen gjelder privatisteksamen. Les mer på www.telemarkfylke.no"
cthr_6a0caa03df8c8196a2df3d229b15f3a70cbe4a9f8f27a86a,2026-05-19 18:20,Eksamen notater og PC,Kan man lese notater pg hva funker på pcen under eksamen,"Det kommer an på faget.

Hvis eksamen går i sikker nettleser, kan du ikke åpne notater eller andre ting som er lagret på PC-en. Da får du bare tilgang til de digitale hjelpemidlene som ligger i selve oppgaven. Fysiske bøker, notater og oppslagsverk er fortsatt tillatt 

I fag med sikker nettleser kan du heller ikke bruke Word, Excel eller andre skriveprogram. Da skriver du svaret direkte i en tekstboks 

I andre digitale eksamener bruker du egen PC. Noen oppgaver kan kreve at du skriver i et skriveprogram på maskinen din, og da må dette fungere uten internett 

Ulike fag kan ha ulike retningslinjer for gjennomføring av eksamen. Sjekk alltid UDIR.

Denne responsen er KI-generert og kan inneholde feil. Denne informasjonen gjelder privatisteksamen. Les mer på www.telemarkfylke.no"
cthr_6a0caa03df8c8196a2df3d229b15f3a70cbe4a9f8f27a86a,2026-05-19 18:22,Eksamen notater og PC,Vi får bruke egen pc det er elektro eksamen,"Ja, du skal bruke egen PC på eksamen. Eksamen er digital, og i noen fag må du også bruke et skriveprogram som fungerer uten internett 

Hvis dette er skriftlig teoretisk vg3-eksamen, er den heldigital, du svarer direkte i oppgaven, og det er ikke mulig å skrive på papir 

Om du kan åpne notater på PC-en, kommer an på hvordan eksamen gjennomføres:
- Hvis faget går i sikker nettleser, får du ikke tilgang til noe som er lagret på PC-en. Da kan du ikke åpne notater på maskinen 
- Fysiske bøker, notater og oppslagsverk er fortsatt tillatt ved eksamen i sikker nettleser 

Ulike fag kan ha ulike retningslinjer for gjennomføring av eksamen. Sjekk alltid UDIR.

Denne responsen er KI-generert og kan inneholde feil. Denne informasjonen gjelder privatisteksamen. Les mer på www.telemarkfylke.no"
cthr_6a0cbcb5763c819391cf62308259fa8402279f9ef1e9d92b,2026-05-19 19:40,Hjelp med innlogging privatistportalen,jeg vil logge inn i privatistportalen,"Du kan logge inn her: https://privatist.inschool.visma.no/

Du logger deg inn via ID-porten. Det anbefales å bruke Chrome eller Edge, og ikke mobiltelefon. 

Denne responsen er KI-generert og kan inneholde feil. Denne informasjonen gjelder privatisteksamen. Les mer på www.telemarkfylke.no"
cthr_6a0ce12b1cec81979b0cca180c1528050792af663e198770,2026-05-19 22:16,Tilgang til kildekompasset eksamen,har man tilgang til kildekompasset under skriftlig eksamen i engelsk 1?,"Jeg finner ikke sikker informasjon om akkurat Kildekompasset i Engelsk 1.

Det som er opplyst, er at noen fag gjennomføres i sikker nettleser. Da får du bare tilgang til de digitale hjelpemidlene som er åpnet i selve oppgavesettet, og du får ikke tilgang til det som er lagret på PC-en din. Fysiske bøker, notater og oppslagsverk kan fortsatt være tillatt 

Ulike fag kan ha ulike retningslinjer for gjennomføring av eksamen. Sjekk alltid UDIR.

Denne responsen er KI-generert og kan inneholde feil. Denne informasjonen gjelder privatisteksamen.  
Les mer på www.telemarkfylke.no"
cthr_6a0ce12b1cec81979b0cca180c1528050792af663e198770,2026-05-19 22:17,Tilgang til kildekompasset eksamen,Har man tilgang til kildekompasset under en skriftlig eksamen?,"Jeg finner ikke sikker informasjon om Kildekompasset spesielt.

Ved skriftlig eksamen i fag som bruker sikker nettleser, får du bare tilgang til de digitale hjelpemidlene som er åpnet i selve oppgavesettet. Du får ikke tilgang til noe som er lagret på PC-en din, men fysiske bøker, notater og oppslagsverk kan fortsatt være tillatt 

Ulike fag kan ha ulike retningslinjer for gjennomføring av eksamen. Sjekk alltid UDIR.

Denne responsen er KI-generert og kan inneholde feil. Denne informasjonen gjelder privatisteksamen.  
Les mer på www.telemarkfylke.no"
cthr_6a0cea5fd2788194b4d4bcdaa3b6ba4e00de12c3a39f3773,2026-05-19 22:55,English Exam Prep Assistance,Engelsk studieforbredelse privatist hjelpemidler,"For engelsk på studieforberedende kan det være egne regler for hjelpemidler. Ulike fag kan ha ulike retningslinjer for gjennomføring av eksamen. Sjekk alltid UDIR.

Generelt står det at du må se hva som gjelder for din eksamen på kandidat.udir.no, og at det finnes informasjon om tillatte hjelpemidler der . Det står også at noen eksamener gjennomføres i sikker nettleser. Da får du bare tilgang til de digitale hjelpemidlene som er åpnet i oppgaven, men fysiske bøker, notater og oppslagsverk kan fortsatt være tillatt .

Denne responsen er KI-generert og kan inneholde feil. Denne informasjonen gjelder privatisteksamen. Les mer på www.telemarkfylke.no"
cthr_6a0d184f73388195b018ebf47236437e083c3bf6ca674bca,2026-05-20 02:11,Eksamen etter sykehusopphold,"Innlagt på sykehus på eksamens dag, kan jeg ta eksamen om noen dager da?","Nei, du kan ikke ta eksamen bare noen dager senere.

Hvis du er syk eller innlagt på sykehus på eksamensdagen, kan du ha rett til utsatt eksamen. Da må du melde fra og laste opp dokumentasjon, for eksempel legeerklæring. Fristen er 10 virkedager fra eksamensdatoen. Hvis dette blir godkjent, blir du flyttet til neste eksamensperiode, ikke til noen dager senere  

Denne responsen er KI-generert og kan inneholde feil. Denne informasjonen gjelder privatisteksamen. Les mer på www.telemarkfylke.no"
cthr_6a0d3bd5ac308195be5919500f031437091de21b03394c02,2026-05-20 04:43,Identifikasjon med bilde,"Hei, hvis jeg har glemt legitimasjon og bor 2 timer unna. Kan det funke med et bildet av legitimasjonen?","Nei. Du må vise gyldig legitimasjon med bilde for å få starte eksamen. Bilde eller kopi av legitimasjon blir ikke godtatt. Hvis du ikke har med gyldig legitimasjon, får du ikke gjennomføre eksamen. 

Godkjent legitimasjon kan være for eksempel pass, norsk ID-kort eller norsk førerkort utstedt etter 01.01.1998, også digitalt førerkort. 

Denne responsen er KI-generert og kan inneholde feil. Denne informasjonen gjelder privatisteksamen. Les mer på www.telemarkfylke.no"
cthr_6a0d9fb7317c8196b14bbe322aad74dc056fadd132408179,2026-05-20 11:49,AI Assistant and User Chat,test,"Beklager, jeg kan kun svare på henvendelser som gjelder privatisteksamen.

Denne responsen er KI-generert og kan inneholde feil. Denne informasjonen gjelder privatisteksamen. Les mer på www.telemarkfylke.no"
cthr_6a0d9fb7317c8196b14bbe322aad74dc056fadd132408179,2026-05-20 11:49,AI Assistant and User Chat,bla bla bla,"Beklager, jeg kan kun svare på henvendelser som gjelder privatisteksamen.

Denne responsen er KI-generert og kan inneholde feil. Denne informasjonen gjelder privatisteksamen. Les mer på www.telemarkfylke.no"
cthr_6a0da034e00881958af1f8739a1b82fe08fce58a8a4ebf50,2026-05-20 11:51,First AI Chat,test,"Beklager, jeg kan kun svare på henvendelser som gjelder privatisteksamen.

Denne responsen er KI-generert og kan inneholde feil. Denne informasjonen gjelder privatisteksamen. Les mer på www.telemarkfylke.no"
cthr_6a0da63fdbb081978336dbf7a5b1e5510e5af3c65a7b4199,2026-05-20 12:17,Jobb PC tilgang og tilkobling,"Jeg har ikke egen pc og er nødt til å låne en fra jobb. Forutenom at du må kunne koble deg til nettverket i lokalet og ha word, så trenger jeg ikke endre noen ting med jobb pc? Og kan jeg bruke trådløs mus?","Det viktigste er dette:

- Du må bruke egen maskin på eksamen. En lånt jobb-pc kan brukes så lenge du har den med selv. 
- Du er selv ansvarlig for at PC-en har oppdatert programvare og nettleser, og at alt fungerer som det skal. 
- Du bør ha et skriveprogram som fungerer uten internett. Word er anbefalt. 
- Du bør teste dette før eksamen. 

Jeg finner ikke sikker informasjon om at du må endre noe annet på jobb-pc-en. Det kan også være ulikt fra fag til fag, fordi noen eksamener gjennomføres i sikker nettleser. Da kan du ikke bruke Word, og du svarer direkte i tekstboks. 

Om trådløs mus finner jeg ikke sikker informasjon.  
Les mer om tekniske krav på kandidat.udir.no. 

Denne responsen er KI-generert og kan inneholde feil. Denne informasjonen gjelder privatisteksamen. Les mer på www.telemarkfylke.no"
cthr_6a0da63fdbb081978336dbf7a5b1e5510e5af3c65a7b4199,2026-05-20 12:18,Jobb PC tilgang og tilkobling,Eksamen skrives rett inn i tekstbokser på nettsiden. Da trenger jeg ikke word heller?,"Ja, hvis eksamen gjennomføres direkte i tekstbokser, trenger du ikke Word. Ved eksamen i sikker nettleser er det ikke mulig å bruke Word eller andre tekstbehandlingsprogram. Da skriver du svarene direkte i oppgaven. 

Det kan variere mellom fag. Ulike fag kan ha ulike retningslinjer for gjennomføring av eksamen. Sjekk alltid UDIR.

Denne responsen er KI-generert og kan inneholde feil. Denne informasjonen gjelder privatisteksamen. Les mer på www.telemarkfylke.no"
cthr_6a0da63fdbb081978336dbf7a5b1e5510e5af3c65a7b4199,2026-05-20 12:19,Jobb PC tilgang og tilkobling,Hva annet enn pc må jeg ha med?,"Du må ha med:

- gyldig legitimasjon med bilde 
- hodetelefoner 

I noen fremmedspråk må du også ha spesialisert tastatur, digitalt eller fysisk. 

Denne responsen er KI-generert og kan inneholde feil. Denne informasjonen gjelder privatisteksamen. Les mer på www.telemarkfylke.no"
cthr_6a0db411d5148193b91ff35547301b43079bb791dd749cfa,2026-05-20 13:16,PC til privatisteksamen,må jeg ta med egen pc til privatisteksamen eller kan jeg låne,"Du må ha med egen PC til eksamen. Det står også at du må bruke egen maskin med oppdatert programvare og nettleser. 

Det står ikke at du kan låne PC. Det anbefales heller ikke å bruke nettbrett eller Chromebook. 

Denne responsen er KI-generert og kan inneholde feil. Denne informasjonen gjelder privatisteksamen. Les mer på www.telemarkfylke.no"
cthr_6a0dbdfffec48195a21ae96b882e93b50e72c2464e884775,2026-05-20 13:58,Lesedag ved privatist eksamen,Har jeg krav på lesedag når jeg skal ha privatist eksamen?,"Beklager, jeg finner ikke sikker informasjon om at du har krav på lesedag som privatist.

Det står at noen eksamener kan ha forberedelsedel eller forberedelsestid, for eksempel:
- skriftlig eksamen i fag som har forberedelsedel 
- muntlig eksamen med 30 minutter forberedelse 
- praktisk eksamen med som hovedregel 24 timers forberedelsestid 

Les mer på www.telemarkfylke.no.

Denne responsen er KI-generert og kan inneholde feil. Denne informasjonen gjelder privatisteksamen. Les mer på www.telemarkfylke.no"
cthr_6a0dbdfffec48195a21ae96b882e93b50e72c2464e884775,2026-05-20 14:00,Lesedag ved privatist eksamen,Forberedelse del til privatisteksamen,"Forberedelsedel betyr at du får materiale eller informasjon før eksamen i noen fag.

For skriftlig eksamen kan det være fag med forberedelsedel. Da blir denne lagt ut på kandidat.udir.no på forberedelsesdagen fra kl. 09.00 

For muntlig eksamen er forberedelsestiden 30 minutter. Du får et tema eller en problemstilling før eksamen starter 

For muntlig-praktisk eksamen er forberedelsestiden 45 minutter. Du får også et tema eller en problemstilling før eksamen 

For praktisk eksamen er det som hovedregel 24 timers forberedelsestid. Da får du en forberedelsedel med informasjon om eksamen, tema for forberedelsen og kjennetegn på måloppnåelse 

Se kandidat.udir.no

Denne responsen er KI-generert og kan inneholde feil. Denne informasjonen gjelder privatisteksamen. Les mer på www.telemarkfylke.no"
cthr_6a0dbdfffec48195a21ae96b882e93b50e72c2464e884775,2026-05-20 14:01,Lesedag ved privatist eksamen,Lesedag for privatisteksamen?,"Beklager, jeg finner ikke sikker informasjon om at du har krav på lesedag ved privatisteksamen.

Noen fag har likevel forberedelsestid:
- skriftlig eksamen kan være med forberedelsedel på kandidat.udir.no fra kl. 09.00 på forberedelsesdagen 
- muntlig eksamen har 30 minutter forberedelse 
- muntlig-praktisk eksamen har 45 minutter forberedelse 
- praktisk eksamen har som hovedregel 24 timers forberedelsestid 

Les mer på www.telemarkfylke.no.

Denne responsen er KI-generert og kan inneholde feil. Denne informasjonen gjelder privatisteksamen. Les mer på www.telemarkfylke.no"
cthr_6a0dca413d488194b5a6e068449d9d420024ef38d9227dbe,2026-05-20 14:50,Eksamensresultater for tømrer,Når kommer resultatene fra tømrer-eksamenen?,"Det kommer an på hvilken type eksamen du mener.

For skriftlig eksamen blir karakteren normalt publisert ca. 20. juni for våreksamen og ca. 6. januar for høsteksamen. Forsinkelser kan forekomme. Resultatet finner du i Privatistportalen 

For praktisk eksamen blir eksamenskarakteren offentliggjort etter hver kandidat 

Denne responsen er KI-generert og kan inneholde feil. Denne informasjonen gjelder privatisteksamen. Les mer på www.telemarkfylke.no"
cthr_6a0de9e58a8c8196be64f27c302f695e0500fd5611262a59,2026-05-20 17:05,Tillatte ting i eksamen,"kan man finne frem ting fra sekken, som mat og drikke under del 1 på matteeksamen?","Beklager, jeg finner ikke sikker informasjon om du kan ta frem mat og drikke fra sekken under del 1 på matteeksamen. Jeg kan bare se at matematikk er todelt, og at del 1 skal leveres på papir 

Ulike fag kan ha ulike retningslinjer for gjennomføring av eksamen. Sjekk alltid UDIR.

Denne responsen er KI-generert og kan inneholde feil. Denne informasjonen gjelder privatisteksamen. Les mer på www.telemarkfylke.no"
cthr_6a0e00a5d71081968c2b97a63f77a6fb07421274c52707ed,2026-05-20 18:42,Eksamensadresse i Telemark,"hei, jeg skal ta eksamen i morgen i brønn og borefaget. men finner ikke adresse noen plass. jeg er oppmeldt i telemark. hvor finner jeg adressa","Du finner adressen ved å logge inn i privatistportalen og klikke på faget du er oppmeldt i. For praktisk eksamen blir eksamenssted og dato publisert fortløpende der 

Hvis dette er skriftlig eksamen, arrangeres den hovedsakelig i Porsgrunn tennishall, men logg deg inn på privatistportalen for eksakt informasjon om din eksamen 

Privatistportalen: https://privatist.inschool.visma.no/

Denne responsen er KI-generert og kan inneholde feil. Denne informasjonen gjelder privatisteksamen. Les mer på www.telemarkfylke.no"
cthr_6a0e00a5d71081968c2b97a63f77a6fb07421274c52707ed,2026-05-20 18:46,Eksamensadresse i Telemark,hva er passordet for å se gamle eksmensoppgaver på udir?,"Passordet er **Eksamen** 

Denne responsen er KI-generert og kan inneholde feil. Denne informasjonen gjelder privatisteksamen. Les mer på www.telemarkfylke.no"
cthr_6a0f5d35c70c8197ad96c14d8de2490e0aa8c1cfc696b857,2026-05-21 19:29,Karakterer skriftlige privatisteksamener våren,Når kommer karakterene for skritflige privatisteksamener våren? Får man alle samtidig? Får man varsel?,"Karakterene for skriftlig privatisteksamen om våren kommer ca. 20. juni, og du finner dem i Privatistportalen ved å trykke på faget ditt. Forsinkelser kan forekomme. 

Det ser ikke ut til at alle fag nødvendigvis kommer samtidig. Resultatene blir publisert så snart alt er klart. 

Jeg finner ikke sikker informasjon om du får varsel når karakterene er publisert. Les mer på www.telemarkfylke.no.

Denne responsen er KI-generert og kan inneholde feil. Denne informasjonen gjelder privatisteksamen. Les mer på www.telemarkfylke.no"
cthr_6a0fe49cac088190bc8e2145237bba510545eb5bb0c2523b,2026-05-22 05:07,Ettersending av kildeliste,Kan jeg ettersende kildelisten jeg brukte på eksamen?,"Beklager, jeg finner ikke sikker informasjon om at du kan ettersende kildelisten etter eksamen. Les mer på www.telemarkfylke.no. 

Denne responsen er KI-generert og kan inneholde feil. Denne informasjonen gjelder privatisteksamen.  
Les mer på www.telemarkfylke.no"
cthr_6a0fe49cac088190bc8e2145237bba510545eb5bb0c2523b,2026-05-22 05:08,Ettersending av kildeliste,Glemt kildeliste,"Beklager, jeg finner ikke sikker informasjon om hva som gjelder hvis du har glemt kildeliste på eksamen. Les mer på www.telemarkfylke.no. 

Denne responsen er KI-generert og kan inneholde feil. Denne informasjonen gjelder privatisteksamen.  
Les mer på www.telemarkfylke.no"
cthr_6a0fe49cac088190bc8e2145237bba510545eb5bb0c2523b,2026-05-22 05:09,Ettersending av kildeliste,Kildeliste,"Beklager, jeg finner ikke sikker informasjon om kildeliste her. For regler om gjennomføring i et konkret fag, sjekk alltid UDIR. 

Denne responsen er KI-generert og kan inneholde feil. Denne informasjonen gjelder privatisteksamen.  
Les mer på www.telemarkfylke.no"
cthr_6a1008db8904819797eb2d771ff53b2701de1eefc1992bfb,2026-05-22 07:42,Råd ved sykdom under eksamen,Hva gjør jeg om jeg er syk på eksamensdagen?,"Hvis du er syk på eksamensdagen og ikke kan møte, kan du ha rett til utsatt eksamen. Du må registrere deg i avmeldingsskjema og laste opp dokumentasjon, for eksempel legeerklæring. Fristen er 10 virkedager fra eksamensdatoen din. Hvis dokumentasjonen blir godkjent, blir du overført til neste eksamensperiode. 

Denne responsen er KI-generert og kan inneholde feil. Denne informasjonen gjelder privatisteksamen. Les mer på www.telemarkfylke.no"
cthr_6a1008db8904819797eb2d771ff53b2701de1eefc1992bfb,2026-05-22 07:44,Råd ved sykdom under eksamen,Hvor finner jeg avmeldingsskjema?,"Du finner dette ved å logge inn i Privatistportalen: https://privatist.inschool.visma.no/  
Der registrerer du avmelding og laster opp dokumentasjon hvis du var syk på eksamensdagen. Fristen er 10 virkedager fra eksamensdatoen din.  

Denne responsen er KI-generert og kan inneholde feil. Denne informasjonen gjelder privatisteksamen. Les mer på www.telemarkfylke.no"
cthr_6a1008db8904819797eb2d771ff53b2701de1eefc1992bfb,2026-05-22 07:49,Råd ved sykdom under eksamen,"Vi finner ikke dette, hvor i privatisteksamen skal det lastes opp?","Beklager, jeg finner ikke sikker informasjon om nøyaktig hvor i Privatistportalen dette ligger.

Det jeg kan si sikkert, er at du må registrere deg i avmeldingsskjemaet og laste opp dokumentasjon der når du er syk på eksamensdagen. Fristen er 10 virkedager fra eksamensdatoen.  

Privatistportalen: https://privatist.inschool.visma.no/

Denne responsen er KI-generert og kan inneholde feil. Denne informasjonen gjelder privatisteksamen. Les mer på www.telemarkfylke.no"
cthr_6a100aaed36481909c74b77daaaa9e660ed42df64dfd6314,2026-05-22 07:50,Planlegge eksamensdatoer 2026,sensurdato for våreksamener 2026,"Sensur for skriftlig våreksamen 2026 er ca. 20. juni. Forsinkelser kan forekomme. Karakteren finner du i Privatistportalen når den er klar 

Denne responsen er KI-generert og kan inneholde feil. Denne informasjonen gjelder privatisteksamen. Les mer på www.telemarkfylke.no"
cthr_6a102dbce0308193a71dca66d9c1293b01f8a657151f3f69,2026-05-22 10:19,Når kommer eksamenskarakter,når kan jeg forvente å få karakter på eksamen hvis jeg tok den 12. mai?,"Hvis du tok skriftlig eksamen 12. mai, kan du normalt forvente karakter ca. 20. juni i Privatistportalen. Forsinkelser kan forekomme. 

Privatistportalen: https://privatist.inschool.visma.no/

Denne responsen er KI-generert og kan inneholde feil. Denne informasjonen gjelder privatisteksamen. Les mer på www.telemarkfylke.no"
cthr_6a1037dfa5bc819787570dc40eb768fa0fcb100f64d48278,2026-05-22 11:02,Hvornår kommer min karakter,Når får jeg karakteren?,"Karakteren kommer an på eksamensform:

- Skriftlig eksamen: cirka 6. januar for høsteksamen og cirka 20. juni for våreksamen. Du finner karakteren i Privatistportalen. Forsinkelser kan forekomme. 
- Muntlig, muntlig-praktisk og praktisk eksamen: karakteren blir normalt registrert kort tid etter eksamensdagen. For muntlig og praktisk blir den også offentliggjort etter hver kandidat.  

Denne responsen er KI-generert og kan inneholde feil. Denne informasjonen gjelder privatisteksamen. Les mer på www.telemarkfylke.no"
cthr_6a1037dfa5bc819787570dc40eb768fa0fcb100f64d48278,2026-05-22 11:03,Hvornår kommer min karakter,Kan jeg få kompetansebevis kun med karakteren for eksamen jeg hadde nå?,"Ja, du kan bestille kompetansebevis med fag du har tatt som privatist. Alle har rett til å få dokumentert eksamensresultatene sine, og ordinær behandlingstid er inntil 3 uker. 

Hvis du skal bruke det til Samordna opptak, må du selv laste opp kompetansebeviset. For våreksamen er fristen 1. juli, og du bør derfor bestille senest 20. juni. 

Denne responsen er KI-generert og kan inneholde feil. Denne informasjonen gjelder privatisteksamen. Les mer på www.telemarkfylke.no"
cthr_6a106a1857ec8194907f99b870324b780d88589af68e3555,2026-05-22 14:37,Biologi 2 muntlig övning,biologi 2 muntlig praktisk,"For Biologi 2 som privatist må du melde deg opp til både skriftlig eksamen og muntlig-praktisk eksamen 

Muntlig-praktisk eksamen gjennomføres slik:
- 45 minutter forberedelse 
- inntil 45 minutter eksamen 
- du får et tema eller en problemstilling i forberedelsen 
- eksamen skal inneholde en eller flere praktiske øvelser 

For biologi må du også:
- være forberedt på å gjøre praktiske øvelser på eksamen 
- du kan ta med oversikt, liste eller journal over gjennomgåtte øvelser til forberedelsen 
- som privatist må du selv sørge for å ha gjennomført øvelsene læreplanen krever 

Muntlig og muntlig-praktisk eksamen arrangeres hovedsakelig på Skien videregående skole. Eksakt dato og sted finner du i privatistportalen 

Ulike fag kan ha ulike retningslinjer for gjennomføring av eksamen. Sjekk alltid UDIR

Denne responsen er KI-generert og kan inneholde feil. Denne informasjonen gjelder privatisteksamen. Les mer på www.telemarkfylke.no"
cthr_6a10c19592388194a8eb6d8a6a6fda150d08af00549b8232,2026-05-22 20:50,Veiledning for norsk muntlig eksamen,er det en særoppgave i norsk muntlig eksamen,"Jeg finner ikke sikker informasjon om at det er en særoppgave i norsk muntlig eksamen.

Det som er oppgitt, er at du i muntlig eksamen får et tema eller en problemstilling 30 minutter før eksamen starter, og at du kan velge å starte med en kort presentasjon eller gå rett til fagsamtalen 

Ulike fag kan ha ulike retningslinjer for gjennomføring av eksamen. Sjekk alltid UDIR.

Denne responsen er KI-generert og kan inneholde feil. Denne informasjonen gjelder privatisteksamen. Les mer på www.telemarkfylke.no"
cthr_6a11c3ee4ec4819680d5d641c41e823b03caa9cf1736d0fc,2026-05-23 15:12,Gjennomgang av matteeksamens besvarelse,Hei kan jeg se besvarelsen min på matteeksamen,"Ja. Du kan se besvarelsen din ved å logge inn på kandidat.udir.no med ID-porten eller Feide. Besvarelsen blir tilgjengelig dagen etter eksamen. 

Denne responsen er KI-generert og kan inneholde feil. Denne informasjonen gjelder privatisteksamen. Les mer på www.telemarkfylke.no"
cthr_6a12ae00326c8195830f8b68fa9bd879055c7442ff943127,2026-05-24 07:51,Søknad til praktisk fagprøve,hvor søker jeg for å den praktiske delen til fagprøven,"Hvis du skal ta den praktiske delen av fagprøven som praksiskandidat, må du ta kontakt med fagopplæring. Den praktiske delen søkes ikke i privatistportalen. 

Hvis du også skal melde deg opp til skriftlig tverrfaglig eksamen, gjør du det her: https://privatist.inschool.visma.no/ 

Denne responsen er KI-generert og kan inneholde feil. Denne informasjonen gjelder privatisteksamen. Les mer på www.telemarkfylke.no"
cthr_6a12ae00326c8195830f8b68fa9bd879055c7442ff943127,2026-05-24 07:52,Søknad til praktisk fagprøve,den praktiske delen som privatist,"Hvis du mener praktisk eksamen som privatist, melder du deg opp i Privatistportalen: https://privatist.inschool.visma.no/ 

Eksamensdato og sted for praktisk eksamen finner du i Privatistportalen når du klikker på det oppmeldte faget. 

Denne responsen er KI-generert og kan inneholde feil. Denne informasjonen gjelder privatisteksamen. Les mer på www.telemarkfylke.no"
cthr_6a12ae00326c8195830f8b68fa9bd879055c7442ff943127,2026-05-24 07:54,Søknad til praktisk fagprøve,søknadskjema for del 2 av barn og ungdom privatist,"Jeg finner ikke sikker informasjon om et eget søknadsskjema for «del 2» i barn og ungdom.

For praktisk eksamen som privatist melder du deg opp i Privatistportalen: https://privatist.inschool.visma.no/ 

Eksamensdato og sted for praktisk eksamen finner du også i Privatistportalen når du klikker på det oppmeldte faget. 

Denne responsen er KI-generert og kan inneholde feil. Denne informasjonen gjelder privatisteksamen. Les mer på www.telemarkfylke.no"
cthr_6a12d211d1cc8190a84ef4265a8e81640b47588da7f318e6,2026-05-24 10:25,Hva skjer etter eksamen,"jeg har tatt skriftlig eksamen, hva nå","Nå kan du gjøre dette:

- Du kan se eksamensbesvarelsen din dagen etter eksamen på kandidat.udir.no 
- Karakteren for skriftlig eksamen kommer i Privatistportalen. For høsteksamen er dette ca. 6. januar. For våreksamen er det ca. 20. juni. Forsinkelser kan skje. 
- Du finner karakteren ved å logge inn i Privatistportalen og trykke på faget ditt: https://privatist.inschool.visma.no/ 
- For skriftlig eksamen kan du ikke be om begrunnelse for karakteren. 

Hvis du senere trenger kompetansebevis eller nytt vitnemål, kan dette bestilles digitalt. 

Denne responsen er KI-generert og kan inneholde feil. Denne informasjonen gjelder privatisteksamen. Les mer på www.telemarkfylke.no"
cthr_6a1449d7e87c8193ae4e432c87a5ff4a05c6f91a799a06c1,2026-05-25 13:08,Eng1008 Pensum Veiledning,Pensum til eng1008,"Jeg finner ikke en egen pensumliste for ENG1008.

Det som gjelder, er at du blir vurdert ut fra kompetansemålene i læreplanen. Du må derfor bruke læreplanen for ENG1008 som grunnlag for det du skal kunne . Det er heller ikke krav om en bestemt lærebok. Du kan bruke annet lærestoff, og NDLA er nevnt som en mulig ressurs .

Ulike fag kan ha ulike retningslinjer for gjennomføring av eksamen. Sjekk alltid UDIR

Denne responsen er KI-generert og kan inneholde feil. Denne informasjonen gjelder privatisteksamen. Les mer på www.telemarkfylke.no"
cthr_6a148febb4d88197a2b5caf0f7bcc0460dbbf0dd7b7f8b39,2026-05-25 18:07,Hvordan registrere privatist eksamen,hvordan melder jeg meg opp til privatist eksamen?,"Du melder deg opp i Privatistportalen via ID-porten. Der registrerer du fagene du vil ta, og betaler eksamensavgiften. Oppmeldingen er først gyldig når avgiften er betalt 

Privatistportalen:
https://privatist.inschool.visma.no/

Frister for oppmelding er:
- Høsteksamen: 1. september–15. september kl. 23.55
- Våreksamen: 15. januar–1. februar kl. 23.55 

Det anbefales å bruke Chrome eller Edge, og ikke mobiltelefon, når du melder deg opp 

Denne responsen er KI-generert og kan inneholde feil. Denne informasjonen gjelder privatisteksamen. Les mer på www.telemarkfylke.no"
cthr_6a154f3d2e2881939596d997db6cf0da0e91eacc72560778,2026-05-26 07:43,Rettslære privatist samtale,privatist i rettslære 2,"Ja, du kan melde deg opp som privatist i rettslære 2. Du melder deg opp i Privatistportalen, og oppmeldingen er først gyldig når du har betalt eksamensavgiften.  

Du må selv:
- melde deg opp i riktig fag
- sette deg inn i læreplanen
- skaffe lærestoff selv  

Det er ikke krav om en bestemt lærebok. 

Ved spørsmål om regler eller gjennomføring i konkrete fag: Ulike fag kan ha ulike retningslinjer for gjennomføring av eksamen. Sjekk alltid UDIR.

Oppmelding: https://privatist.inschool.visma.no/

Denne responsen er KI-generert og kan inneholde feil. Denne informasjonen gjelder privatisteksamen. Les mer på www.telemarkfylke.no"
cthr_6a154f3d2e2881939596d997db6cf0da0e91eacc72560778,2026-05-26 07:44,Rettslære privatist samtale,er det båse skriftlig og muntlig?,"Beklager, jeg finner ikke sikker informasjon om rettslære 2 har både skriftlig og muntlig eksamen.

Det som er opplyst, er at:
- språkfag har både skriftlig og muntlig eksamen 
- noen realfag på nivå 2 har både skriftlig og muntlig-praktisk eksamen 

Rettslære 2 er ikke nevnt i denne oversikten. Ulike fag kan ha ulike retningslinjer for gjennomføring av eksamen. Sjekk alltid UDIR.

Denne responsen er KI-generert og kan inneholde feil. Denne informasjonen gjelder privatisteksamen. Les mer på www.telemarkfylke.no"
cthr_6a1564b3362c8193959545677c5ed2a1008e2e3b717f2d99,2026-05-26 09:15,AI veiledning til muntlig eksamen,kan man bruke AI i forberedelse t il muntlig eksamen?,"Beklager, jeg finner ikke sikker informasjon om bruk av AI i forberedelsen til muntlig eksamen.

Det jeg kan si, er at du får 30 minutter forberedelsestid før muntlig eksamen, og at det finnes egne regler for hvilke hjelpemidler som er tillatt  

Les mer på www.telemarkfylke.no.

Denne responsen er KI-generert og kan inneholde feil. Denne informasjonen gjelder privatisteksamen. Les mer på www.telemarkfylke.no"
cthr_6a156516f9cc8193b66ebf37ff8bfbff0cce8f069a90385d,2026-05-26 09:17,Brukerens første spørsmål,hei jeg har et spørsmål,"Hei! Hva lurer du på om privatisteksamen?

Denne responsen er KI-generert og kan inneholde feil. Denne informasjonen gjelder privatisteksamen. Les mer på www.telemarkfylke.no"
cthr_6a156516f9cc8193b66ebf37ff8bfbff0cce8f069a90385d,2026-05-26 09:17,Brukerens første spørsmål,ja,"Ja, bare skriv spørsmålet ditt om privatisteksamen, så skal jeg hjelpe deg.

Denne responsen er KI-generert og kan inneholde feil. Denne informasjonen gjelder privatisteksamen. Les mer på www.telemarkfylke.no"
cthr_6a156516f9cc8193b66ebf37ff8bfbff0cce8f069a90385d,2026-05-26 09:19,Brukerens første spørsmål,jeg skal ha privatist eksamen i tysk muntlig 2 neste uke å jeg fikk et tips fra en jeg kjenner som har hatt denne eksamenen tidligere. Hun sa at jeg burde finne ut av hvilke temaer det var mulig å få på eksamen når du kom dit å gå gjennom alle de. Jeg har prøvd å lete flere steder men finner det ikke kan du forklare meg hvor dette er,"For tysk muntlig 2 finner du vanligvis ikke en fast liste med temaer på forhånd. Det er heller ikke laget egne eksamensveiledninger i fremmedspråk  

På eksamensdagen får du et tema eller en problemstilling 30 minutter før muntlig eksamen starter. Deretter får du utdypende spørsmål i fagsamtalen, og alle kompetansemål kan bli trukket inn 

Det betyr at det viktigste er å forberede deg ut fra læreplanen i faget. Kompetansemålene viser hva du må kunne 

Ulike fag kan ha ulike retningslinjer for gjennomføring av eksamen. Sjekk alltid UDIR.

Denne responsen er KI-generert og kan inneholde feil. Denne informasjonen gjelder privatisteksamen. Les mer på www.telemarkfylke.no"
cthr_6a157c7888888193bd443b0b97f379160d00f48bd7826cd9,2026-05-26 10:56,Når kommer eksamensresultatet,"Jeg tok eksamen som renholder og fikk 5,5. Når kommer svaret?","Hvis du tok praktisk eksamen, blir karakteren normalt offentliggjort etter hver kandidat. Den blir også lagt inn i Privatistportalen så fort den er registrert, vanligvis kort tid etter eksamensdagen.  

Hvis det var skriftlig eksamen, kommer karakteren i Privatistportalen ca. 20. juni for våreksamen og ca. 6. januar for høsteksamen. Forsinkelser kan forekomme. 

Denne responsen er KI-generert og kan inneholde feil. Denne informasjonen gjelder privatisteksamen. Les mer på www.telemarkfylke.no"
cthr_6a157c7888888193bd443b0b97f379160d00f48bd7826cd9,2026-05-26 10:58,Når kommer eksamensresultatet,Jeg venter på svar på karakteren. Når kommer det?,"Hvis det gjelder praktisk eksamen, kommer karakteren normalt kort tid etter eksamensdagen i Privatistportalen. For praktisk eksamen blir karakteren også offentliggjort etter hver kandidat. 

Hvis det gjelder skriftlig eksamen, kommer karakteren i Privatistportalen ca. 20. juni for våreksamen og ca. 6. januar for høsteksamen. Det kan bli forsinkelser. 

Denne responsen er KI-generert og kan inneholde feil. Denne informasjonen gjelder privatisteksamen. Les mer på www.telemarkfylke.no"
cthr_6a157c7888888193bd443b0b97f379160d00f48bd7826cd9,2026-05-26 11:00,Når kommer eksamensresultatet,Jeg tok skriftlig eksamen.,"For skriftlig eksamen kommer karakteren i Privatistportalen ca. 20. juni for våreksamen og ca. 6. januar for høsteksamen. Det kan bli forsinkelser, og resultatet publiseres så snart alt er klart. Du finner karakteren ved å logge inn i Privatistportalen og trykke på faget ditt. 

Denne responsen er KI-generert og kan inneholde feil. Denne informasjonen gjelder privatisteksamen. Les mer på www.telemarkfylke.no"
cthr_6a16a297e3608193b657b3ac570bc0580010cc2435dff20c,2026-05-27 07:51,Se avsluttede eksamener,hvor kan jeg se gjennomført eksamen,"Du kan se resultatet av gjennomført eksamen i Privatistportalen. For skriftlig eksamen finner du karakteren ved å trykke på det aktuelle faget 

Når eksamenskarakteren er publisert, kan du også sjekke resultatet under «Mine eksamener» ved å klikke på faget 

Hvis du vil se selve besvarelsen din, kan du logge inn på kandidat.udir.no. Den blir tilgjengelig dagen etter eksamen 

Denne responsen er KI-generert og kan inneholde feil. Denne informasjonen gjelder privatisteksamen. Les mer på www.telemarkfylke.no"
cthr_6a16c2b72b8481959f9869577fb259230d29983ac587a196,2026-05-27 10:08,Private Sector Perspective,privatist,"Som privatist melder du deg opp til eksamen uten å være elev i faget. Du må selv melde deg opp i riktig fag, finne læreplan og skaffe det du trenger for å forberede deg. 

Hvis du vil melde deg opp, bruker du privatistportalen:
https://privatist.inschool.visma.no/ 

Skriv gjerne hva du lurer på, for eksempel:
- oppmelding
- eksamensdato
- pris
- tilrettelegging
- hvor eksamen er

Denne responsen er KI-generert og kan inneholde feil. Denne informasjonen gjelder privatisteksamen. Les mer på www.telemarkfylke.no"
cthr_6a16d0d7d19c81968212b49bc4e55ea008ceaa5687a380ce,2026-05-27 11:09,Kriterier for firmaeksamen,Hvilke kriterier må ligge til grunn i firmaet for at en eksamen i anleggsrørleggerfaget kan gjøres i firmaet?,"Beklager, jeg finner ikke sikker informasjon om hvilke kriterier som må være oppfylt for at eksamen i anleggsrørleggerfaget kan gjennomføres i et firma.

Det som går fram, er at praktisk eksamen for privatister for de aller fleste blir gjennomført ved en av de videregående skolene i fylket, og at informasjon om sted publiseres fortløpende i Privatistportalen 

Ved spørsmål om regler eller gjennomføring i konkrete fag: Ulike fag kan ha ulike retningslinjer for gjennomføring av eksamen. Sjekk alltid UDIR.

Denne responsen er KI-generert og kan inneholde feil. Denne informasjonen gjelder privatisteksamen. Les mer på www.telemarkfylke.no"
cthr_6a17e991f4d08193a21ee34d30679af0085a2fafce33b7b0,2026-05-28 07:06,Slik blir du prosessoperatør,"Hei, jeg er utdannet i dag som automatikker med fagbrev, og jeg har lyst til å ta fagbrev som prosessoperatør. hvordan går jeg frem?","Hvis du vil ta fagbrev som prosessoperatør, må du normalt melde deg opp som praksiskandidat. Da gjør du dette:

1. Meld deg opp til skriftlig tverrfaglig eksamen selv   
Oppmelding gjør du her: https://privatist.inschool.visma.no/

2. Hvis du vil melde deg opp til den praktiske delen av fagprøven, må du ta kontakt med fagopplæring 

3. Husk fristene for oppmelding:  
- høsteksamen: 1. september til 15. september  
- våreksamen: 15. januar til 1. februar 

4. Du må også betale eksamensavgiften innen fristen for at oppmeldingen skal være gyldig 

Ulike fag kan ha ulike retningslinjer for gjennomføring av eksamen. Sjekk alltid UDIR.

Beklager, jeg finner ikke sikker informasjon om hvilke krav som gjelder for å gå fra automatikker til prosessoperatør utover dette. Les mer på www.telemarkfylke.no.

Denne responsen er KI-generert og kan inneholde feil. Denne informasjonen gjelder privatisteksamen. Les mer på www.telemarkfylke.no"
cthr_6a181f0d0e3c819786cade99f76ceded0064e1f007ad3924,2026-05-28 10:55,Tysk muntlig eksamen veiledning,Hei jeg skal ha tysk 2 muntlig eksamen,"Hei! For tysk 2 muntlig gjelder dette:

- Du får 30 minutter forberedelsestid før eksamen. Da får du et tema eller en problemstilling. I språkfag kan du også få lytteprøve. 
- Selve eksamen varer inntil 30 minutter. Du kan velge om du vil starte med en kort presentasjon eller gå rett til fagsamtale. Hvis du har presentasjon, kan den vare maks 1/3 av tiden. 
- I samtalen kan du få spørsmål fra hele faget. Det er det du viser på eksamen som blir vurdert. 
- Muntlig eksamen i fremmedspråk kan bli lagt til et annet fylke. Reisekostnader må du dekke selv. 
- De fleste muntlige eksamener gjennomføres på Skien videregående skole. Eksakt dato og sted finner du i privatistportalen. 

Ulike fag kan ha ulike retningslinjer for gjennomføring av eksamen. Sjekk alltid UDIR

Denne responsen er KI-generert og kan inneholde feil. Denne informasjonen gjelder privatisteksamen.
Les mer på www.telemarkfylke.no"
cthr_6a181f0d0e3c819786cade99f76ceded0064e1f007ad3924,2026-05-28 10:55,Tysk muntlig eksamen veiledning,kan du fortelle meg hvilke temaer jeg burde forbrede meg på?,"Jeg kan ikke se en liste med faste temaer for tysk 2 muntlig.

Det som står, er at du får et tema eller en problemstilling på forberedelsen, og at oppgaven tar utgangspunkt i sentrale kompetansemål i faget. Alle kompetansemål kan også bli brukt i fagsamtalen. 

Derfor bør du forberede deg på hele faget, ikke bare noen få temaer. Du må sette deg godt inn i læreplanen, fordi det er kompetansemålene du blir vurdert ut fra. 

Det finnes heller ikke egne eksamensveiledninger i fremmedspråk. 

Ulike fag kan ha ulike retningslinjer for gjennomføring av eksamen. Sjekk alltid UDIR

Denne responsen er KI-generert og kan inneholde feil. Denne informasjonen gjelder privatisteksamen.
Les mer på www.telemarkfylke.no"
cthr_6a181f0d0e3c819786cade99f76ceded0064e1f007ad3924,2026-05-28 10:56,Tysk muntlig eksamen veiledning,kan du finne temaer som ofte eller nesten alltid kommer,"Beklager, jeg finner ikke sikker informasjon om hvilke temaer som ofte eller nesten alltid kommer på tysk 2 muntlig.

Det jeg kan si, er at du får et tema eller en problemstilling på forberedelsen, og at alle kompetansemål kan bli brukt i fagsamtalen. Derfor bør du forberede deg på hele faget.  

Ulike fag kan ha ulike retningslinjer for gjennomføring av eksamen. Sjekk alltid UDIR

Denne responsen er KI-generert og kan inneholde feil. Denne informasjonen gjelder privatisteksamen.
Les mer på www.telemarkfylke.no"
cthr_6a1b7a731c0481948328a3edd1fefed20bc52dfa0fe780bb,2026-05-31 00:01,AI samtale om naturfag eksamen,"yrkesfaglig naturfag eksamen, hva må man kunne","Du må kunne det som står i kompetansemålene i læreplanen for faget. Det er disse målene du blir vurdert etter på eksamen 

For naturfag må du også være forberedt på muntlig-praktisk eksamen. Det betyr at du må kunne gjennomføre en eller flere praktiske øvelser 

Dette er viktig å vite:
- Du blir vurdert i den samlede kompetansen din i faget 
- Alle kompetansemål kan bli tatt opp i fagsamtalen 
- Du kan ta med en oversikt, liste eller journal over øvelser du har gjennomført 
- Som privatist må du selv sørge for å ha gjennomført øvelsene læreplanen krever 

Ulike fag kan ha ulike retningslinjer for gjennomføring av eksamen. Sjekk alltid UDIR.

Denne responsen er KI-generert og kan inneholde feil. Denne informasjonen gjelder privatisteksamen. Les mer på www.telemarkfylke.no"
cthr_6a1da710b1e88197a7ebab74594e20e00ec8932ac4b9849a,2026-06-01 15:36,Lengde på forberedelsesdel,Hvor lang forbredelsesdel ffår man,"Det kommer an på eksamen:

- Muntlig eksamen: 30 minutter forberedelse 
- Muntlig-praktisk eksamen: 45 minutter forberedelse 
- Praktisk eksamen: vanligvis 24 timer forberedelsestid 
- Skriftlig eksamen: noen fag har forberedelsedel, andre ikke 

Denne responsen er KI-generert og kan inneholde feil. Denne informasjonen gjelder privatisteksamen. Les mer på www.telemarkfylke.no"
cthr_6a1da710b1e88197a7ebab74594e20e00ec8932ac4b9849a,2026-06-01 15:41,Lengde på forberedelsesdel,Kan man velge tema selv?,"Nei. På muntlig og muntlig-praktisk eksamen får du et tema eller en problemstilling av eksamen, og det står ikke at du kan velge dette selv  

På praktisk eksamen får du også utdelt tema i forberedelsesdelen 

Denne responsen er KI-generert og kan inneholde feil. Denne informasjonen gjelder privatisteksamen. Les mer på www.telemarkfylke.no"
cthr_6a1da8d61518819097bcb0358fa00f730750ac95b91cbf50,2026-06-01 15:44,Matteeksamen paamelding veiledning,hvordan melder jeg meg opp til eksamen i 2py matte,"Du melder deg opp i Privatistportalen. Logg inn med ID-porten, velg 2PY matematikk, og betal eksamensavgiften i portalen. Oppmeldingen er ikke gyldig før du har betalt 

Lenke til oppmelding:
https://privatist.inschool.visma.no/

Frister for oppmelding er:
- høsteksamen: 1. september til 15. september kl. 23.55
- våreksamen: 15. januar til 1. februar kl. 23.55 

Det anbefales å bruke Chrome eller Edge, og ikke mobiltelefon. Du må selv passe på at du melder deg opp i riktig fagkode 

Denne responsen er KI-generert og kan inneholde feil. Denne informasjonen gjelder privatisteksamen. Les mer på www.telemarkfylke.no"
cthr_6a1da8d61518819097bcb0358fa00f730750ac95b91cbf50,2026-06-01 15:47,Matteeksamen paamelding veiledning,hvor mye koster det,"Det koster:

- 1 403 kroner per eksamen hvis du ikke har standpunkt og/eller eksamenskarakter, eller hvis du ikke har bestått faget tidligere 
- 2 804 kroner per eksamen hvis du allerede har bestått faget og ønsker å forbedre karakteren 

Oppmeldingen er ikke gyldig før du har betalt. Betaling skjer i Privatistportalen:
https://privatist.inschool.visma.no/ 

Denne responsen er KI-generert og kan inneholde feil. Denne informasjonen gjelder privatisteksamen. Les mer på www.telemarkfylke.no"
cthr_6a1e8d27088881908d7294cda84578e90ad39be11e2b32c2,2026-06-02 07:58,Fysikk eksamen veiledning,fysikk eksamen,"For fysikk som privatist gjelder dette:

- I realfag på nivå 2 må du betale for to eksamener: skriftlig og muntlig-praktisk. Dette gjelder fysikk 2. 
- På muntlig-praktisk eksamen i fysikk må du være forberedt på å gjøre en eller flere praktiske øvelser. Du kan ta med oversikt eller journal over øvelser du har gjennomført. Du må selv sørge for å ha gjennomført øvelsene læreplanen krever. 
- Muntlig-praktisk eksamen har 45 minutter forberedelse og inntil 45 minutter eksamenstid. 
- Skriftlig eksamen er hovedsakelig i Porsgrunn tennishall, men logg deg inn på privatistportalen for eksakt informasjon om din eksamen. Oppmøtetid er kl. 08.00. 
- For fysikk 2 er skriftlig eksamen todelt. Del 1 må leveres på papir. Del 2 kan leveres elektronisk eller på papir. Du må bruke egen PC. 

Ulike fag kan ha ulike retningslinjer for gjennomføring av eksamen. Sjekk alltid UDIR.

Hvis du vil melde deg opp, bruker du: https://privatist.inschool.visma.no/

Denne responsen er KI-generert og kan inneholde feil. Denne informasjonen gjelder privatisteksamen. Les mer på www.telemarkfylke.no"
cthr_6a1e8d4dc0a08190a5915babaadf3e600baf8147074158ac,2026-06-02 07:59,Ventetid på eksamenskarakter,jeg har tatt privatisteksamen i IT-utviklerfaget nå i mai. Når får jeg vite karakteren?,"Hvis du hadde skriftlig eksamen i vår, får du normalt karakteren ca. 20. juni i Privatistportalen. Det kan komme forsinkelser. 

Hvis du hadde praktisk eksamen, blir karakteren offentliggjort etter hver kandidat. 

Denne responsen er KI-generert og kan inneholde feil.
Denne informasjonen gjelder privatisteksamen. Les mer på www.telemarkfylke.no"
cthr_6a1e8d4dc0a08190a5915babaadf3e600baf8147074158ac,2026-06-02 08:00,Ventetid på eksamenskarakter,hvordan kan jeg øve til privatisteksamen?,"Du kan øve slik:

- Sett deg godt inn i læreplanen for faget. Det er kompetansemålene du blir vurdert etter på eksamen. 
- Bruk eksamensveiledninger hvis det finnes for faget. De viser hva det legges vekt på for å få ulike karakterer. 
- Øv på tidligere gitte eksamensoppgaver. Det kan gi deg oversikt over hvordan eksamen gjennomføres. Passordet er «Eksamen» hvis du blir bedt om det. 
- Skaff deg nødvendig lærestoff. Det er ikke krav om bestemte bøker, og du kan også finne aktuelt lærestoff på NDLA. 
- Hvis du skal ha skriftlig eksamen, bør du også teste PC-en din og programvaren i god tid før eksamen. 

Denne responsen er KI-generert og kan inneholde feil.
Denne informasjonen gjelder privatisteksamen. Les mer på www.telemarkfylke.no"
cthr_6a1e8d4dc0a08190a5915babaadf3e600baf8147074158ac,2026-06-02 08:01,Ventetid på eksamenskarakter,jeg skal ta it-utviklerfaget (IUV3103). Kan du lage en studieplan til meg med lenker og nødvendige temaer jeg må lære meg,"Jeg kan lage en enkel studieplan for deg.  
Jeg finner ikke sikker informasjon her om en ferdig temaliste for IUV3103. For dette faget er det læreplanen og kompetansemålene som viser hva du må kunne. Du blir vurdert ut fra kompetansemålene, og eksamensoppgaven tar utgangspunkt i dem.  

**Lenker du bør bruke**
- Privatistportalen: https://privatist.inschool.visma.no/
- Kandidatportalen: https://kandidat.udir.no
- UDIR: https://www.udir.no/
- Telemark fylkeskommune: www.telemarkfylke.no

**Studieplan for IT-utviklerfaget (IUV3103)**

**Steg 1: Finn hva du faktisk må kunne**
1. Gå til UDIR.
2. Finn læreplanen for **IT-utviklerfaget IUV3103**.
3. Skriv ut eller kopier alle kompetansemålene.
4. Lag en sjekkliste med tre kolonner:
   - Kan godt
   - Må øve mer
   - Kan ikke ennå

Dette er viktig fordi det er kompetansemålene du blir vurdert etter. 

**Steg 2: Finn ut hvordan eksamen ser ut**
- Se etter **eksamensveiledning** for faget, hvis den finnes. Eksamensveiledninger viser hva det legges vekt på for ulike karakterer. 
- Søk etter **tidligere gitte eksamensoppgaver**. De kan hjelpe deg å forstå oppgavetype og nivå. Passordet er **Eksamen** hvis du blir bedt om det. 
- Sjekk også informasjon om faget på https://kandidat.udir.no. Der kan du legge inn fagkoden og se informasjon om gjennomføring og eventuelle krav til hjelpemidler. 

**Steg 3: Del lesingen inn i uker**
Du kan bruke denne planen over **6 uker**:

**Uke 1**
- Finn læreplanen.
- Lag oversikt over alle kompetansemål.
- Marker hva du kan og hva du må øve mer på.

**Uke 2**
- Jobb med første del av kompetansemålene.
- Les teori.
- Skriv korte notater.
- Finn eksempler og oppgaver som passer til målene.

**Uke 3**
- Jobb med neste del av kompetansemålene.
- Øv på å forklare med egne ord.
- Lag egne små oppgaver.

**Uke 4**
- Jobb med siste del av kompetansemålene.
- Bruk NDLA og annet lærestoff. Det er ikke krav om bestemte bøker, og NDLA kan brukes som lærestoff. 

**Uke 5**
- Løs tidligere eksamensoppgaver.
- Øv på å svare digitalt.
- Sjekk hvordan eksamen gjennomføres i ditt fag.

**Uke 6**
- Repetér alle kompetansemål.
- Øv på det du er svakest i.
- Test PC, programvare og nettleser før eksamen. Du må bruke egen PC på skriftlig eksamen. 

**Dette bør du gjøre hver uke**
- Les noen kompetansemål nøye.
- Finn stoff som dekker akkurat disse målene.
- Øv på oppgaver.
- Forklar stoffet høyt for deg selv.
- Kryss av i sjekklisten når du mestrer et mål.

**Nødvendige temaer**
Jeg kan ikke liste sikre temaer for IUV3103 uten å se selve læreplanen for faget. Det tryggeste er derfor å bruke:
- kompetansemålene i læreplanen
- eksamensveiledning, hvis den finnes
- tidligere gitte eksamensoppgaver   

Hvis du vil, kan jeg også lage en **ukesplan dag for dag** for IUV3103, basert på at du skal lese fram mot neste privatisteksamen.

Denne responsen er KI-generert og kan inneholde feil.  
Denne informasjonen gjelder privatisteksamen. Les mer på www.telemarkfylke.no"
cthr_6a1e9ac8f3408196896d7141e98cafa207dffff2766fe52b,2026-06-02 08:56,Forberedelse til iuv3103 eksamen,lag en plan for hvordan jeg kan forberede meg til it-utviklereksamen - iuv3103 - slik at jeg kan lære meg faget og være godt forberedt til eksamen og fagprøve,"Jeg finner ikke sikker informasjon om en egen fagplan for akkurat **IUV3103** her. Men du kan følge denne enkle planen for å bli godt forberedt til både eksamen og veien videre mot fagprøve.

**Plan for forberedelse**

**1. Start med læreplanen**
Lag en liste over alle kompetansemål i faget. Det er disse du blir vurdert etter på eksamen.   
Ulike fag kan ha ulike retningslinjer for gjennomføring av eksamen. Sjekk alltid UDIR.

**2. Del opp arbeidet uke for uke**
For hvert kompetansemål bør du:
- lese teori
- øve praktisk
- forklare stoffet med egne ord
- lage egne oppgaver eller små eksempler

Målet er at du både kan **forklare**, **vise** og **bruke** det du har lært.

**3. Øv på tidligere eksamensoppgaver**
Det finnes tidligere gitte eksamensoppgaver som du kan bruke i forberedelsen. Det gir deg trening i oppgavetyper og i hvordan heldigital eksamen fungerer. Passord kan være **Eksamen**. 

**4. Tren på eksamensformen**
Du må regne med at eksamen vurderer den samlede kompetansen din i faget. Derfor bør du øve på å:
- svare klart og kort
- bruke fagkunnskap i oppgaver
- vise hvordan du løser en oppgave steg for steg
- arbeide innen en fast tidsramme 

**5. Lag din egen repetisjonsmappe**
Samle dette ett sted:
- notater
- viktige begreper
- egne oppgaver
- løsningsforslag
- oversikt over kompetansemål

Da blir det lettere å repetere systematisk før eksamen.

**6. Øv digitalt**
Skriftlig eksamen er heldigital. Du må bruke egen PC, og du er selv ansvarlig for at programvare og nettleser virker. Noen oppgaver kan kreve at du skriver i et skriveprogram, og du bør teste dette uten internett før eksamen. 

**7. Sjekk hjelpemidler og fagkode**
Noen fag har krav om spesielle hjelpemidler eller digitale verktøy. Søk opp fagkoden på **kandidat.udir.no** og sjekk hva som gjelder for ditt fag. 

**8. Hvis målet ditt også er fagprøve**
For å melde deg opp til fag- eller svenneprøve er kravet:
- fem års praksis i faget, eller fem og et halvt år i enkelte fag
- bestått skriftlig teoretisk vg3-eksamen 

Hvis du skal videre til den praktiske delen av fagprøven som praksiskandidat, må du ta kontakt med fagopplæring. 

**9. Forslag til enkel ukerytme**
Du kan for eksempel gjøre dette hver uke:
- **Dag 1:** les ett eller to kompetansemål
- **Dag 2:** jobb med oppgaver
- **Dag 3:** gjør praktisk øving
- **Dag 4:** forklar stoffet høyt for deg selv
- **Dag 5:** løs en oppgave på tid
- **Dag 6:** repeter det du ikke kan godt nok

**10. Før du melder deg opp**
Oppmelding skjer i privatistportalen:  
https://privatist.inschool.visma.no/ 

Hvis du vil, kan jeg også lage en **12-ukers leseplan** for IUV3103 i et enkelt uke-for-uke-oppsett.

Denne responsen er KI-generert og kan inneholde feil. Denne informasjonen gjelder privatisteksamen. Les mer på www.telemarkfylke.no"
cthr_6a1e9ac8f3408196896d7141e98cafa207dffff2766fe52b,2026-06-02 08:58,Forberedelse til iuv3103 eksamen,hvordan kan jeg finne ut hva i læreplanen jeg kan og hva jeg mpå jobbe med?,"Du kan gjøre det slik:

**1. Finn læreplanen for faget**  
Det er kompetansemålene som viser hva du må kunne. Du blir vurdert ut fra hvor godt du mestrer disse. 

**2. Lag en enkel oversikt**  
Skriv opp hvert kompetansemål i en liste eller et skjema.

**3. Vurder deg selv på hvert mål**  
Bruk for eksempel tre nivåer:
- **Kan godt**
- **Kan litt**
- **Må jobbe mer**

**4. Test deg selv praktisk**  
For hvert kompetansemål kan du spørre deg selv:
- Kan jeg forklare dette med egne ord?
- Kan jeg løse en oppgave om dette?
- Kan jeg vise dette i praksis?

Hvis svaret er nei, er dette noe du bør jobbe mer med.

**5. Bruk tidligere eksamensoppgaver**  
Da ser du lettere hva du faktisk får til, og hva du må øve mer på. Det finnes tidligere gitte eksamensoppgaver du kan bruke i forberedelsen. 

**6. Se etter eksamensveiledning hvis faget har det**  
Eksamensveiledninger kan vise hva det legges vekt på for ulike karakterer. Det finnes ikke i alle fag, men det kan være nyttig hvis det finnes for ditt fag. 

**Kort sagt:**  
Sammenlign det du kan gjøre nå med hvert kompetansemål i læreplanen. Det du ikke kan forklare, løse eller vise godt nok, er det du bør jobbe videre med.  
Ulike fag kan ha ulike retningslinjer for gjennomføring av eksamen. Sjekk alltid UDIR.

Denne responsen er KI-generert og kan inneholde feil. Denne informasjonen gjelder privatisteksamen. Les mer på www.telemarkfylke.no"
cthr_6a1ee4a41d348196964c13d433f73ed505aec6a4052c6233,2026-06-02 14:11,Innlogging til karakterer,Hvor logger jeg inn for å se karakter,"Du logger inn i Privatistportalen for å se karakteren din. For skriftlig eksamen finner du karakteren der ved å trykke på faget ditt, og karakterer i muntlig, muntlig-praktisk og praktisk eksamen vises også der når de er registrert 

Logg inn her: https://privatist.inschool.visma.no/

Denne responsen er KI-generert og kan inneholde feil. Denne informasjonen gjelder privatisteksamen. Les mer på www.telemarkfylke.no"
cthr_6a2014a81f6081959a7e5e1412e8665c0a976eae1a8b0a83,2026-06-03 11:48,Høstens eksamensplan,Når er eksamen I hosten,"Høsteksamen er i perioden november til desember. 

For skriftlig eksamen ser du eksamensdato når du melder deg opp i privatistportalen. For muntlig og muntlig-praktisk eksamen blir dato publisert cirka 1. november. 

Denne responsen er KI-generert og kan inneholde feil. Denne informasjonen gjelder privatisteksamen. Les mer på www.telemarkfylke.no"
cthr_6a202dc01ab48196bc9b73d84d8e36af0356bb754fa8bb98,2026-06-03 13:36,Forberedelse til matteprøve,jeg vil ha prevatist i matte er det muntlig eller skriftilig,"Matematikk er skriftlig eksamen. Den er todelt. Del 1 må leveres på papir, og del 2 kan leveres digitalt eller på papir. 

Ulike fag kan ha ulike retningslinjer for gjennomføring av eksamen. Sjekk alltid UDIR

Denne responsen er KI-generert og kan inneholde feil. Denne informasjonen gjelder privatisteksamen. Les mer på www.telemarkfylke.no"
cthr_6a202dc01ab48196bc9b73d84d8e36af0356bb754fa8bb98,2026-06-03 13:36,Forberedelse til matteprøve,vis jeg tar eksamen i nus eksamen for jeg skriftilig eller muntilig?,"Hvis du mener **norsk**, så får du **både skriftlig og muntlig**.

I norsk er det **tre eksamener**:
- norsk hovedmål
- norsk sidemål
- norsk muntlig 

Hvis du skal melde deg opp, bruker du denne lenken:
https://privatist.inschool.visma.no/

Denne responsen er KI-generert og kan inneholde feil. Denne informasjonen gjelder privatisteksamen. Les mer på www.telemarkfylke.no"
cthr_6a202dc01ab48196bc9b73d84d8e36af0356bb754fa8bb98,2026-06-03 13:37,Forberedelse til matteprøve,jeg mener matte 1p,"For **matte 1P** er eksamen **skriftlig**. Den er også **todelt**:
- Del 1 leveres på papir
- Del 2 kan leveres digitalt eller på papir  

Denne responsen er KI-generert og kan inneholde feil. Denne informasjonen gjelder privatisteksamen. Les mer på www.telemarkfylke.no"
cthr_6a204dd626188190bfe6ee50f1fa3b7c01ff7cfc93e89982,2026-06-03 15:52,Tema til muntlig tysk,"hei, jeg er privatist i tysk og skal ha muntlig i morgen. Jeg skjønner ikke om jeg skal få tema eller ikke, men finner ikke dette noen steder","Ja. Ved muntlig eksamen får du et tema eller en problemstilling 30 minutter før eksamen starter. 

I tysk kan du også få lytteprøve. 

Ulike fag kan ha ulike retningslinjer for gjennomføring av eksamen. Sjekk alltid UDIR.

Denne responsen er KI-generert og kan inneholde feil. Denne informasjonen gjelder privatisteksamen. Les mer på www.telemarkfylke.no"
cthr_6a204dd626188190bfe6ee50f1fa3b7c01ff7cfc93e89982,2026-06-03 15:53,Tema til muntlig tysk,hva skal jeg skjekke på udir,"Sjekk dette på UDIR:

- læreplanen i tysk, særlig kompetansemålene 【】
- informasjon om fremmedspråk for privatister 【】
- tidligere gitte eksamensoppgaver i fremmedspråk, hvis du vil øve 【】

Det finnes ikke eksamensveiledninger i fremmedspråk. 【】

Denne responsen er KI-generert og kan inneholde feil. Denne informasjonen gjelder privatisteksamen. Les mer på www.telemarkfylke.no"
cthr_6a20c4098584819587b2c9658b01006a0b00091bb24370c3,2026-06-04 00:17,Når kommer eksamensresultatet,kan eksamen resultatet komme før 19 juni,"For skriftlig våreksamen blir karakterene klare ca. 20. juni, og det kan komme forsinkelser. Resultatet publiseres så snart alt er klart. 

Det betyr at du normalt ikke bør regne med at resultatet kommer før 19. juni. Du finner resultatet i Privatistportalen. 

Denne responsen er KI-generert og kan inneholde feil. Denne informasjonen gjelder privatisteksamen. Les mer på www.telemarkfylke.no"
cthr_6a2126dc3c988193ab372916324d72310053f70559efb5c1,2026-06-04 07:18,Neste eksamensperiode oversikt,Når er neste eksamensperiode,"Neste eksamensperiode er:

- Våreksamen: april–juni 
- Høsteksamen: november–desember 

Privatisteksamen arrangeres to ganger i året. 

Denne responsen er KI-generert og kan inneholde feil. Denne informasjonen gjelder privatisteksamen. Les mer på www.telemarkfylke.no"
cthr_6a2126dc3c988193ab372916324d72310053f70559efb5c1,2026-06-04 07:19,Neste eksamensperiode oversikt,Hva koster en privatisteksamen,"Det koster:

- 1 403 kroner per eksamen hvis du ikke har standpunkt og/eller eksamenskarakter i faget, eller hvis du ikke har bestått faget før 
- 2 804 kroner per eksamen hvis du allerede har bestått faget og vil forbedre karakteren 

Viktig å vite:

- Prisen gjelder per eksamen 
- I språkfag betaler du for både skriftlig og muntlig eksamen 
- I norsk betaler du for hovedmål, sidemål og muntlig 
- I flere realfag på nivå 2 betaler du for både skriftlig og muntlig-praktisk eksamen 

Oppmelding gjør du her: https://privatist.inschool.visma.no/

Denne responsen er KI-generert og kan inneholde feil. Denne informasjonen gjelder privatisteksamen. Les mer på www.telemarkfylke.no"
cthr_6a212dc160348190bf927225da713b400781abd14d681ff3,2026-06-04 07:48,Råd for ny eksamen,"Jeg strøyk i samfunnsfaglig engelsk muntlig eksamen og vurderer å ta eksamen på nytt, hva bør jeg gjøre?","Hvis du vil ta eksamen på nytt, må du melde deg opp som privatist i riktig fagkode i Privatistportalen. Oppmeldingen er først gyldig når du har betalt eksamensavgiften. Du har selv ansvar for å melde deg opp i riktig fag 

Oppmelding skjer her:
https://privatist.inschool.visma.no/

Privatisteksamen arrangeres to ganger i året:
- høst: 1. september–15. september
- vår: 15. januar–1. februar 

Hvis du har strøket, er eksamensavgiften 1 403 kroner per eksamen 

Hvis du mener det skjedde en formell feil under muntlig eksamen, kan du klage innen 10 kalenderdager. På muntlig eksamen kan du bare klage på formelle feil, ikke på selve karakteren 

De fleste muntlige eksamener gjennomføres på Skien videregående skole. Eksamensdato og sted finner du i Privatistportalen 

Denne responsen er KI-generert og kan inneholde feil. Denne informasjonen gjelder privatisteksamen. Les mer på www.telemarkfylke.no"
cthr_6a21a9ceeba4819491bf9011680196d60eb86311acb26bf4,2026-06-04 16:37,Sted for gym eksamen,hvor er gym eksamen,"Hvis du mener kroppsøving/gym, blir muntlig-praktisk eksamen som regel holdt på Skien videregående skole.  

Sjekk privatistportalen for eksakt sted for din eksamen:
https://privatist.inschool.visma.no/

Denne responsen er KI-generert og kan inneholde feil. Denne informasjonen gjelder privatisteksamen. Les mer på www.telemarkfylke.no"
cthr_6a21a9ceeba4819491bf9011680196d60eb86311acb26bf4,2026-06-04 16:37,Sted for gym eksamen,hvordan foregår eksamen,"I kroppsøving er eksamen muntlig-praktisk. Du får et tema eller en problemstilling 45 minutter før eksamen. Deretter er selve eksamen inntil 45 minutter. 

Du kan velge om du vil starte med en kort presentasjon, eller gå rett til fagsamtale. Eksamen inneholder en eller flere praktiske øvelser. Sensorene kan også stille spørsmål om teorien knyttet til det du gjør praktisk. 

Du må møte ferdig skiftet med treningstøy og innesko. Ta også med gyldig legitimasjon med bilde. Hvis du kommer for sent eller mangler legitimasjon, kan du ikke gjennomføre eksamen.  

De fleste muntlig-praktiske eksamener gjennomføres på Skien videregående skole. 

Ulike fag kan ha ulike retningslinjer for gjennomføring av eksamen. Sjekk alltid UDIR

Denne responsen er KI-generert og kan inneholde feil. Denne informasjonen gjelder privatisteksamen. Les mer på www.telemarkfylke.no"
cthr_6a21a9ceeba4819491bf9011680196d60eb86311acb26bf4,2026-06-04 16:39,Sted for gym eksamen,helt kokret hvordan foregår gym eksamen,"Helt konkret foregår gymeksamen slik:

- Du møter til muntlig-praktisk eksamen. 
- Du må møte ferdig skiftet med treningstøy og innesko. 
- Du får et tema eller en problemstilling 45 minutter før eksamen starter. 
- I forberedelsestiden jobber du med dette temaet. 
- Selve eksamen varer i inntil 45 minutter. 
- Du kan velge om du vil starte med en kort presentasjon, eller gå rett til fagsamtale. Hvis du har presentasjon, kan den være maks en tredel av eksamenstiden. 
- Eksamen skal inneholde en eller flere praktiske øvelser. 
- Underveis kan sensorene stille spørsmål om teorien som hører til det du gjør praktisk. 
- Det er den samlede kompetansen din som blir vurdert. Karakteren blir offentliggjort etter hver kandidat. 

De fleste muntlig-praktiske eksamener gjennomføres på Skien videregående skole. Ta med gyldig legitimasjon med bilde. 

Ulike fag kan ha ulike retningslinjer for gjennomføring av eksamen. Sjekk alltid UDIR

Denne responsen er KI-generert og kan inneholde feil. Denne informasjonen gjelder privatisteksamen. Les mer på www.telemarkfylke.no"
cthr_6a21a9ceeba4819491bf9011680196d60eb86311acb26bf4,2026-06-04 16:41,Sted for gym eksamen,typiske oppgaver som kan komme,"Beklager, jeg finner ikke sikker informasjon om typiske oppgaver som kan komme.

Det jeg kan si, er at eksamen skal inneholde en eller flere praktiske øvelser, og at sensorene kan stille spørsmål om teorien knyttet til det du utfører praktisk. Du får også et tema eller en problemstilling 45 minutter før eksamen. 

Ulike fag kan ha ulike retningslinjer for gjennomføring av eksamen. Sjekk alltid UDIR

Denne responsen er KI-generert og kan inneholde feil. Denne informasjonen gjelder privatisteksamen. Les mer på www.telemarkfylke.no"
cthr_6a2427809430819394da42f794364c900d642a5a821c8619,2026-06-06 13:58,Feil dato privatisteksamen,"hei. jeg har tatt feil dato av privatisteksamen muntlig. jeg mener det har stått 4. juni, men på selve eksamensdagen stod det plutselig 3. juni","For muntlig eksamen kan datoen i privatistportalen bli endret før 1. april. Etter 1. april er eksamensdatoen endelig. Du kan ikke bytte eller endre eksamensdato, tid eller sted fileciteturn0file10

Muntlig eksamen blir publisert i privatistportalen ca. 1. april for våreksamen fileciteturn0file4

Hvis du ikke møtte på eksamensdagen, kan du ha rett til utsatt eksamen. Da må du registrere fravær og laste opp dokumentasjon innen 10 virkedager fra eksamensdatoen fileciteturn0file1

Logg inn her for å sjekke opplysningene dine:
https://privatist.inschool.visma.no/

Denne responsen er KI-generert og kan inneholde feil. Denne informasjonen gjelder privatisteksamen. Les mer på www.telemarkfylke.no"
cthr_6a2427809430819394da42f794364c900d642a5a821c8619,2026-06-06 13:59,Feil dato privatisteksamen,er det mulig å sjekke om datoen har blitt endret?,"Du kan sjekke hvilken dato som står for eksamen din i Privatistportalen. For muntlig eksamen blir dato og sted publisert der, og datoer før 1. april kan bli endret. Etter 1. april er datoen endelig fileciteturn1file4 fileciteturn1file0

Jeg finner ikke sikker informasjon om du kan se en egen historikk over datoendringer. Logg inn her:
https://privatist.inschool.visma.no/

Denne responsen er KI-generert og kan inneholde feil. Denne informasjonen gjelder privatisteksamen. Les mer på www.telemarkfylke.no"
cthr_6a253825c21c819496d695b007033afc09e3047a5e1e5878,2026-06-07 09:21,Når kunngjøres karakterer,Får alle vite karakterer samme dag?,"Nei, ikke alle får karakter samme dag.

For skriftlig eksamen kommer karakterene vanligvis ca. 6. januar for høsteksamen og ca. 20. juni for våreksamen. Forsinkelser kan skje. fileciteturn0file0

For muntlig, muntlig-praktisk og praktisk eksamen blir karakteren normalt offentliggjort kort tid etter eksamensdagen, og for muntlig og praktisk oppgis den etter hver kandidat. fileciteturn0file1 fileciteturn0file2

Denne responsen er KI-generert og kan inneholde feil. Denne informasjonen gjelder privatisteksamen. Les mer på www.telemarkfylke.no"
cthr_6a253825c21c819496d695b007033afc09e3047a5e1e5878,2026-06-07 09:23,Når kunngjøres karakterer,Blir karakterer tilgjengelig fortløpende etter retting eller tidligest 20,"For skriftlig eksamen ved våreksamen er karakterene oppgitt til ca. 20. juni. Det står også at forsinkelser kan forekomme, og at resultat publiseres så snart alt er klart. Det er ikke opplyst at skriftlige karakterer legges ut fortløpende etter hver retting. fileciteturn0file0

Denne responsen er KI-generert og kan inneholde feil. Denne informasjonen gjelder privatisteksamen. Les mer på www.telemarkfylke.no"
cthr_6a26c09174948196840e4b4e8f6b137b0a95f9a02ddf12f8,2026-06-08 13:16,Søke kontakt med eksamensvakt,Må ha kontakt med eksamensvakt,"Hvis du er på eksamen, må du si fra direkte til eksamensvakten i eksamensrommet. Ved sykdom under eksamen skal du straks melde fra til eksamensvakten. fileciteturn0file4

Hvis du trenger kontakt før eller etter eksamen, kan du kontakte eksamenskontoret:
eksamen@telemarkfylke.no
Tlf: 35 91 70 50 fileciteturn0file1

Denne responsen er KI-generert og kan inneholde feil. Denne informasjonen gjelder privatisteksamen. Les mer på www.telemarkfylke.no"
cthr_6a272f3fc9e88197ab896084ae36188804be5b3bf4f9effd,2026-06-08 21:08,Ventetid før muntlig eksamen,Min muntlig eksamen står at det starter 16.30-21.30 men selveste eksamensdelen varer i 1 time betyr dette at det kan hende at jeg må møte opp 16.15 og så måtte vente til 19.30 før jeg for problemstillingen min,"Ja, det kan være at du må vente.

For muntlig og muntlig-praktisk er oppmøtetiden lik for alle kandidater, og du må regne med ventetid fileciteturn0file8

Du får problemstilling:
- 30 minutter før muntlig eksamen starter fileciteturn0file8
- 45 minutter før muntlig-praktisk eksamen starter fileciteturn0file0

Det betyr at hvis du har fått et tidsrom som 16.30–21.30, kan du måtte møte opp ved starttidspunktet og vente til det blir din tur.

De fleste muntlige og muntlig-praktiske eksamener gjennomføres på Skien videregående skole fileciteturn0file8

Denne responsen er KI-generert og kan inneholde feil. Denne informasjonen gjelder privatisteksamen. Les mer på www.telemarkfylke.no"
cthr_6a27ca433068819786ab80d8e97fced208607126045e1b44,2026-06-09 08:09,Hvem mottar legeerklæring,Hvem skal legeerklæringen sendes til?,"Legeerklæringen skal lastes opp i skjemaet for registrering av sykdom eller i avmeldingsskjemaet. Den skal altså ikke sendes separat. Dette gjelder når du er syk og søker om utsatt eksamen fileciteturn0file6 fileciteturn0file3

Denne responsen er KI-generert og kan inneholde feil. Denne informasjonen gjelder privatisteksamen. Les mer på www.telemarkfylke.no"
cthr_6a27ca433068819786ab80d8e97fced208607126045e1b44,2026-06-09 08:10,Hvem mottar legeerklæring,Navn på institusjn… privatist komtoret eller telemark fylkeskommune?,"Beklager, jeg finner ikke sikker informasjon om hvilket navn som skal stå der. Det som er oppgitt, er at legeerklæringen skal lastes opp i avmeldingsskjemaet eller skjemaet for registrering av sykdom, ikke sendes separat fileciteturn1file14 fileciteturn1file9

Denne responsen er KI-generert og kan inneholde feil. Denne informasjonen gjelder privatisteksamen. Les mer på www.telemarkfylke.no"
cthr_6a2966b5304081908b7dc3a1f69ccac90da382e55b264b92,2026-06-10 13:29,Privatisteksamen påmeldingsfrist,Når er oppmeldingsfristen hvis jeg vil ta privatisteksamen i november-desember?,"Oppmeldingsfristen for høsteksamen i november–desember er 15. september kl. 23:55. Du må også betale innen samme frist for at oppmeldingen skal være gyldig. fileciteturn0file1

Du melder deg opp her: https://privatist.inschool.visma.no/

Denne responsen er KI-generert og kan inneholde feil. Denne informasjonen gjelder privatisteksamen. Les mer på www.telemarkfylke.no"
cthr_6a297dd6438c8195b47a7223e7e0747201ef28c0d8c7dd6a,2026-06-10 15:08,Ventetid på eksamensoppgaven,Hvor lang tid er normalt og vente på svar på eksamensoppgaven?,"Hvis du mener **karakteren etter eksamen**, er dette normalt:

- **Skriftlig eksamen:** ca. **6. januar** for høsteksamen og ca. **20. juni** for våreksamen. Det kan bli forsinkelser. fileciteturn0file6
- **Muntlig, muntlig-praktisk og praktisk eksamen:** normalt **kort tid etter eksamensdagen**. For muntlig og muntlig-praktisk blir karakteren offentliggjort **etter hver kandidat**. fileciteturn0file7 fileciteturn0file10

Du finner resultatet i Privatistportalen:
https://privatist.inschool.visma.no/

Denne responsen er KI-generert og kan inneholde feil. Denne informasjonen gjelder privatisteksamen. Les mer på www.telemarkfylke.no"
cthr_6a298c25c42c81908b9d9c625451755403bb83aacc0215ea,2026-06-10 16:09,Pris for norsk privatist eksamen,hva koster norsk muntlig privatist eksamen?,"Norsk muntlig privatisteksamen koster 1 403 kroner hvis du ikke har standpunkt og/eller eksamenskarakter i faget, eller hvis du ikke har bestått tidligere. Hvis du allerede har bestått og vil forbedre karakteren, koster det 2 804 kroner. fileciteturn0file0

I norsk betaler du egen eksamensavgift for hver del: hovedmål, sidemål og muntlig. fileciteturn0file1

Denne responsen er KI-generert og kan inneholde feil. Denne informasjonen gjelder privatisteksamen. Les mer på www.telemarkfylke.no"
cthr_6a2b426fd4b08196bd663360ef5f16500ce7c1a3c86acc28,2026-06-11 23:19,Når får jeg eksamensvar,Hvir lang tid tar det å få svar på eksamen,"Det kommer an på eksamenstype.

Skriftlig eksamen:
- ca. 6. januar for høsteksamen 
- ca. 20. juni for våreksamen 

Muntlig, muntlig-praktisk og praktisk eksamen:
- karakteren kommer normalt kort tid etter eksamensdagen 
- for praktisk og muntlig/muntlig-praktisk blir karakteren offentliggjort etter hver kandidat  

Du finner resultatet i Privatistportalen:
https://privatist.inschool.visma.no/

Denne responsen er KI-generert og kan inneholde feil. Denne informasjonen gjelder privatisteksamen. Les mer på www.telemarkfylke.no"
cthr_6a2bbcd041c88190bd65a1db46600b7602e0810a5db144d5,2026-06-12 08:01,Menneskerettigheter grunnlag og konflikt,"Jeg fikk oppgave om menneskerettigheter og skulle snakke om dens opprinnelige og grunnlag og en konflikt osv, det var greit nok. Men på samtalen etterpå så virket det som at det viktigste for dem hva hva de forskjellige tingene i FN het, og det sto det liksom ingenting i lærer boka som jeg brukte om. I tillegg så var jeg sist så kunne ikke trekke tema, jeg bare fikk det siste.","Jeg forstår at det kan oppleves frustrerende.

For muntlig eksamen får du et tema eller en problemstilling 30 minutter før eksamen. Under fagsamtalen kan alle kompetansemål i faget bli brukt, ikke bare det du tok opp i presentasjonen. Det er kompetansen du viser under eksamen som skal vurderes. 

Det betyr at sensorene kan stille utdypende spørsmål etter presentasjonen, også for å se bredde og dybde i faget. Det er ikke et krav om en egen uforberedt del, men sensorene kan bruke fagsamtalen slik. 

Du blir vurdert ut fra kompetansemålene i læreplanen. Eksamensoppgaven skal ta utgangspunkt i sentrale kompetansemål i faget.  

Jeg finner ikke sikker informasjon om reglene for at den som er sist må få det siste temaet. Ulike fag kan ha ulike retningslinjer for gjennomføring av eksamen. Sjekk alltid UDIR.

Denne responsen er KI-generert og kan inneholde feil. Denne informasjonen gjelder privatisteksamen. Les mer på www.telemarkfylke.no"
cthr_6a2bbcd041c88190bd65a1db46600b7602e0810a5db144d5,2026-06-12 08:02,Menneskerettigheter grunnlag og konflikt,Men kan jeg klage siden jeg ikke fikk et reelt valg og trakk,"Ja, du kan klage på gjennomføringen av muntlig eksamen hvis du mener dette var en formell feil som kan ha påvirket resultatet ditt. På muntlig eksamen kan du bare klage på formelle feil. Du kan ikke klage på selve karakteren. 

Klagefristen er 10 kalenderdager fra da du fikk vite karakteren, eller kunne ha gjort deg kjent med den. Hvis du får medhold, mister du karakteren og får tilbud om ny eksamen. 

Jeg finner ikke sikker informasjon om at det å være sist og dermed få siste tema automatisk regnes som en formell feil. Men hvis du mener at du ikke fikk en rettferdig gjennomføring, bør du få med alle relevante opplysninger om hva som skjedde i klagen. 

Denne responsen er KI-generert og kan inneholde feil. Denne informasjonen gjelder privatisteksamen. Les mer på www.telemarkfylke.no"
cthr_6a2bbcd041c88190bd65a1db46600b7602e0810a5db144d5,2026-06-12 08:02,Menneskerettigheter grunnlag og konflikt,Hvor kan jeg sende klage,"Jeg finner ikke sikker informasjon om akkurat hvor du skal sende klage på muntlig eksamen.

Det som står, er at du kan klage på formelle feil ved muntlig, muntlig-praktisk og praktisk eksamen, og at fristen er 10 kalenderdager fra du fikk vite karakteren. Det står også at du må få med relevante opplysninger om gjennomføringen. 

For skriftlig eksamen registreres klagen i Privatistportalen. Det står ikke tydelig her hvordan klage på muntlig skal sendes inn. 

Hvis du skal bruke Privatistportalen, er lenken:
https://privatist.inschool.visma.no/

Denne responsen er KI-generert og kan inneholde feil. Denne informasjonen gjelder privatisteksamen. Les mer på www.telemarkfylke.no"
cthr_6a2bfeda870c81939ab2027c0b51f22d0c11096cf6fdf988,2026-06-12 12:43,Casual Greeting Kickoff,heihei,"Hei! Hvordan kan jeg hjelpe deg med privatisteksamen?

Denne responsen er KI-generert og kan inneholde feil. Denne informasjonen gjelder privatisteksamen. Les mer på www.telemarkfylke.no"
cthr_6a2c7a35e748819081842ec98c2834e40a0ed28221495b0c,2026-06-12 21:29,R1 matte eksamenskrav,Må man ha to eksamener i matte R1?,"Nei, det ser ikke ut til at du skal ha to separate eksamener i matematikk R1. For matematikk er eksamen oppgitt som 2-delt: Del 1 skal leveres på papir, og del 2 kan leveres elektronisk eller på papir. 

Ulike fag kan ha ulike retningslinjer for gjennomføring av eksamen. Sjekk alltid UDIR

Denne responsen er KI-generert og kan inneholde feil. Denne informasjonen gjelder privatisteksamen. Les mer på www.telemarkfylke.no"
cthr_6a2c7a35e748819081842ec98c2834e40a0ed28221495b0c,2026-06-12 21:29,R1 matte eksamenskrav,Hva hvis man tar det som privatist,"Som privatist i matematikk R1 ser det fortsatt ut til å være én eksamen, men den er 2-delt. Del 1 leveres på papir, og del 2 kan leveres elektronisk eller på papir. 

Det står at to eksamener gjelder for språkfag, norsk og noen realfag på nivå 2, som fysikk 2, kjemi 2, biologi 2, informasjonsteknologi 2, teknologi og forskningslære 2 og geofag 2. Matematikk R1 er ikke nevnt der. 

Hvis du skal melde deg opp, bruker du privatistportalen: https://privatist.inschool.visma.no/

Denne responsen er KI-generert og kan inneholde feil. Denne informasjonen gjelder privatisteksamen. Les mer på www.telemarkfylke.no"
cthr_6a2d39c0f5e48196b85343378c0194a60b97948fdb5e9ead,2026-06-13 11:06,Biologi 1 Eksamen Veiledning,Jeg skal ta eksamen i biologi 1 hvordan er det der?,"I biologi 1 er eksamen muntlig-praktisk. Du får 45 minutter forberedelse først. Deretter varer eksamen inntil 45 minutter. Du kan velge om du vil starte med en kort presentasjon, eller gå rett til fagsamtalen. Hvis du har presentasjon, kan den være maks 1/3 av eksamenstiden. 

Du må også være forberedt på å gjøre en eller flere praktiske øvelser. Du kan ta med en oversikt, liste eller journal over øvelser du har gjennomført. Som privatist må du selv sørge for at du har gjort de øvelsene læreplanen krever. 

Du blir vurdert i hvor godt du viser kompetanse i faget, og alle kompetansemål kan bli tatt opp i samtalen. Karakteren blir gitt etter eksamen.  

Muntlig og muntlig-praktisk eksamen arrangeres hovedsakelig på Skien videregående skole. Eksakt dato og sted finner du i privatistportalen. https://privatist.inschool.visma.no/ 

Ulike fag kan ha ulike retningslinjer for gjennomføring av eksamen. Sjekk alltid UDIR

Denne responsen er KI-generert og kan inneholde feil. Denne informasjonen gjelder privatisteksamen. Les mer på www.telemarkfylke.no"
cthr_6a2ffe7a81c8819592d063c1c010c58a09d78fdc8a906e21,2026-06-15 13:30,Tips til muntlig sensor,"jeg skal være sensor på muntlig eksamen, hva må jeghuskepå?","Beklager, jeg finner ikke sikker informasjon om sensorrollen spesifikt.

Det som er viktig i gjennomføringen av muntlig eksamen er:
- Kandidaten får 30 minutter forberedelse. 
- Eksamen varer inntil 30 minutter. 
- Oppgaven skal ta utgangspunkt i sentrale kompetansemål, være åpen, og gi kandidaten mulighet til å vise bredde og dybde. 
- Alle kompetansemål kan trekkes inn i fagsamtalen. 
- Det er ikke krav om en uforberedt del, men sensorene kan bruke det for å la kandidaten vise bredde og dybde. 
- Det er kompetansen som vises under eksamen som skal vurderes. 
- Karakteren for muntlig og muntlig-praktisk eksamen blir offentliggjort etter hver kandidat. 

Det er også viktig å unngå formelle feil. Eksempler kan være at kandidaten ikke får tiden han eller hun har krav på, blir forstyrret, får oppgaver utenfor læreplanen, eller opplever trakasserende opptreden fra sensorene. 

Ulike fag kan ha ulike retningslinjer for gjennomføring av eksamen. Sjekk alltid UDIR

Denne responsen er KI-generert og kan inneholde feil. Denne informasjonen gjelder privatisteksamen. Les mer på www.telemarkfylke.no."
cthr_6a30f3330914819498ccadbf9e299fb40c35308e43885aca,2026-06-16 06:54,Tysk 2 skriftlig sensur,Når er sensur på tysk 2 skriftlig ferdig?,"Karakter for skriftlig eksamen blir normalt publisert ca. 20. juni ved våreksamen og ca. 6. januar ved høsteksamen. Dette gjelder også skriftlige språkfag. Forsinkelser kan forekomme. Du finner resultatet i Privatistportalen. 

Denne responsen er KI-generert og kan inneholde feil. Denne informasjonen gjelder privatisteksamen. Les mer på www.telemarkfylke.no"
cthr_6a313b4957b88190b815067758bc098c08794e3893bb79ee,2026-06-16 12:02,Mac pa skriftlig eksamen,Kan jeg bruke mac på skriftlig eksamen?,"Jeg finner ikke sikker informasjon om Mac spesielt.

For skriftlig eksamen må du bruke egen PC med oppdatert programvare og nettleser. Du må også ha et skriveprogram som fungerer uten internett. Word er anbefalt. Se kandidat.udir.no for tekniske krav  

Denne responsen er KI-generert og kan inneholde feil. Denne informasjonen gjelder privatisteksamen. Les mer på www.telemarkfylke.no"
cthr_6a341482f3308197addb601cd7a07c680b2a3374e90edbeb,2026-06-18 15:53,Varsel om eksamenskarakter,får jeg melding når eksamenskarakteren er klar,"Jeg finner ikke sikker informasjon om at du får en egen melding når karakteren er klar.

Du finner karakteren i Privatistportalen når den er publisert. For skriftlig eksamen skjer dette ca. 6. januar etter høsteksamen og ca. 20. juni etter våreksamen. For muntlig, muntlig-praktisk og praktisk eksamen blir karakteren lagt inn så fort den er registrert, normalt kort tid etter eksamensdagen.  

Denne responsen er KI-generert og kan inneholde feil. Denne informasjonen gjelder privatisteksamen. Les mer på www.telemarkfylke.no."
cthr_6a341482f3308197addb601cd7a07c680b2a3374e90edbeb,2026-06-18 15:54,Varsel om eksamenskarakter,får jeg varsel på mobil om karakteren,"Jeg finner ikke sikker informasjon om at du får varsel på mobil når karakteren er klar.

Du kan se karakteren i Privatistportalen når den er publisert. For skriftlig eksamen skjer dette ca. 6. januar etter høsteksamen og ca. 20. juni etter våreksamen. For muntlig, muntlig-praktisk og praktisk eksamen blir karakteren lagt inn så fort den er registrert, normalt kort tid etter eksamensdagen. 

Denne responsen er KI-generert og kan inneholde feil. Denne informasjonen gjelder privatisteksamen. Les mer på www.telemarkfylke.no."
cthr_6a3521f8dbd081909aadffbf06ffc67804f0f3f50f82c15c,2026-06-19 11:03,Når kommer eksamensresultatet,"Hei jeg tok eksamen våren 2026, når får man sensuren?","Sensuren for skriftlig privatisteksamen våren 2026 kommer ca. 20. juni. Du finner karakteren i Privatistportalen under faget ditt 

For muntlig, muntlig-praktisk og praktisk eksamen blir karakteren normalt lagt inn kort tid etter eksamensdagen 

Denne responsen er KI-generert og kan inneholde feil. Denne informasjonen gjelder privatisteksamen. Les mer på www.telemarkfylke.no"
cthr_6a3524ab9c8081909b091ef8791416ad0be29b7b642b38b7,2026-06-19 11:14,Slik bestiller du vitnemål,bestille vitnemål,"Du bestiller vitnemål i et digitalt skjema. Ordinær behandlingstid er inntil 3 uker. 

Kort forklart:
- Trenger du dokumentasjon for fag du har tatt som privatist, bestiller du kompetansebevis. 
- Har du vitnemål fra før og vil få privatistkarakterer ført på det, bestiller du nytt vitnemål. 
- Hvis du ønsker nytt vitnemål med karakterer fra 2008 eller eldre, må du innen utgangen av mai kontakte skolen som skal lage vitnemålet. 
- Hvis du fullførte videregående i 2000 eller senere, kan du også ha elektronisk vitnemål. 

Denne responsen er KI-generert og kan inneholde feil. Denne informasjonen gjelder privatisteksamen.
Les mer på www.telemarkfylke.no"
cthr_6a3524ab9c8081909b091ef8791416ad0be29b7b642b38b7,2026-06-19 11:15,Slik bestiller du vitnemål,hvordan bestille vitnemål,"Du bestiller vitnemål i et digitalt skjema. Ordinær behandlingstid er inntil 3 uker. 

Kort forklart:
- Hvis du har vitnemål fra før og vil få privatistkarakterer ført på det, bestiller du nytt vitnemål. 
- Hvis du trenger dokumentasjon for fag du har tatt som privatist, bestiller du kompetansebevis. 
- Hvis du ønsker nytt vitnemål med karakterer fra 2008 eller eldre, må du innen utgangen av mai kontakte skolen som skal lage vitnemålet. 
- Hvis du fullførte norsk videregående skole i 2000 eller senere, kan du også ha elektronisk vitnemål. 

Denne responsen er KI-generert og kan inneholde feil. Denne informasjonen gjelder privatisteksamen. Les mer på www.telemarkfylke.no"
cthr_6a3529e575a081908bcce7a015084b830d44c37842767a1d,2026-06-19 11:37,AI hjelper med eksamenskarakter,Begrunnelse på karakter av våreksamen skriftlig,"Ved skriftlig privatisteksamen kan du ikke kreve begrunnelse for karakteren som er satt. 

Hvis du mener karakteren er feil, kan du klage på skriftlig eksamen. Klagen registreres i Privatistportalen. Klagefristen er 10 kalenderdager fra du fikk, eller kunne gjort deg kjent med, karakteren. 

Karakter for skriftlig våreksamen blir normalt publisert ca. 20. juni i Privatistportalen. 

Denne responsen er KI-generert og kan inneholde feil. Denne informasjonen gjelder privatisteksamen.
Les mer på www.telemarkfylke.no"
cthr_6a3547e701208196aed249123198c3fe02bc9ff3a68a3d84,2026-06-19 13:45,Når er apotekstekniker eksamen,når har dere eksamen apotektekinker,"Jeg finner ikke en egen eksamensdato for apotektekniker her.

Privatisteksamen arrangeres to ganger i året:
- høsteksamen: november–desember 
- våreksamen: april–juni 

Eksakt dato finner du i Privatistportalen. For praktisk eksamen blir dato og sted publisert fortløpende på det oppmeldte faget i portalen. 

Privatistportalen: https://privatist.inschool.visma.no/

Denne responsen er KI-generert og kan inneholde feil. Denne informasjonen gjelder privatisteksamen. Les mer på www.telemarkfylke.no"
cthr_6a354ac24b888194b99316071cbea6520222d311cfc7629b,2026-06-19 13:57,AI veileder til registrering,hvoir melder jeg meg opp,"Du melder deg opp i Privatistportalen. Du logger inn med ID-porten, velger fag og betaler eksamensavgiften. Oppmeldingen er først gyldig når du har betalt. 

Her melder du deg opp:
https://privatist.inschool.visma.no/

Denne responsen er KI-generert og kan inneholde feil. Denne informasjonen gjelder privatisteksamen. Les mer på www.telemarkfylke.no"
cthr_6a354b6784e481979ab76f149192bd83065a10daca3ada1d,2026-06-19 14:00,Skien privatist eksamen tidspunkt,når er privatist eksamen i skien,"Privatisteksamen arrangeres to ganger i året: våreksamen i april–juni og høsteksamen i november–desember 

Hvis du mener eksamen i Skien, gjelder dette hovedsakelig muntlig og muntlig-praktisk eksamen. Dato og sted blir lagt ut i privatistportalen ca. 1. april for våreksamen og ca. 1. november for høsteksamen. De fleste slike eksamener gjennomføres på Skien videregående skole  

Skriftlig eksamen arrangeres hovedsakelig i Porsgrunn tennishall, men logg deg inn på privatistportalen for eksakt informasjon om din eksamen.
https://privatist.inschool.visma.no/

Denne responsen er KI-generert og kan inneholde feil. Denne informasjonen gjelder privatisteksamen. Les mer på www.telemarkfylke.no"
cthr_6a354b6784e481979ab76f149192bd83065a10daca3ada1d,2026-06-19 14:12,Skien privatist eksamen tidspunkt,hvis jeg bor i  Tønsberg  kan jeg eksamen i skien,"Ja, det ser ut som du kan melde deg opp til privatisteksamen i Telemark selv om du bor i Tønsberg. Det som er viktig, er at du melder deg opp i riktig fylke. Du kan ikke være meldt opp i flere fylker i samme eksamensperiode 

De fleste muntlige og muntlig-praktiske eksamener i Telemark gjennomføres på Skien videregående skole 

Du melder deg opp her:
https://privatist.inschool.visma.no/

Denne responsen er KI-generert og kan inneholde feil. Denne informasjonen gjelder privatisteksamen. Les mer på www.telemarkfylke.no"
cthr_6a354b6784e481979ab76f149192bd83065a10daca3ada1d,2026-06-19 14:14,Skien privatist eksamen tidspunkt,og når kan jeg regestere meg,"Du kan registrere deg i disse periodene:

- For høsteksamen: 1. september til 15. september
- For våreksamen: 15. januar til 1. februar 【】

Du melder deg opp her:
https://privatist.inschool.visma.no/

Denne responsen er KI-generert og kan inneholde feil. Denne informasjonen gjelder privatisteksamen. Les mer på www.telemarkfylke.no"
cthr_6a3560fd666c8193b05067e4b154a94f03dee04c579ad5ba,2026-06-19 15:32,Karakterbegrunnelse for privatisteksamen,hvordan få begrunnelse for karakter på skriftlig privatisteksamen,"Du kan ikke få begrunnelse for karakteren på skriftlig privatisteksamen. 

Hvis du mener karakteren er feil, kan du klage. Klagefristen er 10 kalenderdager fra du fikk vite karakteren, eller kunne ha gjort deg kjent med den. Du trenger ikke å begrunne klagen. Klagen registreres i Privatistportalen. Under karakteren ser du en egen «klage»-knapp i 10 dager.  

Privatistportalen: https://privatist.inschool.visma.no/

Denne responsen er KI-generert og kan inneholde feil. Denne informasjonen gjelder privatisteksamen. Les mer på www.telemarkfylke.no"
cthr_6a3a8ebb621481939afc776e5ed825590f38f23a4444695d,2026-06-23 13:48,Glemt frist for kompetansebevis,jeg glemte å søke om dokumentasjon på kompetansebevis innen 20. juni,"For våreksamen er fristen for å laste opp dokumentasjon til Samordna opptak 1. juli, og kompetansebevis eller vitnemål skulle derfor bestilles senest 20. juni. Ordinær behandlingstid er inntil 3 uker.  

Hvis du bestiller kompetansebevis, må du laste det opp til Samordna opptak selv. 

Beklager, jeg finner ikke sikker informasjon om hva som skjer hvis du har glemt fristen. Les mer på www.telemarkfylke.no.

Denne responsen er KI-generert og kan inneholde feil. Denne informasjonen gjelder privatisteksamen. Les mer på www.telemarkfylke.no"
cthr_6a413c74e46c8196bc206ce8f2e7d76309dcc3256071aca6,2026-06-28 15:23,Finn eksamensresultater engelsk 1,Hvor finner jeg eksamens resultatene fra Engelsk 1 2026,"Du finner eksamensresultatet i Privatistportalen. Gå inn på faget ditt for å se karakteren. For skriftlig eksamen blir karakteren normalt publisert ca. 20. juni for våreksamen og ca. 6. januar for høsteksamen. Forsinkelser kan forekomme. 

Logg inn her: https://privatist.inschool.visma.no/

Denne responsen er KI-generert og kan inneholde feil. Denne informasjonen gjelder privatisteksamen. Les mer på www.telemarkfylke.no"
cthr_6a4367afe5ec8196a64c2c0f8a6299ab05d82d99c3d9f215,2026-06-30 06:52,Slik melder du opp fagprøven,hvor melder jeg meg opp til fagprøve,"Hvis du skal melde deg opp som praksiskandidat, må du selv melde deg opp til skriftlig tverrfaglig eksamen i Privatistportalen: https://privatist.inschool.visma.no/ 

Hvis du vil melde deg opp til den praktiske delen av fagprøven, må du ta kontakt med fagopplæring. 

Denne responsen er KI-generert og kan inneholde feil. Denne informasjonen gjelder privatisteksamen. Les mer på www.telemarkfylke.no"
cthr_6a4367b0aa0c8194997997a359eaa6520ebbdf3a8d21289b,2026-06-30 06:52,Registrering av privatisteksamen,Hvor melder jeg meg opp til privatisteksamen?,"Du melder deg opp i Privatistportalen. Du logger inn med ID-porten, velger fag og betaler eksamensavgiften der. Oppmeldingen er ikke gyldig før du har betalt 

Lenke til oppmelding:
https://privatist.inschool.visma.no/

Denne responsen er KI-generert og kan inneholde feil. Denne informasjonen gjelder privatisteksamen. Les mer på www.telemarkfylke.no"
cthr_6a5913052f4c8193a069c446c8c6892f083b5a07043c776b,2026-07-16 17:21,Påmelding til matteeksamen,jeg vil melde meg opp på nuseksamen i mattematikk,"Du melder deg opp i Privatistportalen. Logg inn med ID-porten, velg matematikkfaget du vil ta, og betal eksamensavgiften der. Oppmeldingen er først gyldig når du har betalt 

Privatistportalen:
https://privatist.inschool.visma.no/

Oppmelding er åpen:
- høsteksamen: 1. september til 15. september kl. 23:55
- våreksamen: 15. januar til 1. februar kl. 23:55 

Det er viktig at du melder deg opp i riktig fagkode 

Denne responsen er KI-generert og kan inneholde feil. Denne informasjonen gjelder privatisteksamen.  
Les mer på www.telemarkfylke.no"
cthr_6a6085ac3d70819592e5231fd0e4efdf0e8d43b1e8b9757f,2026-07-22 08:56,Datoer for eksamen i Porsgrunn,"Når er eksamen, har du konkrete datoer i Porsgrunn","Privatisteksamen arrangeres to ganger i året:

- Høsteksamen: november–desember 
- Våreksamen: april–juni 

For skriftlig eksamen er datoen oppgitt når du melder deg opp, og du finner den også i privatistportalen.   
Skriftlig eksamen arrangeres hovedsakelig i Porsgrunn tennishall. Oppmøtetid er kl. 08.00. 

Skriftlig eksamen arrangeres hovedsakelig i Porsgrunn tennishall, men logg deg inn på privatistportalen for eksakt informasjon om din eksamen.  
https://privatist.inschool.visma.no/

Denne responsen er KI-generert og kan inneholde feil. Denne informasjonen gjelder privatisteksamen.
Les mer på www.telemarkfylke.no"
cthr_6a6085ac3d70819592e5231fd0e4efdf0e8d43b1e8b9757f,2026-07-22 08:57,Datoer for eksamen i Porsgrunn,Hvilke bøker skal jeg lese,"Det er ikke krav om at du må bruke bestemte bøker til privatisteksamen. 

Du må sette deg inn i læreplanen for faget. Det er kompetansemålene der som viser hva du må kunne. 

Du kan også:
- spørre en videregående skole som tilbyr faget om tips til bøker
- bruke NDLA for aktuelt lærestoff 

Denne responsen er KI-generert og kan inneholde feil. Denne informasjonen gjelder privatisteksamen.
Les mer på www.telemarkfylke.no"
cthr_6a61e20879708190b7b1708de5a7bc9c0cd4d669babeb808,2026-07-23 09:42,Psykologi studietips,Jeg vil ta opp faget psykologi,"Du kan ta opp psykologi som privatist. Du kan melde deg opp i de fagene du ønsker, og du må selv melde deg opp i riktig fagkode og betale innen fristen. Oppmeldingen skjer i Privatistportalen: https://privatist.inschool.visma.no/  

Oppmeldingsfrister:
- Høsteksamen: 1. september–15. september
- Våreksamen: 15. januar–1. februar 

Du må også sette deg inn i læreplanen for psykologi. Det er kompetansemålene der som viser hva du må kunne til eksamen. 

Denne responsen er KI-generert og kan inneholde feil. Denne informasjonen gjelder privatisteksamen. Les mer på www.telemarkfylke.no"
cthr_6a61e33b495c81959679a03ddcc2c5de09708c1be969adfa,2026-07-23 09:47,Psykologi samtale med AI,ta opp faget psykologi,"Ja, du kan ta opp psykologi som privatist. 

Du må:
- melde deg opp i Privatistportalen
- velge riktig fagkode selv
- betale innen fristen
- sette deg inn i læreplanen og skaffe nødvendig lærestoff  

Frister for oppmelding:
- høsteksamen: 1. september–15. september
- våreksamen: 15. januar–1. februar 

Oppmelding gjør du her:
https://privatist.inschool.visma.no/

Ulike fag kan ha ulike retningslinjer for gjennomføring av eksamen. Sjekk alltid UDIR

Denne responsen er KI-generert og kan inneholde feil. Denne informasjonen gjelder privatisteksamen. Les mer på www.telemarkfylke.no"
cthr_6a66314f4cd08193beee58591d82e24e0a9c472ba4ca6aeb,2026-07-26 16:09,Matte oppfriskning skole eller privat,skal ta opp matte 1py vf1. Kan jeg følge et studieløp på skolen eller må jeg ta det på privat gymnas,"Beklager, jeg finner ikke sikker informasjon om du kan følge et studieløp på skolen som privatist, eller om du må bruke privat gymnas.

Det jeg kan si, er at det ikke er krav om bestemte bøker til privatisteksamen, og du kan kontakte en videregående skole som tilbyr faget for tips om bøker og lærestoff 

Hvis du skal melde deg opp til eksamen, gjør du det her:
https://privatist.inschool.visma.no/ 

Denne responsen er KI-generert og kan inneholde feil. Denne informasjonen gjelder privatisteksamen.  
Les mer på www.telemarkfylke.no"
cthr_6a6902d338c48194a137582fe0a768de0ccbaf6aa0880fff,2026-07-28 19:28,Eksamen råd med AI,Nå pleier eksamen å ge,"Privatisteksamen arrangeres to ganger i året:

- Høstek­samen: november–desember 
- Vårek­samen: april–juni 

Hvis du mener tidspunkt på dagen:
- Skriftlig eksamen har oppmøtetid kl. 08.00 
- Muntlig og muntlig-praktisk eksamen foregår vanligvis mandag til torsdag ettermiddag/kveld 

Denne responsen er KI-generert og kan inneholde feil. Denne informasjonen gjelder privatisteksamen. Les mer på www.telemarkfylke.no"
cthr_6a69f33efb288197b858a7aa146961720b0499137d86aad6,2026-07-29 12:34,Oppmelding til muntlig Biologi 2,når er oppmelding til muntlig eksamen biologi 2 2026,"For Biologi 2 i 2026 er oppmeldingsfristene:

- Våreksamen: 15. januar til 1. februar kl. 23:55 
- Høsteksamen: 1. september til 15. september kl. 23:55 

Viktig: I Biologi 2 må du melde deg opp til både skriftlig og muntlig-praktisk eksamen. 

Oppmelding gjør du her:
https://privatist.inschool.visma.no/

Denne responsen er KI-generert og kan inneholde feil. Denne informasjonen gjelder privatisteksamen. Les mer på www.telemarkfylke.no"
cthr_6a6ba4323814819695a1135626cb63d60b8a3a55be439a0d,2026-07-30 19:21,Finne eksamens forelesninger,Hvor kan jeg finne leksjonene til eksamen?,"Jeg finner ikke sikker informasjon om egne leksjoner til eksamen.

Du må selv skaffe læreplan og nødvendig lærestoff til faget . Det er ikke krav om spesielle bøker. Du kan bruke læreplanen, spørre en videregående skole som tilbyr faget om boktips, og finne aktuelt lærestoff på NDLA .

Denne responsen er KI-generert og kan inneholde feil. Denne informasjonen gjelder privatisteksamen. Les mer på www.telemarkfylke.no"
cthr_6a6ba4323814819695a1135626cb63d60b8a3a55be439a0d,2026-07-30 19:22,Finne eksamens forelesninger,Hvor kan jeg finne leksjonene til kokkeeksamenen?,"For kokkeeksamen må du selv skaffe læreplan og nødvendig lærestoff. Eksamensoppgaven tar utgangspunkt i læreplanen 

Det er ikke krav om spesielle bøker. Du kan:
- bruke læreplanen for faget
- spørre en videregående skole som tilbyr faget om boktips
- finne aktuelt lærestoff på NDLA 

Hvis du tar eksamen som praksiskandidat, kan du også bruke tidligere gitte eksamensoppgaver til å forberede deg 

Denne responsen er KI-generert og kan inneholde feil. Denne informasjonen gjelder privatisteksamen. Les mer på www.telemarkfylke.no"
cthr_6a7055ea9f0881969977d11b9cd28f8508843368299f7817,2026-08-03 08:48,Privatist påmelding til eksamen,når kan jeg melde meg opp til eksamen som privatist,"Du kan melde deg opp i disse periodene:

- Høsteksamen: 1. september til 15. september kl. 23.55 
- Våreksamen: 15. januar til 1. februar kl. 23.55 

Du må også betale eksamensavgiften innen fristen. Først da er oppmeldingen gyldig. 

Meld deg opp her:
https://privatist.inschool.visma.no/

Denne responsen er KI-generert og kan inneholde feil. Denne informasjonen gjelder privatisteksamen. Les mer på www.telemarkfylke.no"
cthr_6a70d943040c819083ac27a446d0b97b0a0c3694b25f92c9,2026-08-03 18:09,Planlegg norsk skriftlig eksamen,hvordan kan jeg forbrede meg best mulig til norsk skriftlig eksamen,"For å forberede deg best mulig til norsk skriftlig eksamen, bør du:

- sette deg inn i læreplanen og kompetansemålene for faget. Det er dette du blir vurdert etter 
- øve på tidligere eksamensoppgaver. Det gir deg god trening i oppgavetyper og hvordan eksamen gjennomføres digitalt 
- bruke lærestoff som passer læreplanen. Det er ikke krav om bestemte lærebøker. Du kan også bruke NDLA 
- gjøre deg kjent med hvordan skriftlig eksamen gjennomføres digitalt. Du må bruke egen PC, og du bør teste skriveprogrammet ditt på forhånd 
- sjekke om faget har forberedelsedel. Hvis det har det, blir den lagt ut på kandidat.udir.no fra kl. 09.00 på forberedelsesdagen 

Ulike fag kan ha ulike retningslinjer for gjennomføring av eksamen. Sjekk alltid UDIR

Denne responsen er KI-generert og kan inneholde feil. Denne informasjonen gjelder privatisteksamen. Les mer på www.telemarkfylke.no"
cthr_6a7195b740448190a057f877af160731058dd52a41a83275,2026-08-04 07:33,Privatisteksamen påmeldingsinfo,Når kan jeg melde meg opp til privatisteksamen?,"Du kan melde deg opp i disse periodene:

- Høsteksamen: 1. september til 15. september kl. 23.55 
- Våreksamen: 15. januar til 1. februar kl. 23.55 

Du må også betale eksamensavgiften innen fristen for at oppmeldingen skal være gyldig 

Oppmelding gjør du her:
https://privatist.inschool.visma.no/

Denne responsen er KI-generert og kan inneholde feil. Denne informasjonen gjelder privatisteksamen. Les mer på www.telemarkfylke.no"
cthr_6a71961c7ce88195abe6170ce08fdeba035e87a2fc764cfa,2026-08-04 07:34,Norsk eksamen tidspunkt,når er ekamen i norsk?,"For norsk er det ikke én felles dato.

I norsk betaler du for tre deler: hovedmål, sidemål og muntlig 

Skriftlig eksamen:
Eksamensdatoen står i Privatistportalen når du melder deg opp 
Logg inn her: https://privatist.inschool.visma.no/

Muntlig eksamen:
Den går i perioden april–juni for våreksamen og november–desember for høsteksamen. Endelig dato blir publisert i Privatistportalen ca. 1. april eller 1. november  

Denne responsen er KI-generert og kan inneholde feil. Denne informasjonen gjelder privatisteksamen. Les mer på www.telemarkfylke.no"
cthr_6a71a4525f08819490e0c58782658c6e0402253d7c50b861,2026-08-04 08:35,Kroppsøving i yrkesfag veiledning,kroppsøving vgs2 yrkesfag,"Hvis du mener privatisteksamen i kroppsøving på Vg2 yrkesfag, er dette muntlig-praktisk eksamen. Du får 45 minutter forberedelse, og selve eksamen varer i inntil 45 minutter. 

Du må møte ferdig skiftet med treningstøy og innesko. Under eksamen kan sensorene også stille spørsmål om teorien som hører til det du gjør praktisk. 

Muntlig og muntlig-praktisk eksamen arrangeres hovedsakelig på Skien videregående skole. Eksamensdato og sted finner du i privatistportalen. 

Ulike fag kan ha ulike retningslinjer for gjennomføring av eksamen. Sjekk alltid UDIR.

Denne responsen er KI-generert og kan inneholde feil. Denne informasjonen gjelder privatisteksamen. Les mer på www.telemarkfylke.no"
cthr_6a71d581890481978c6767eaf2fddc850b7e396907904555,2026-08-04 12:05,Hjelp med videregående fag,"jeg mangler fag fra vgs, trenger jeg kun å bestå eksamen i disse fagene?","Ikke nødvendigvis.

Hvis du mangler fag, må du melde deg opp i de fagene du mangler som privatist.   
Men noen fag har egne krav:

- språkfag: både skriftlig og muntlig eksamen   
- norsk: hovedmål, sidemål og muntlig eksamen   
- flere realfag på nivå 2: både skriftlig og muntlig-praktisk eksamen 

Hvis målet ditt er generell studiekompetanse, må du ha fullført og bestått vitnemål fra 3-årig videregående skole på studieforberedende utdanningsprogram. Det finnes også andre måter å få generell studiekompetanse på. 

Oppmelding gjør du her: https://privatist.inschool.visma.no/

Denne responsen er KI-generert og kan inneholde feil.  
Denne informasjonen gjelder privatisteksamen. Les mer på www.telemarkfylke.no"
cthr_6a71e8e5a66c81978a240596092f28b0017daa65d9510c65,2026-08-04 13:28,Eksamen for produksjonstekniker,Hei jeg i december er 5 år siden jeg har jobbet i produksjon og jeg vil ta eksamen som produksjontekniker,"Ja, det kan være aktuelt for deg å ta eksamen som praksiskandidat.

For praksiskandidater er kravet:
- minst 5 års praksis i faget
- bestått skriftlig teoretisk vg3-eksamen 

En praksiskandidat er en voksen som har jobbet i 5 år eller mer og vil ta fag- eller svennebrev uten å være elev eller lærling. Du må selv melde deg opp til skriftlig tverrfaglig eksamen. Hvis du også vil ta den praktiske delen av fagprøven, må du ta kontakt med fagopplæring.  

Du melder deg opp her:
https://privatist.inschool.visma.no/ 

Denne responsen er KI-generert og kan inneholde feil. Denne informasjonen gjelder privatisteksamen. Les mer på www.telemarkfylke.no"
cthr_6a72ee2737ac8195beed6ac89026c6c70c14e27542a82e2f,2026-08-05 08:02,Påmelding eksamen høsten 2026,når kan jeg melde meg opp til eksamen høsten 2026?,"Du kan melde deg opp til høsteksamen 2026 fra 1. september til 15. september. Oppmeldingen stenger klokken 23:55. Du må også betale innen fristen for at oppmeldingen skal være gyldig. 

Meld deg opp her:
https://privatist.inschool.visma.no/

Denne responsen er KI-generert og kan inneholde feil. Denne informasjonen gjelder privatisteksamen. Les mer på www.telemarkfylke.no"
cthr_6a72ee2737ac8195beed6ac89026c6c70c14e27542a82e2f,2026-08-05 08:13,Påmelding eksamen høsten 2026,Når får jeg karakter på eksamen tatt høsten 2026?,"For høsteksamen får du vanligvis:

- skriftlig karakter ca. 6. januar i Privatistportalen 
- muntlig, muntlig-praktisk og praktisk karakter kort tid etter eksamensdagen i Privatistportalen 

Forsinkelser kan forekomme. 

Denne responsen er KI-generert og kan inneholde feil. Denne informasjonen gjelder privatisteksamen. Les mer på www.telemarkfylke.no"
cthr_6a74f4f5a5188197a8d084003087ddb70aa5f9735a8d88aa,2026-08-06 20:56,Kjemi og biologi eksamenskostnader,hvor mye koster det totalt for kjemi 1 og 2 eksamen og biologi 1?,"Hvis du tar kjemi 1, kjemi 2 og biologi 1 som privatisteksamen, er prisen per eksamen 1 403 kroner hvis du ikke har karakter i faget fra før, eller hvis du ikke har bestått. 

For realfag på nivå 2 betales det to eksamensavgifter per fag: skriftlig og muntlig-praktisk. 

Da blir totalen for 3 fag:

- 6 eksamensavgifter × 1 403 kr = 8 418 kr  

Hvis du allerede har bestått fagene og vil forbedre karakterene, blir totalen:

- 6 eksamensavgifter × 2 804 kr = 16 824 kr  

Denne responsen er KI-generert og kan inneholde feil. Denne informasjonen gjelder privatisteksamen. Les mer på www.telemarkfylke.no"
cthr_6a789de63f70819581e78a110d80315f0227924f70aedf38,2026-08-09 15:33,Veiledning til norsk studiespesialisering,"hvordan vet jeg hva jeg skal øve på? Skal melde meg opp til norsk studiespes nå i høst, og sliter med å lage en oversikt over hva som er viktig","Det viktigste er å ta utgangspunkt i læreplanen i norsk. Det er kompetansemålene som viser hva du må kunne, og det er dette du blir vurdert etter på eksamen 

For å lage en enkel oversikt kan du gjøre slik:
- finn læreplanen i norsk
- skriv ned alle kompetansemålene
- del dem inn i små temaer
- kryss av for det du kan, og marker det du må øve mer på

I norsk som privatist må du regne med tre deler: norsk hovedmål, norsk sidemål og norsk muntlig   
Hvis du skal ta muntlig, kan alle kompetansemål bli trukket inn i samtalen. Du får et tema eller en problemstilling i forberedelsen, og må vise både bredde og dybde i faget 

Det er ikke krav om bestemte lærebøker. Du kan bruke annet lærestoff, og du kan også finne stoff på NDLA 

Ved oppmelding bruker du Privatistportalen:
https://privatist.inschool.visma.no/

Ulike fag kan ha ulike retningslinjer for gjennomføring av eksamen. Sjekk alltid UDIR

Denne responsen er KI-generert og kan inneholde feil. Denne informasjonen gjelder privatisteksamen. Les mer på www.telemarkfylke.no"
cthr_6a78b1bac6c48193af6ecade10bb39d50bdbe6927d5bc249,2026-08-09 16:58,Praktisk prøve i renhold,Hei hvor kan melde meg til praktisk prøve i renhold ?,"Hvis du mener den praktiske delen av fagprøven i renhold, må du ta kontakt med fagopplæring. For skriftlig tverrfaglig eksamen melder du deg opp selv i privatistportalen. 

Oppmelding til eksamen: https://privatist.inschool.visma.no/

Denne responsen er KI-generert og kan inneholde feil. Denne informasjonen gjelder privatisteksamen. Les mer på www.telemarkfylke.no"
cthr_6a78cf9727588195937dcdf6c974580908d0578f68205b00,2026-08-09 19:05,Planlegge høstens eksamener,EKSAMENSDATO HØST,"Høsteksamen for privatisteksamen er i perioden november–desember 

For skriftlig eksamen ser du eksamensdato i Privatistportalen når du melder deg opp. Der finner du også informasjon om sted 

For muntlig og muntlig-praktisk eksamen blir dato og sted publisert i Privatistportalen ca. 1. november 

Denne responsen er KI-generert og kan inneholde feil. Denne informasjonen gjelder privatisteksamen. Les mer på www.telemarkfylke.no"
cthr_6a78e000862481948da999338e3d088f0e5a568740a06d9b,2026-08-09 20:16,Skriftlig eller muntlig eksamen,Hvilke fag krever skriftlig eksamen og hvilke fag krever mutlig?,"Det varierer fra fag til fag.

Dette kommer tydelig fram:

- Språkfag: Du må ha både skriftlig og muntlig eksamen for å få faget godkjent  
- Norsk: Du må ha norsk hovedmål, norsk sidemål og norsk muntlig 
- Realfag nivå 2: fysikk 2, kjemi 2, biologi 2, informasjonsteknologi 2, teknologi og forskningslære 2 og geofag 2 har både skriftlig og muntlig-praktisk eksamen  

Jeg finner ikke en fullstendig liste over alle fag med bare skriftlig eller bare muntlig. Ulike fag kan ha ulike retningslinjer for gjennomføring av eksamen. Sjekk alltid UDIR.

Denne responsen er KI-generert og kan inneholde feil. Denne informasjonen gjelder privatisteksamen. Les mer på www.telemarkfylke.no"
cthr_6a79808d85108197947785c6f8a4e35808637a5461da68f0,2026-08-10 07:41,Hjelp med eksamensregistrering,Vet du hvordan jeg registere for eksamen ?,"Ja. Du registrerer deg i Privatistportalen via ID-porten. Der velger du fagene du vil melde deg opp i, og betaler eksamensavgiften. Oppmeldingen er først gyldig når du har betalt 

Lenke til oppmelding: https://privatist.inschool.visma.no/

Oppmeldingsfrister:
- Høsteksamen: 1. september til 15. september
- Våreksamen: 15. januar til 1. februar 

Denne responsen er KI-generert og kan inneholde feil. Denne informasjonen gjelder privatisteksamen. Les mer på www.telemarkfylke.no"
cthr_6a79d5105be08193a9973d1026d5f3f10090de6a3c0a7702,2026-08-10 13:41,Privatist påmelding veiledning,Hvor melder jeg meg til privatist fag,"Du melder deg opp i Privatistportalen. Du logger inn med ID-porten, velger fagene du vil ta, og betaler eksamensavgiften der. Oppmeldingen er ikke gyldig før du har betalt. 

Her melder du deg opp:
https://privatist.inschool.visma.no/

Denne responsen er KI-generert og kan inneholde feil. Denne informasjonen gjelder privatisteksamen. Les mer på www.telemarkfylke.no"
cthr_6a7b3199d48c81939200f6b43a5ba29c09be588d1fd4e0aa,2026-08-11 14:28,Veiledning for fagvalg,Hvordan vet jeg hvilke fag jeg skal ta?,"Du må selv finne ut hvilke fag du trenger, og du er selv ansvarlig for å melde deg opp i riktig fagkode. 

Hvis du er usikker, kan du spørre skolen du går eller har gått på. For generell studiekompetanse finnes det også mer informasjon hos Samordna opptak. 

Når du vet hvilke fag du skal ta, melder du deg opp her:
https://privatist.inschool.visma.no/ 

Denne responsen er KI-generert og kan inneholde feil. Denne informasjonen gjelder privatisteksamen. Les mer på www.telemarkfylke.no"
cthr_6a7d7c7e51d08197bc8b098c51a368e4028a55544c3150eb,2026-08-13 08:12,Tysk eksamen muntlig eller skriftlig,"Forrige gang jeg tokk tysk som privatist besto jeg muntlig, men ikke skriftlig eksamen. Betyr det at hvis jeg melder meg opp nå så har jeg bare skriftlig eksamen","Det kan være ja.

For språkfag må du som privatist ha både muntlig og skriftlig karakter for å få faget godkjent. I språkfag der elever får to separate standpunktkarakterer, én muntlig og én skriftlig, kan du melde deg opp i bare én del  

Så hvis tyskfaget ditt er et slikt fag, kan du melde deg opp bare til skriftlig eksamen.

Ulike fag kan ha ulike retningslinjer for gjennomføring av eksamen. Sjekk alltid UDIR

Oppmelding gjør du her:
https://privatist.inschool.visma.no/

Denne responsen er KI-generert og kan inneholde feil. Denne informasjonen gjelder privatisteksamen. Les mer på www.telemarkfylke.no"
cthr_6a7d7c7e51d08197bc8b098c51a368e4028a55544c3150eb,2026-08-13 08:16,Tysk eksamen muntlig eller skriftlig,Hvor finner jeg karakterene jeg fikk på mine forrige eksamener som privatist,"Du finner karakterene dine i Privatistportalen. For skriftlig eksamen ligger de under det aktuelle faget, og for muntlig, muntlig-praktisk og praktisk eksamen blir de lagt inn der så snart de er registrert 

Du kan også se karakterene dine på vigo.no når de er overført dit 

Denne responsen er KI-generert og kan inneholde feil. Denne informasjonen gjelder privatisteksamen. Les mer på www.telemarkfylke.no"
cthr_6a7d7c7e51d08197bc8b098c51a368e4028a55544c3150eb,2026-08-13 08:18,Tysk eksamen muntlig eller skriftlig,Hvorfan melder jeg meg bare opp til tysk skriftlig 1+11,"Hvis tyskfaget ditt har egen skriftlig og muntlig del, kan du som privatist velge å melde deg opp i bare én del, for eksempel skriftlig 

Slik gjør du det:
1. Logg inn i Privatistportalen med ID-porten   
2. Registrer faget du vil melde deg opp i   
3. Betal eksamensavgiften i portalen. Oppmeldingen er ikke gyldig før du har betalt 

Du må selv passe på at du velger riktig fagkode 

Oppmelding gjør du her:
https://privatist.inschool.visma.no/

Ulike fag kan ha ulike retningslinjer for gjennomføring av eksamen. Sjekk alltid UDIR

Denne responsen er KI-generert og kan inneholde feil. Denne informasjonen gjelder privatisteksamen. Les mer på www.telemarkfylke.no"
cthr_6a7da21da2908197a364eaf8aad4a818086e8c97359ef07c,2026-08-13 10:53,Privatist påmelding veiledning,Hvordan melder jeg meg opp som privatist,"Du melder deg opp i Privatistportalen via ID-porten. Der registrerer du fagene du vil ta, og betaler eksamensavgiften i portalen. Oppmeldingen er ikke gyldig før du har betalt 

Privatistportalen:
https://privatist.inschool.visma.no/

Frister for oppmelding er:
- høsteksamen: 1. september til 15. september kl. 23:55
- våreksamen: 15. januar til 1. februar kl. 23:55 

Denne responsen er KI-generert og kan inneholde feil. Denne informasjonen gjelder privatisteksamen. Les mer på www.telemarkfylke.no"
cthr_6a7dbd7b352c81969e563712deb7521100e3b5d601e66474,2026-08-13 12:50,Når blir klagevurdering gjort,når faller sensuren for klage på eksamen fra vår,"For klage på våreksamen finner du svar i Privatistportalen fra 10. september 

Hvis du har levert hurtigklage i fag som kan behandles raskt, finner du svar i løpet av uke 26 

Denne responsen er KI-generert og kan inneholde feil. Denne informasjonen gjelder privatisteksamen. Les mer på www.telemarkfylke.no"
cthr_6a7dd45736b08197880ac97581dda8bf06b366e4a4582691,2026-08-13 14:27,Bøker til 2P Y matte,hvilke bøker er relevant til matematikk 2p-y eksamen,"Det er ikke krav om bestemte bøker til matematikk 2P-Y som privatist. 

Det viktigste er at du følger læreplanen i faget, siden det er kompetansemålene du blir vurdert etter på eksamen. 

Du kan:
- spørre en videregående skole som tilbyr faget om tips til bøker 
- bruke NDLA for aktuelt lærestoff 

Ulike fag kan ha ulike retningslinjer for gjennomføring av eksamen. Sjekk alltid UDIR

Denne responsen er KI-generert og kan inneholde feil. Denne informasjonen gjelder privatisteksamen. Les mer på www.telemarkfylke.no"
cthr_6a7ea133d9888196a3815eee9fdf92340749c4aa476b9352,2026-08-14 05:01,Eksamensdatoer høsten 2026,hvilke eksamner arrangeres hvilke dager høsten 2026,"Beklager, jeg finner ikke en full oversikt over hvilke eksamener som går på hvilke dager høsten 2026.

Det jeg kan si, er at høsteksamen arrangeres i perioden november–desember. Skriftlige eksamensdatoer vises når du melder deg opp i Privatistportalen, og muntlig og muntlig-praktisk eksamen publiseres der ca. 1. november.  

Logg inn her for å se eksamensdatoene dine:
https://privatist.inschool.visma.no/

Denne responsen er KI-generert og kan inneholde feil. Denne informasjonen gjelder privatisteksamen. Les mer på www.telemarkfylke.no"
cthr_6a82c79f15188194ab9afa1a66be93880fe657c25f294523,2026-08-17 08:34,Pensum for ernæringskokk,hvor finner jeg pensum til ernerings kokke faget,"Du finner pensum ved å se på læreplanen i faget. Det er kompetansemålene som viser hva du må kunne til eksamen 

Det er ikke krav om bestemte lærebøker. Du kan kontakte en videregående skole som tilbyr faget for tips om bøker. Du kan også bruke NDLA som lærestoff 

Ulike fag kan ha ulike retningslinjer for gjennomføring av eksamen. Sjekk alltid UDIR

Denne responsen er KI-generert og kan inneholde feil. Denne informasjonen gjelder privatisteksamen. Les mer på www.telemarkfylke.no"
cthr_6a82dac031888197b75f897bae2c8fc808ff41354ad9f7c9,2026-08-17 09:56,Eksamen i samfunnskunnskap og geografi,jeg vil ta eksamen i samfunnskunnskap og geografi,"Du kan melde deg opp som privatist i samfunnskunnskap og geografi. Du melder deg opp i privatistportalen, registrerer fagene og betaler der. Oppmeldingen er ikke gyldig før du har betalt 

Oppmelding:
https://privatist.inschool.visma.no/

Frister for oppmelding er:
- høsteksamen: 1. september–15. september
- våreksamen: 15. januar–1. februar 

Du må selv melde deg opp i riktig fagkode og sette deg inn i læreplanen for fagene  

Ulike fag kan ha ulike retningslinjer for gjennomføring av eksamen. Sjekk alltid UDIR.

Denne responsen er KI-generert og kan inneholde feil. Denne informasjonen gjelder privatisteksamen. Les mer på www.telemarkfylke.no"
cthr_6a82dac031888197b75f897bae2c8fc808ff41354ad9f7c9,2026-08-17 09:57,Eksamen i samfunnskunnskap og geografi,når er eksamen i høst da,"Høsteksamen er i november–desember 

Datoer for skriftlige fag finner du i privatistportalen når du melder deg opp. Eksamensdato og sted for muntlig og muntlig-praktisk eksamen publiseres i privatistportalen ca. 1. november 

Oppmelding:
https://privatist.inschool.visma.no/

Denne responsen er KI-generert og kan inneholde feil. Denne informasjonen gjelder privatisteksamen. Les mer på www.telemarkfylke.no"
cthr_6a82dff1105c819089f2f2bea85950f7000f1e1e29b518f6,2026-08-17 10:18,Frist for oppmelding,oppmeldingsfrist,"Oppmeldingsfristen er:  
- Høsteksamen: 1. september til 15. september kl. 23:55   
- Våreksamen: 15. januar til 1. februar kl. 23:55   

Du melder deg opp her: https://privatist.inschool.visma.no/

Denne responsen er KI-generert og kan inneholde feil. Denne informasjonen gjelder privatisteksamen. Les mer på www.telemarkfylke.no"
cthr_6a8419b49f908193a11b6934021406cf08b179834752f986,2026-08-18 08:37,IT1 muntlig eksamensforløp,hvordan vil en IT1 eksamen foregå når den et muntlig praktisk,"Jeg finner ikke sikker informasjon om IT1 spesielt, men hvis eksamen din er muntlig-praktisk, foregår den slik: 

- Du får et tema eller en problemstilling 45 minutter før eksamen. 
- Selve eksamen varer inntil 45 minutter. 
- Du kan velge å starte med en kort presentasjon, eller gå rett til fagsamtale. Hvis du har presentasjon, kan den vare maks 1/3 av tiden. 
- Det skal være en eller flere praktiske øvelser i eksamen. 
- Du vil også få spørsmål i en fagsamtale, og alle kompetansemål kan bli brukt. 

Muntlig og muntlig-praktisk eksamen arrangeres hovedsakelig på Skien videregående skole. Eksakt dato og sted finner du i privatistportalen: https://privatist.inschool.visma.no/ 

Ulike fag kan ha ulike retningslinjer for gjennomføring av eksamen. Sjekk alltid UDIR.

Denne responsen er KI-generert og kan inneholde feil. Denne informasjonen gjelder privatisteksamen. Les mer på www.telemarkfylke.no"
cthr_6a842e1d08fc81959ed0ed78e73de5cf0caa546c6ec04516,2026-08-18 10:04,Eksamen påmeldingsveiledning,hvor melder man opp til eksamen,"Du melder deg opp i Privatistportalen. Du logger inn via ID-porten, velger fag og betaler eksamensavgiften der. Oppmeldingen er først gyldig når du har betalt 

Lenke til oppmelding:
https://privatist.inschool.visma.no/

Denne responsen er KI-generert og kan inneholde feil. Denne informasjonen gjelder privatisteksamen. Les mer på www.telemarkfylke.no"
cthr_6a842e1d08fc81959ed0ed78e73de5cf0caa546c6ec04516,2026-08-18 10:11,Eksamen påmeldingsveiledning,får ikke meldt opp på privat eksamen?,"Det kan være flere grunner:

- Oppmelding er bare åpen i bestemte perioder: 15. januar–1. februar for våreksamen, og 1. september–15. september for høsteksamen 
- Det anbefales å bruke Chrome eller Edge, og ikke mobiltelefon, når du melder deg opp 
- Du kan ikke melde deg opp i flere fylker i samme eksamensperiode 

Du melder deg opp her:
https://privatist.inschool.visma.no/

Denne responsen er KI-generert og kan inneholde feil. Denne informasjonen gjelder privatisteksamen. Les mer på www.telemarkfylke.no"
cthr_6a843726ec688194ac0eb35d79f330000149030b0f0901af,2026-08-18 10:42,Salg fagbrev veiledning,fagbrev i salg,"Hvis du mener fagbrev i salg som praksiskandidat, gjelder dette:

- Du må ha minst 5 års praksis i faget. I noen fag er kravet 5,5 år. 
- Du må bestå skriftlig teoretisk vg3-eksamen. 
- Eksamen er heldigital, og du må ha med egen PC. 
- For den praktiske delen av fagprøven må du ta kontakt med fagopplæring. 

Oppmelding til skriftlig eksamen gjør du her:
https://privatist.inschool.visma.no/ 

Denne responsen er KI-generert og kan inneholde feil. Denne informasjonen gjelder privatisteksamen. Les mer på www.telemarkfylke.no"
cthr_6a84518496dc8193926e714f40d418460138f8d3149d10c5,2026-08-18 12:35,Kjemi 1 eksamensdato,når er kjemi 1 eksamen,"Jeg finner ikke en egen dato for Kjemi 1 her. Privatisteksamen arrangeres i periodene april–juni for våreksamen og november–desember for høsteksamen. For skriftlig eksamen er datoen oppgitt når du melder deg opp i Privatistportalen, og sted publiseres ca. 1. april eller 1. november  

Privatistportalen: https://privatist.inschool.visma.no/

Denne responsen er KI-generert og kan inneholde feil. Denne informasjonen gjelder privatisteksamen. Les mer på www.telemarkfylke.no"
cthr_6a8559b3af3c8197b880144965d7f4100003e6ddd3e74544,2026-08-19 07:22,Dato for eksamen,Når er eksamen?,"Privatisteksamen arrangeres to ganger i året: høsteksamen i november–desember og våreksamen i april–juni. 

Skriftlig eksamensdato står i Privatistportalen når du melder deg opp. Muntlig og muntlig-praktisk eksamen publiseres ca. 1. november for høsteksamen og ca. 1. april for våreksamen. 

Denne responsen er KI-generert og kan inneholde feil. Denne informasjonen gjelder privatisteksamen. Les mer på www.telemarkfylke.no."
cthr_6a858f46111081939c0dd08fa4e5693d05807336790213df,2026-08-19 11:11,Slik registrerer du deg,hvordan melder jeg meg opp,"Du melder deg opp i Privatistportalen via ID-porten. Der registrerer du fagene du vil ta og betaler eksamensavgiften. Oppmeldingen er først gyldig når betalingen er gjennomført. 

Logg inn her:
https://privatist.inschool.visma.no/

Oppmeldingsfrister er:
- høsteksamen: 1. september–15. september
- våreksamen: 15. januar–1. februar 

Det anbefales å bruke Chrome eller Edge, og ikke mobiltelefon, når du melder deg opp. 

Denne responsen er KI-generert og kan inneholde feil. Denne informasjonen gjelder privatisteksamen. Les mer på www.telemarkfylke.no"
cthr_6a85e21391848190a377443e4376e6730cb6c9eaea0cacf0,2026-08-19 17:04,Registrering og veiledning,melde opp,"Du melder deg opp i Privatistportalen med ID-porten. Der registrerer du fagene du vil ta, og betaler eksamensavgiften. Oppmeldingen er først gyldig når du har betalt 

Oppmelding:
https://privatist.inschool.visma.no/

Frister:
- Høsteksamen: 1. september–15. september kl. 23.55
- Våreksamen: 15. januar–1. februar kl. 23.55 

Denne responsen er KI-generert og kan inneholde feil. Denne informasjonen gjelder privatisteksamen. Les mer på www.telemarkfylke.no"
cthr_6a86105e79608190af162599dd07f1ce03ded1784d098382,2026-08-19 20:21,Eksamensordliste veiledning,Hva slags ordliste kan man bruke på skriftlig eksamen,"Beklager, jeg finner ikke sikker informasjon om akkurat hvilken ordliste du kan bruke på skriftlig eksamen.

Det står at tillatte hjelpemidler må sjekkes nærmere, og at noen fag har egne regler. I fag med sikker nettleser kan du fortsatt ha med fysiske bøker, notater og oppslagsverk, men du får ikke tilgang til det som er lagret på PC-en 

Ulike fag kan ha ulike retningslinjer for gjennomføring av eksamen. Sjekk alltid UDIR.

Denne responsen er KI-generert og kan inneholde feil. Denne informasjonen gjelder privatisteksamen. Les mer på www.telemarkfylke.no"
cthr_6a86105e79608190af162599dd07f1ce03ded1784d098382,2026-08-19 20:22,Eksamensordliste veiledning,Norsk kort botid. Hvilke hjelpemidler er tillatt i norsk eksamen skrifltig,"Beklager, jeg finner ikke sikker informasjon om nøyaktig hvilke hjelpemidler som er tillatt på skriftlig eksamen i norsk for kort botid.

Det som er sikkert, er at hjelpemidler kan variere fra fag til fag, og at du må sjekke fagkoden din på kandidat.udir.no. Der kan du legge inn fagkode og trykke på «se info» for å finne hva som gjelder for eksamen din 

Hvis eksamen gjennomføres i sikker nettleser, får du bare tilgang til digitale hjelpemidler som ligger i selve oppgavesettet. Du kan fortsatt ha med fysiske bøker, notater og oppslagsverk, men du får ikke tilgang til noe som er lagret på PC-en 

Ulike fag kan ha ulike retningslinjer for gjennomføring av eksamen. Sjekk alltid UDIR.  
kandidat.udir.no

Denne responsen er KI-generert og kan inneholde feil. Denne informasjonen gjelder privatisteksamen. Les mer på www.telemarkfylke.no."
cthr_6a86a7d2261c8195b5e7ca689098d8aa09b703269be681a0,2026-08-20 07:08,Finne UDIR kandidat,Hvor finner jeg kandidat udir,"Du finner det her: kandidat.udir.no 

Der logger du inn ved eksamensstart. Du kan også se eksamensbesvarelsen din der dagen etter eksamen.  

Denne responsen er KI-generert og kan inneholde feil. Denne informasjonen gjelder privatisteksamen. Les mer på www.telemarkfylke.no"
cthr_6a86d3695674819498df8a066ae2888802254759857b32f2,2026-08-20 10:14,Slik bestiller du kompetansebevis,hvordan bestille kompetansebevis,"Du bestiller kompetansebevis i et digitalt skjema. Alle har rett til å få dokumentert eksamensresultater fra privatisteksamen. Ordinær behandlingstid er inntil 3 uker. 

Hvis du trenger et kompetansebevis med fag du har tatt som privatist, skal du bestille kompetansebevis. Hvis du heller vil få privatistkarakterer ført inn på et vitnemål du allerede har, må du bestille nytt vitnemål. 

Du bør også først sjekke om du allerede har dokumentene dine. Har du fullført norsk videregående skole i 2000 eller senere, kan du også ha elektronisk vitnemål. 

Denne responsen er KI-generert og kan inneholde feil. Denne informasjonen gjelder privatisteksamen. Les mer på www.telemarkfylke.no"
cthr_6a86e588c92c819789d85f2a989077b303f22efe608e6c78,2026-08-20 11:31,Forberedelse til apotektekniker eksamen,eksamen til apotektekniker,"Hvis du mener privatisteksamen for apotektekniker som praksiskandidat:

- Du må selv melde deg opp til skriftlig tverrfaglig vg3-eksamen.
- For å melde deg opp til fagprøve er kravet vanligvis fem års praksis i faget, og bestått skriftlig teoretisk vg3-eksamen.  
- Den praktiske delen av fagprøven meldes ikke opp samme sted. Da må du ta kontakt med fagopplæring. 
- Oppmelding til eksamen gjør du her: https://privatist.inschool.visma.no/ 

Hvis du lurer på gjennomføring i selve apotekteknikerfaget: Ulike fag kan ha ulike retningslinjer for gjennomføring av eksamen. Sjekk alltid UDIR.

Denne responsen er KI-generert og kan inneholde feil. Denne informasjonen gjelder privatisteksamen. Les mer på www.telemarkfylke.no."
cthr_6a87092320908197adabc2043a54a7250de288e16e356347,2026-08-20 14:03,Vägledning inför apotekstekniker examen,praktisk eksamen apotektekniker,"Praktisk eksamen i apotektekniker følger de vanlige rammene for praktisk privatisteksamen. Du får som hovedregel 24 timers forberedelsestid, og selve eksamen varer inntil 5 timer inkludert vurdering. Du skal gjennomføre et planlagt arbeid som ender i et produkt eller et utført oppdrag. Det er arbeidet du gjør på eksamensdagen som blir vurdert. 

Eksamensdato og sted blir publisert fortløpende i privatistportalen. For de fleste holdes praktisk eksamen ved en videregående skole i fylket. Du kan ikke bytte dato, tid eller sted. 

Ulike fag kan ha ulike retningslinjer for gjennomføring av eksamen. Sjekk alltid UDIR.

Oppmelding og informasjon om eksamen finner du her:
https://privatist.inschool.visma.no/

Denne responsen er KI-generert og kan inneholde feil. Denne informasjonen gjelder privatisteksamen. Les mer på www.telemarkfylke.no"
cthr_6a87092320908197adabc2043a54a7250de288e16e356347,2026-08-20 14:07,Vägledning inför apotekstekniker examen,hva heter eksamen,"Beklager, jeg finner ikke sikker informasjon om hva eksamen i apotektekniker heter.

Du må selv melde deg opp i riktig fagkode. Hvis du er usikker på hvilket fag du skal velge, bør du sjekke Privatistportalen. 

Oppmelding finner du her:
https://privatist.inschool.visma.no/

Denne responsen er KI-generert og kan inneholde feil. Denne informasjonen gjelder privatisteksamen. Les mer på www.telemarkfylke.no"
cthr_6a875382b6ac819089f50720af92d3090d0f4679afa28adb,2026-08-20 19:20,Forberedelser til kjemi muntlig,hvordan foregår muntlig eksamen kemi 1?,"I kjemi gjennomføres eksamen som muntlig-praktisk. 

Slik foregår den:
- Du får et tema eller en problemstilling 45 minutter før eksamen. 
- Selve eksamen varer i inntil 45 minutter. 
- Du kan velge å starte med en kort presentasjon, eller gå rett inn i fagsamtalen. Hvis du har presentasjon, kan den være maks 1/3 av eksamenstiden. 
- Det skal være en eller flere praktiske øvelser under eksamen. 
- I fagsamtalen kan du få spørsmål fra hele faget, slik at du får vist bredde og dybde i kompetansen din. 

For kjemi må du også være forberedt på å gjøre praktiske øvelser. Du kan ta med en oversikt, liste eller journal over øvelser du har gjennomført når du møter til forberedelsen. Som privatist må du selv sørge for å ha gjennomført øvelsene læreplanen krever. 

Ulike fag kan ha ulike retningslinjer for gjennomføring av eksamen. Sjekk alltid UDIR.

Denne responsen er KI-generert og kan inneholde feil. Denne informasjonen gjelder privatisteksamen. Les mer på www.telemarkfylke.no"
